case,label,category,generated,external_bits,choice_bits,nodes,sites,table_entries,assignments,feasible_worlds,flat_bytes,factor_bytes,compression_ratio,diagram_nodes,dispatch_bytes,dispatch_nodes,dispatch_trace_events,dispatch_semantic_steps,dispatch_diagram_steps,dispatch_invocations,dispatch_lookup_errors,dispatch_skipped,dispatch_infeasible,flat_checker_steps,factor_semantic_steps,factor_diagram_steps,missing_target_witnesses,witness_selected_total,witness_selected_max,alternative_witness_pairs,string_set_extra_targets,constant_extra_targets,flat_producer_cpu_seconds,flat_checker_cpu_seconds,factor_producer_cpu_seconds,factor_checker_cpu_seconds,dispatch_transformer_cpu_seconds,dispatch_checker_cpu_seconds
F01,constant lookup,fixture,False,0,0,6,1,2,1,1,615,878,0.7004555808656037,7,484,1,1,6,1,1,0,0,0,7,7,8,2,0,0,0,0,0,0.00013633599999995916,0.00014503700000001452,0.00011697599999993535,0.00012922699999995402,7.49090000000674e-05,0.00026073699999984434
F02,concatenated method,fixture,False,0,0,9,1,1,1,1,706,1059,0.6666666666666666,10,546,1,1,9,1,1,0,0,0,10,10,11,2,0,0,0,0,0,8.932800000005514e-05,0.00011101300000015968,0.00012378899999987425,0.00024847500000002576,7.59589999999033e-05,7.322400000009388e-05
F03,branch through alias,fixture,False,1,0,9,1,2,2,2,935,1276,0.7327586206896551,12,672,3,2,18,4,2,0,0,0,20,20,30,2,2,1,0,0,0,0.00022976499999982636,0.00018937100000004925,0.00018544299999989633,0.0002286490000000807,0.00011361400000020616,0.00010810499999980294
F04,joint class-method correlation,fixture,False,1,0,10,1,4,2,2,1008,1420,0.7098591549295775,14,737,3,2,20,4,2,0,0,0,22,22,32,2,2,1,0,2,2,0.00012947600000012827,0.0007024300000000316,0.00021187399999988976,0.0002240500000001422,0.0006995139999999012,0.00012971199999989302
F05,typed equality,fixture,False,1,0,10,1,2,2,2,976,1348,0.7240356083086054,13,698,3,2,20,4,2,0,0,0,22,22,32,2,2,1,0,0,0,0.00017734599999985612,0.00021044600000008629,0.00020977999999982622,0.0002811339999999607,0.00011165300000004486,0.00011379800000010931
F06,incomparable sufficient observations,fixture,False,2,0,10,1,2,4,2,1243,1596,0.7788220551378446,18,843,6,4,40,12,2,0,0,2,42,44,84,2,2,1,1,0,0,0.00015843299999995786,0.00020665900000005344,0.0002951540000000197,0.0007112670000000154,0.00014062199999997915,0.000149495000000055
F07,one-deletion minimality trap,fixture,False,3,0,16,1,2,8,3,2334,2264,1.0309187279151943,27,1139,9,8,128,30,3,0,0,5,131,136,296,2,2,1,1,0,0,0.00019517499999999188,0.0003089619999998572,0.0006911819999999569,0.0007273059999999276,0.00021738000000004476,0.00022271299999987448
F08,choice permutation preserves target sets,fixture,False,1,1,10,1,2,4,2,1388,1696,0.8183962264150944,19,791,5,4,40,12,4,0,0,0,44,44,80,2,0,0,0,0,0,0.0001580469999999945,0.0002567760000000696,0.00030341300000014115,0.0003318379999999177,0.000146160999999978,0.0001560500000001852
F09,internal nondeterminism only,fixture,False,0,1,8,1,2,2,1,889,1236,0.7192556634304207,12,646,3,2,16,4,2,0,0,0,18,18,26,2,0,0,0,0,0,0.00015566099999997363,0.00014566100000013016,0.00016954899999999107,0.00027626499999988674,0.00012831300000004653,9.94789999999579e-05
F10,loader identity,fixture,False,1,0,9,1,2,2,2,934,1308,0.7140672782874617,13,671,3,2,18,4,2,0,0,0,20,20,28,2,2,1,0,0,0,0.00015189499999990197,0.0001795669999999916,0.00017720100000007122,0.00019822599999996804,0.000144455999999904,0.00012750799999983187
F11,signature identity,fixture,False,1,0,9,1,2,2,2,947,1316,0.7196048632218845,13,674,3,2,18,4,2,0,0,0,20,20,28,2,2,1,0,0,0,0.00017784399999998257,0.00014897199999985844,0.0001748529999998638,0.00026497500000011165,0.00010745100000009167,0.00010171000000003261
F12,lookup error is not a target,fixture,False,1,0,8,1,1,2,2,851,1198,0.7103505843071787,12,647,3,2,16,4,1,1,0,0,18,18,26,2,2,1,0,0,0,0.00011876900000018509,0.00013320199999999893,0.00020388599999998647,0.0001804130000000459,9.21619999998402e-05,9.38159999999133e-05
F13,guarded skipped site,fixture,False,1,0,7,1,2,2,2,804,1113,0.7223719676549866,11,608,3,2,14,4,1,0,1,0,16,16,22,2,2,1,0,0,0,0.0001246959999998687,0.00018554800000014637,0.00016470400000012653,0.000187591000000209,0.00011879400000003315,8.279400000010817e-05
F14,infeasible world excluded,fixture,False,1,0,8,1,2,2,1,795,1162,0.6841652323580034,12,639,3,2,16,4,1,0,0,1,17,18,28,2,0,0,0,1,1,0.0001289869999998583,0.00020423300000005362,0.00020211800000002889,0.00017305699999980995,9.192600000007545e-05,9.044699999982697e-05
F15,empty feasible world family,fixture,False,0,0,7,1,2,1,0,515,828,0.6219806763285024,8,504,1,1,7,1,0,0,0,1,7,8,9,0,0,0,0,0,0,7.065500000003055e-05,7.866600000006052e-05,0.0001057349999999957,0.0001067389999998003,5.770599999999071e-05,5.661899999997999e-05
F16,syntactic but not semantic dependency,fixture,False,1,0,8,1,2,2,2,900,1088,0.8272058823529411,9,545,1,2,16,2,2,0,0,0,18,18,22,2,0,0,0,0,0,0.0001030499999998824,0.00022938700000008083,0.00014915500000012294,0.00017586700000005173,8.10310000001202e-05,8.401200000007769e-05
F17,48-byte boundary,fixture,False,0,0,9,1,1,1,1,1058,1411,0.7498228206945429,10,634,1,1,9,1,1,0,0,0,10,10,11,2,0,0,0,0,0,9.1591000000113e-05,0.00011118399999987538,0.00017150500000018276,0.00014214200000006727,7.458400000004417e-05,0.00010855900000006358
F18,noncommutative concatenation,fixture,False,0,0,9,1,1,1,1,698,1051,0.6641294005708849,10,544,1,1,9,1,1,0,0,0,10,10,11,2,0,0,0,0,0,0.00026136999999981647,0.00010551300000005703,0.00011660400000002014,0.00017318499999996462,7.214299999991347e-05,7.221599999995831e-05
F19,two site-indexed outcomes,fixture,False,1,0,9,2,2,2,2,1166,1513,0.7706543291473893,14,777,4,4,18,8,4,0,0,0,22,22,34,4,4,1,0,0,0,0.0001789229999999975,0.00017758099999998223,0.00024125200000013614,0.00023955500000005792,0.00013346600000008202,0.0001319280000000589
F20,repeated variable correlation,fixture,False,1,0,9,1,4,2,2,985,1436,0.685933147632312,15,714,3,2,18,4,2,0,0,0,20,20,30,2,2,1,0,2,2,0.00011200700000002506,0.0001983670000000881,0.00018495699999987458,0.0002141529999999392,0.00018151499999996545,0.00011950100000013286
F21,method alias,fixture,False,1,0,10,1,2,2,2,968,1336,0.7245508982035929,13,697,3,2,20,4,2,0,0,0,22,22,32,2,2,1,0,0,0,0.0005064300000001687,0.00019186000000015468,0.00018572100000002756,0.00022706000000005666,0.00010752899999988408,0.0001033130000001048
F22,guard-name correlation,fixture,False,1,0,8,1,2,2,2,840,1187,0.7076663858466723,12,636,3,2,16,4,1,0,1,0,18,18,26,2,2,1,0,1,1,0.0001352340000000396,0.00013296200000012526,0.00016563700000005177,0.00017809299999993478,8.718599999979482e-05,0.00044004399999986177
F23,robust versus conditional target,fixture,False,1,1,10,1,2,4,2,1349,1525,0.8845901639344262,16,748,4,4,40,10,4,0,0,0,44,44,74,2,2,1,0,0,0,0.00011399900000008678,0.0003546379999999072,0.0003052340000000431,0.00029595099999979446,0.00013225999999999516,0.00013485599999984998
F24,bounded largest pilot probe,fixture,False,8,4,64,8,256,4096,256,3321733,121568,27.324073769413005,210,9141,25,32768,262144,425984,32768,0,0,0,294912,294912,2551808,16,0,0,0,0,2032,0.18789864699999992,0.6209208389999998,1.140451868,1.6805975219999998,0.3623189009999992,0.6716900959999998
G001,deterministic structured generated case,generated,True,4,0,22,1,17,16,16,7252,6073,1.1941379878149185,53,2930,31,16,352,80,16,0,0,0,368,368,576,2,8,4,0,0,1,0.0002908420000000689,0.0010786579999999546,0.0012579900000000421,0.0021691920000002085,0.0009036289999997393,0.0008787039999997859
G002,deterministic structured generated case,generated,True,4,0,22,2,4,16,16,6971,4026,1.7314952806756085,31,1421,8,32,352,90,15,0,17,0,384,384,644,4,6,2,1,1,1,0.0003600139999999641,0.0012437220000007798,0.0014300279999996945,0.001854839999999136,0.0004875750000001844,0.0005283379999996285
G003,deterministic structured generated case,generated,True,3,0,17,1,3,8,4,2646,2312,1.1444636678200693,26,1136,7,8,136,28,2,0,2,4,140,144,244,2,2,1,0,1,1,0.00016688399999953418,0.00040981799999961765,0.0007736270000000545,0.0006657389999995544,0.0002565799999993956,0.00022871100000010358
G004,deterministic structured generated case,generated,True,4,0,37,2,20,16,12,10006,7248,1.3805187637969094,70,3876,35,32,592,128,15,5,4,8,616,624,1072,4,14,4,1,7,28,0.0004032079999998217,0.002136056999999525,0.0019141300000002914,0.00312144300000039,0.001757837999999623,0.0017714459999993437
G005,deterministic structured generated case,generated,True,5,0,29,1,14,32,24,11958,6044,1.9784910655195236,53,2328,17,32,928,132,10,2,12,8,952,960,1652,2,8,4,0,8,8,0.0006089259999999541,0.0020397330000001546,0.003187746000000047,0.003698239000000214,0.0008338480000000814,0.0011246780000000456
G006,deterministic structured generated case,generated,True,6,0,41,2,10,64,32,28869,9470,3.048468848996832,85,3180,28,128,2624,608,36,12,16,64,2688,2752,5536,4,12,4,2,3,3,0.0008460149999995892,0.003780079000000214,0.008219222000000137,0.009590619999999994,0.002114854999999416,0.0031165619999997674
G007,deterministic structured generated case,generated,True,1,1,16,1,3,4,2,1907,1994,0.9563691073219659,19,930,3,4,64,8,4,0,0,0,68,68,92,2,0,0,0,0,0,0.00012976499999961533,0.00024455900000042163,0.0003008140000000381,0.00046430400000030403,0.00014810899999950777,0.0001675170000003945
G008,deterministic structured generated case,generated,True,2,1,31,2,11,8,2,3998,4000,0.9995,48,2111,12,16,248,44,3,1,4,8,256,264,428,4,4,1,0,7,11,0.0004830519999998728,0.0005376430000003651,0.0008158730000005221,0.0013090830000006548,0.0004504379999996644,0.0004970960000001412
G009,deterministic structured generated case,generated,True,3,1,28,1,7,16,4,6107,3661,1.6681234635345534,41,1836,12,16,448,56,4,0,4,8,456,464,776,2,4,2,1,2,3,0.0002558079999994689,0.0008477600000000862,0.0020365829999997587,0.0018675829999992288,0.0003368420000002814,0.0007033789999999485
G010,deterministic structured generated case,generated,True,4,1,35,2,10,32,12,14458,6224,2.322943444730077,63,2641,20,64,1120,240,30,10,8,16,1168,1184,2000,4,8,3,0,3,3,0.0007670210000005895,0.002660466000000028,0.0033112899999991896,0.005524109000000443,0.002026899000000526,0.002429246999999357
G011,deterministic structured generated case,generated,True,4,1,23,1,17,32,16,11956,6222,1.9215686274509804,54,2983,31,32,736,160,32,0,0,0,768,768,1216,2,8,4,0,0,1,0.0004541440000007668,0.0022151419999998367,0.0022559180000003565,0.004033334999999916,0.0021091590000006377,0.0016577130000001716
G012,deterministic structured generated case,generated,True,4,1,29,2,6,32,16,15487,5754,2.6915189433437607,43,1968,13,64,928,212,46,0,18,0,992,992,1672,4,6,2,1,0,0,0.0022006489999997214,0.001951764000000189,0.003080833999999477,0.004118602000000138,0.0014937809999997498,0.0021194480000001903
G013,deterministic structured generated case,generated,True,1,2,25,1,4,8,2,3357,3098,1.0836023240800516,38,1445,7,8,200,24,6,2,0,0,208,208,320,2,2,1,0,0,0,0.00018541299999963456,0.0004201439999995671,0.0006293550000000536,0.0008608060000003803,0.000789486999999589,0.00038708799999920274
G014,deterministic structured generated case,generated,True,2,2,35,2,14,16,2,7818,5288,1.4784417549167927,61,2905,24,32,560,108,8,0,8,16,576,592,940,4,4,1,0,5,13,0.00034554599999925273,0.0009766180000001512,0.001790244000000385,0.0031558420000008525,0.0006829110000001748,0.0014427750000001183
G015,deterministic structured generated case,generated,True,3,2,25,1,7,32,4,9763,3205,3.0461778471138845,35,1600,9,32,800,112,8,0,8,16,816,832,1392,2,2,1,1,4,5,0.0005297740000003159,0.0010333950000003256,0.0029947479999998805,0.0059734649999994005,0.0006266160000008014,0.000879573000000633
G016,deterministic structured generated case,generated,True,4,2,34,2,10,64,12,26392,6998,3.7713632466418976,68,3097,28,128,2176,512,60,20,16,32,2272,2304,3968,4,8,3,0,0,0,0.0014325230000000744,0.005468504999999624,0.00689146900000015,0.010673356999999939,0.002718769000000343,0.0034316849999997956
G017,deterministic structured generated case,generated,True,5,2,23,1,5,128,24,35858,4446,8.065227170490328,31,1405,7,128,2944,352,32,0,64,32,3040,3072,5152,2,4,2,0,2,2,0.0008435809999998156,0.0035882129999995627,0.008319657000000369,0.009787137000000001,0.0013434870000006427,0.002411803000000212
G018,deterministic structured generated case,generated,True,6,2,39,2,20,256,32,107848,11702,9.216202358571184,97,4807,54,512,9984,2560,168,24,64,256,10240,10496,20736,4,12,4,1,2,2,0.0022921560000002117,0.01848562999999981,0.032438701000000236,0.04155571299999927,0.010967496000000132,0.016198774999999443
G019,deterministic structured generated case,generated,True,1,0,15,1,3,2,2,1332,1845,0.7219512195121951,19,901,3,2,30,4,2,0,0,0,32,32,42,2,2,1,0,0,0,0.00013050200000019885,0.0001684280000002758,0.0005750690000008163,0.000425046000000151,0.00012643500000031338,0.00012103400000018638
G020,deterministic structured generated case,generated,True,2,0,26,2,6,4,2,2399,2811,0.8534329420135183,32,1495,6,8,104,18,1,0,3,4,108,112,166,2,2,1,0,4,4,0.00037039800000027157,0.000309028000000211,0.0008719939999997095,0.0005440629999995394,0.00021559400000015216,0.0002095049999999432
G021,deterministic structured generated case,generated,True,4,0,22,1,17,16,16,7367,6142,1.1994464343861935,53,2949,31,16,352,80,16,0,0,0,368,368,576,2,8,4,0,0,1,0.0004459479999994187,0.0012143719999997415,0.0015827809999997555,0.0019205009999998524,0.0010697189999993029,0.0009227639999993542
G022,deterministic structured generated case,generated,True,4,0,26,2,6,16,16,7840,4896,1.6013071895424837,42,1955,15,32,416,114,15,0,17,0,448,448,748,4,10,3,1,0,0,0.0002839480000007555,0.0007509880000000635,0.001392150999999231,0.0017972109999995212,0.0005653250000001719,0.000563195999999877
G023,deterministic structured generated case,generated,True,5,0,23,1,8,32,24,11199,5055,2.2154302670623145,38,1811,14,32,736,128,12,0,12,8,760,768,1296,2,6,3,1,3,4,0.00035986500000007027,0.0011503509999997164,0.0023986860000002608,0.0029321680000000683,0.0007248049999999395,0.0007541589999995324
G024,deterministic structured generated case,generated,True,6,0,42,2,20,64,32,32973,11408,2.8903401122019634,102,5002,56,128,2688,672,38,10,16,64,2752,2816,5472,4,15,4,1,3,5,0.0008705720000001804,0.004739515999999888,0.00920078799999935,0.011216184999999435,0.0033897820000001744,0.004816836999999907
G025,deterministic structured generated case,generated,True,1,1,18,1,4,4,2,2006,2376,0.8442760942760943,25,1252,7,4,72,12,3,1,0,0,76,76,108,2,2,1,0,0,0,0.0001526140000001064,0.00047924899999962634,0.0003804130000002459,0.00043600399999998984,0.00018513699999989086,0.0008471060000001529
G026,deterministic structured generated case,generated,True,2,1,34,2,10,8,2,4641,4077,1.1383370125091978,46,2163,12,16,272,44,4,0,4,8,280,288,444,4,4,1,0,5,5,0.00026193000000063194,0.00046735300000033675,0.0012418609999995667,0.0010693420000000842,0.00038793299999984043,0.0004771639999994193
G027,deterministic structured generated case,generated,True,3,1,22,1,8,16,4,5234,3350,1.5623880597014925,37,1739,13,16,352,60,4,0,4,8,360,368,620,2,4,2,1,3,3,0.00030667099999970304,0.0006065269999995238,0.001495323000000326,0.0017589359999998777,0.0003768419999996553,0.0007703370000005094
G028,deterministic structured generated case,generated,True,4,1,28,2,6,32,12,13405,4863,2.7565288916306807,42,2023,14,64,896,212,28,8,12,16,944,960,1556,4,6,2,0,1,1,0.0005481770000006492,0.0018571960000004495,0.0025593900000000502,0.003927517000000158,0.0011073169999997745,0.001473969000000075
G029,deterministic structured generated case,generated,True,5,1,20,1,3,64,24,18196,4400,4.135454545454546,30,1304,8,64,1280,208,24,0,24,16,1328,1344,2288,2,4,2,1,0,0,0.0005269799999991776,0.001866228999999997,0.004564992999999795,0.0066703409999995245,0.0010516660000003952,0.0008996390000000076
G030,deterministic structured generated case,generated,True,6,1,37,2,10,128,32,52306,9346,5.596618874384763,77,3447,34,256,4736,1152,72,24,32,128,4864,4992,9728,4,13,4,2,0,8,0.0012205659999997565,0.008249364999999287,0.01453079100000032,0.026820378999999228,0.008717584000000222,0.014219026000000135
G031,deterministic structured generated case,generated,True,4,2,24,1,17,64,16,21458,6303,3.4044105981278756,55,3018,31,64,1536,320,64,0,0,0,1600,1600,2560,2,8,4,0,0,1,0.0007221279999996,0.004128365999999772,0.004585792999999505,0.007597171999999652,0.004027106999999752,0.003199170000000251
G032,deterministic structured generated case,generated,True,4,2,30,2,10,64,16,26267,6062,4.333058396568789,46,2205,15,128,1920,456,60,0,68,0,2048,2048,3504,4,6,2,1,4,6,0.0007127459999995978,0.0031620309999995655,0.00696849500000063,0.007764062999999766,0.0021864809999998513,0.0025706039999997543
G033,deterministic structured generated case,generated,True,3,2,25,1,8,32,4,9973,3759,2.653099228518223,41,1923,15,32,800,128,8,0,8,16,816,832,1408,2,2,1,1,3,4,0.00031730400000018477,0.0014339589999998736,0.0025632809999995843,0.0028194509999996953,0.000574925000000448,0.0007238789999997053
G034,deterministic structured generated case,generated,True,4,2,36,2,20,64,12,28875,9785,2.950945324476239,93,4705,51,128,2304,560,62,18,16,32,2400,2432,4208,4,8,2,1,0,7,0.0007671250000003127,0.006381443000000431,0.008666016000000276,0.012109322999999783,0.0050107910000001255,0.0058296679999996215
G035,deterministic structured generated case,generated,True,5,2,25,1,7,128,24,37311,5626,6.631887664415215,45,2189,19,128,3200,416,24,8,64,32,3296,3328,5600,2,6,3,0,0,0,0.0009714839999999114,0.004009629000000459,0.008656803000000046,0.01106679899999996,0.0013111700000001392,0.0033723260000000366
G036,deterministic structured generated case,generated,True,6,2,41,2,26,256,32,114355,14364,7.961222500696185,105,5418,60,512,10496,2752,152,40,64,256,10752,11008,21696,4,12,4,2,6,19,0.006669170000000335,0.025209840000000483,0.03624528799999993,0.04629340400000004,0.012984550999999733,0.022423622999999893
G037,deterministic structured generated case,generated,True,1,0,13,1,3,2,2,1207,1642,0.7350791717417783,16,834,3,2,26,4,2,0,0,0,28,28,36,2,2,1,0,0,0,0.0001310980000006623,0.0001450939999996237,0.0001929949999999181,0.00025770000000058246,0.00010991999999987456,9.929500000005476e-05
G038,deterministic structured generated case,generated,True,2,0,31,2,8,4,2,2765,3254,0.8497234173325138,37,1704,6,8,124,18,1,0,3,4,128,132,202,2,2,1,0,6,11,0.0002125929999996501,0.0002867110000002171,0.0005766469999999302,0.0005723510000006371,0.00026557099999990896,0.00024761500000014536
G039,deterministic structured generated case,generated,True,3,0,25,1,4,8,4,3177,3277,0.9694842844064693,42,1481,9,8,200,28,2,0,2,4,204,208,356,2,4,2,1,1,1,0.00033976799999990703,0.0004088069999994559,0.0007599599999998929,0.001224592999999885,0.00023581100000047428,0.0002840710000002744
G040,deterministic structured generated case,generated,True,4,0,29,2,7,16,12,7805,4879,1.5997130559540889,47,2187,16,32,464,112,13,7,4,8,488,496,800,4,8,2,1,2,2,0.0003007200000002541,0.0011049660000006511,0.0014927000000000135,0.002246238999999761,0.000676847000000258,0.0007934229999992937
G041,deterministic structured generated case,generated,True,4,0,22,1,17,16,16,7367,6142,1.1994464343861935,53,2949,31,16,352,80,16,0,0,0,368,368,576,2,8,4,0,0,1,0.0003086379999999167,0.0010731670000003746,0.0013412889999999678,0.0018646019999994934,0.0010938729999994123,0.0009956710000000868
G042,deterministic structured generated case,generated,True,4,0,23,2,6,16,16,7771,4800,1.6189583333333333,37,1776,13,32,368,106,23,0,9,0,400,400,676,4,8,2,1,0,0,0.0002585860000001716,0.0008804140000000515,0.0015757760000001397,0.00175443499999961,0.0006549250000000839,0.0006300610000007367
G043,deterministic structured generated case,generated,True,1,1,20,1,4,4,2,2111,2509,0.8413710641689917,27,1308,7,4,80,12,3,1,0,0,84,84,120,2,2,1,0,0,1,0.0002642029999995188,0.00032536600000021565,0.0004829529999996751,0.00042746500000045984,0.00020710200000007006,0.00019585799999966014
G044,deterministic structured generated case,generated,True,2,1,22,2,4,8,2,3268,2833,1.1535474761736675,32,1528,10,16,176,42,4,0,4,8,184,192,282,4,4,1,0,0,0,0.00017543700000022255,0.0006037540000001229,0.0006415810000000022,0.0007711290000003146,0.00040610200000035235,0.0003142229999992807
G045,deterministic structured generated case,generated,True,3,1,26,1,4,16,4,5264,3178,1.6563876651982379,40,1381,6,16,416,48,4,0,4,8,424,432,736,2,2,1,1,2,2,0.00024003999999955283,0.000787307999999598,0.0012850540000002297,0.0014531440000000728,0.0002723750000006575,0.0004169730000000982
G046,deterministic structured generated case,generated,True,4,1,28,2,13,32,12,13704,6500,2.1083076923076924,62,3318,34,64,896,260,29,7,12,16,944,960,1668,4,12,3,1,1,8,0.00041643000000046726,0.0020493080000001385,0.0030486959999995733,0.004526356000000398,0.0018695320000006177,0.002275361999999781
G047,deterministic structured generated case,generated,True,5,1,26,1,8,64,24,20968,6403,3.2747149773543653,53,2406,23,64,1664,328,21,3,24,16,1712,1728,2984,2,6,3,0,0,0,0.0005954839999997574,0.002869392000000026,0.00513401999999985,0.00618198599999964,0.0012806349999996414,0.0015035399999998589
G048,deterministic structured generated case,generated,True,6,1,30,2,8,128,32,46538,8238,5.649186695799951,57,2516,23,256,3840,1056,96,0,32,128,3968,4096,8224,4,9,3,2,1,1,0.0012801570000000595,0.007620473999999433,0.01362017200000043,0.015178147000000308,0.0038216650000002517,0.005168441000000357
G049,deterministic structured generated case,generated,True,1,2,23,1,7,8,2,3579,3591,0.9966583124477861,40,1926,15,8,184,32,6,2,0,0,192,192,288,2,2,1,0,0,1,0.00022213700000062175,0.0005066650000005168,0.0006891089999996325,0.0009886889999997095,0.0003963039999996809,0.00037898599999941496
G050,deterministic structured generated case,generated,True,2,2,34,2,9,16,2,7447,4324,1.7222479185938946,49,2189,13,32,544,92,8,0,8,16,560,576,908,4,2,1,0,4,7,0.0003843119999995537,0.0007589009999993124,0.0016867710000001424,0.001861759000000518,0.0005923340000002497,0.0007710589999998518
G051,deterministic structured generated case,generated,True,4,2,24,1,17,64,16,21458,6303,3.4044105981278756,55,3018,31,64,1536,320,64,0,0,0,1600,1600,2560,2,8,4,0,0,1,0.0005238460000001055,0.0047998439999998865,0.0046026019999994006,0.008495899000000584,0.0030609159999999136,0.0032580239999999705
G052,deterministic structured generated case,generated,True,4,2,24,2,4,64,16,22410,4595,4.877040261153428,35,1599,10,128,1536,392,60,0,68,0,1664,1664,2800,4,6,2,1,0,0,0.0004620620000004294,0.002999319000000611,0.005421122999999639,0.006155037000000085,0.0015812789999998245,0.0017354950000001423
G053,deterministic structured generated case,generated,True,5,2,27,1,14,128,24,39519,5401,7.316978337344936,39,2014,11,128,3456,384,24,8,64,32,3552,3584,5952,2,4,2,0,10,11,0.000858570000000114,0.006365785000000734,0.009661291999999655,0.014668663000000137,0.0016703500000003757,0.0030496989999999613
G054,deterministic structured generated case,generated,True,6,2,32,2,6,256,32,92355,9155,10.08793009284544,59,2542,23,512,8192,2496,160,32,64,256,8448,8704,17344,4,4,1,0,0,0,0.0024951730000006833,0.017851732999999648,0.030860407000000478,0.03051983100000033,0.007378311999999276,0.010482643000000458
G055,deterministic structured generated case,generated,True,1,0,17,1,2,2,2,1290,1922,0.6711758584807492,22,947,3,2,34,4,1,1,0,0,36,36,48,2,2,1,0,0,0,0.00017253900000024913,0.00017610999999995158,0.00028671000000013436,0.00026442900000045455,0.0003991290000007197,0.00014939999999974418
G056,deterministic structured generated case,generated,True,2,0,25,2,7,4,2,2299,2690,0.8546468401486988,30,1531,6,8,100,18,0,1,3,4,104,108,162,0,0,0,0,6,9,0.00017458299999972837,0.00024397999999958841,0.00041958599999958324,0.0004855739999998221,0.00018625500000002404,0.00031624400000040964
G057,deterministic structured generated case,generated,True,3,0,25,1,5,8,4,3240,3107,1.0428065658191181,37,1511,9,8,200,28,2,0,2,4,204,208,340,2,4,2,1,2,3,0.00022596200000002398,0.00034848700000011945,0.0006907819999995013,0.0007528999999992791,0.00021653700000001663,0.00031574200000061836
G058,deterministic structured generated case,generated,True,4,0,34,2,8,16,12,8259,5481,1.5068418171866447,56,2373,17,32,544,116,14,4,6,8,568,576,964,4,8,2,0,2,4,0.00040274200000034455,0.0012224469999999599,0.0018211500000004932,0.0022622349999998903,0.0008759469999999325,0.0009036350000002358
G059,deterministic structured generated case,generated,True,5,0,29,1,7,32,24,11450,5330,2.148217636022514,48,1918,12,32,928,112,4,4,16,8,952,960,1632,2,6,3,0,4,4,0.00048773199999985195,0.0011686369999992507,0.0025740860000000865,0.002980582000000176,0.0005243449999996486,0.0007675460000005074
G060,deterministic structured generated case,generated,True,6,0,32,2,10,64,32,26297,9126,2.881547227701074,76,3550,40,128,2048,576,36,12,16,64,2112,2176,4352,4,12,4,2,0,4,0.0006819259999994998,0.00424226700000041,0.00689726899999954,0.009056640999999921,0.0028209720000003102,0.0030914309999996448
G061,deterministic structured generated case,generated,True,4,1,23,1,17,32,16,11956,6222,1.9215686274509804,54,2983,31,32,736,160,32,0,0,0,768,768,1216,2,8,4,0,0,1,0.00039796599999952775,0.0020077440000001445,0.0025339909999999577,0.0037758769999998165,0.0017327089999996659,0.0016694170000004505
G062,deterministic structured generated case,generated,True,4,1,27,2,10,32,16,13214,5074,2.604256996452503,42,2065,14,64,864,212,30,0,34,0,928,928,1576,4,10,3,1,4,4,0.00045853499999992664,0.0016296269999998003,0.0027253909999993553,0.0035381819999997788,0.0010743250000002647,0.0012085400000003688
G063,deterministic structured generated case,generated,True,3,1,24,1,8,16,4,5362,3527,1.5202721859937625,40,1789,13,16,384,60,4,0,4,8,392,400,668,2,4,2,1,3,3,0.0003463080000001284,0.0006345319999994103,0.0019411190000004908,0.002354322999999603,0.0004996789999998086,0.0004622789999997323
G064,deterministic structured generated case,generated,True,4,1,23,2,4,32,12,11915,4340,2.7453917050691246,38,1802,14,64,736,232,24,12,12,16,784,800,1352,4,4,1,0,0,0,0.0003600659999998257,0.0015230900000000602,0.0024068780000003898,0.003294823000000058,0.0009241339999999099,0.0011253609999997138
G065,deterministic structured generated case,generated,True,5,1,32,1,14,64,24,22858,7008,3.261700913242009,61,2697,22,64,2048,280,20,4,24,16,2096,2112,3640,2,6,3,1,6,7,0.0007038489999997566,0.00258646799999962,0.00551689500000041,0.007092899999999958,0.0014439829999997045,0.002487980999999806
G066,deterministic structured generated case,generated,True,6,1,45,2,10,128,32,60610,9923,6.108031845208102,82,3280,27,256,5760,1152,72,24,32,128,5888,6016,11520,4,10,3,2,3,7,0.0015709660000000625,0.007713750999999824,0.017618427999999575,0.02363734800000028,0.005392397000000493,0.007322304999999751
G067,deterministic structured generated case,generated,True,1,2,19,1,3,8,2,3083,2229,1.383131449080305,22,1027,3,8,152,16,8,0,0,0,160,160,224,2,0,0,0,0,0,0.00016868000000069827,0.00034158999999966966,0.0006811109999995679,0.0006352879999997896,0.00033442200000077804,0.00023035999999976298
G068,deterministic structured generated case,generated,True,2,2,25,2,8,16,2,5577,3001,1.85838053982006,32,1650,8,32,400,76,4,0,12,16,416,432,684,2,2,1,0,5,5,0.0002509860000001751,0.0009452039999997552,0.0014568590000001436,0.001494258000000137,0.0004951490000006942,0.0006273900000000054
G069,deterministic structured generated case,generated,True,3,2,25,1,7,32,4,10041,3026,3.318241903502974,33,1582,8,32,800,104,4,4,8,16,816,832,1416,2,2,1,1,5,5,0.00031562800000006774,0.0016715410000003317,0.0030607499999995014,0.0030627550000001946,0.0005870290000000722,0.000750583999999499
G070,deterministic structured generated case,generated,True,4,2,28,2,14,64,12,24982,6515,3.834535686876439,56,3007,28,128,1792,512,68,12,16,32,1888,1920,3328,4,8,2,2,3,7,0.000844793000000621,0.004968436000000409,0.007394713000000053,0.011801294999999712,0.004737158000000186,0.004783529000000009
G071,deterministic structured generated case,generated,True,4,2,24,1,17,64,16,21458,6303,3.4044105981278756,55,3018,31,64,1536,320,64,0,0,0,1600,1600,2560,2,8,4,0,0,1,0.0006818260000001075,0.004074908999999849,0.007400313999999852,0.013216122000000219,0.0056234489999997805,0.004811737000000704
G072,deterministic structured generated case,generated,True,4,2,25,2,6,64,16,24446,5463,4.4748306791140395,39,1850,13,128,1600,424,92,0,36,0,1728,1728,2960,4,6,2,1,0,0,0.00210310500000066,0.003388306000000618,0.0056837500000002095,0.007840916000000142,0.0023275769999999696,0.002634162999999745
G073,deterministic structured generated case,generated,True,1,0,15,1,3,2,2,1309,1799,0.7276264591439688,18,896,3,2,30,4,2,0,0,0,32,32,42,2,2,1,0,0,0,0.00020805399999979102,0.0001862349999992574,0.0002422810000002329,0.0006411780000004086,0.0001374920000003499,0.00012979299999926752
G074,deterministic structured generated case,generated,True,2,0,28,2,7,4,2,2551,3001,0.850049983338887,34,1586,6,8,112,18,1,0,3,4,116,120,182,2,2,1,0,5,5,0.00028978200000118193,0.00032679299999927025,0.0005455720000000497,0.0005922750000006971,0.00023973799999943424,0.00030663299999922344
G075,deterministic structured generated case,generated,True,3,0,27,1,7,8,4,3402,3506,0.9703365658870508,44,1626,9,8,216,28,2,0,2,4,220,224,380,2,4,2,1,4,4,0.00026506100000034394,0.00042634700000121484,0.000933405000001386,0.0009650839999988392,0.00026077299999904824,0.0005259029999997722
G076,deterministic structured generated case,generated,True,4,0,26,2,7,16,12,7576,4833,1.5675563831988413,43,2142,17,32,416,104,16,4,4,8,440,448,744,4,8,3,0,0,5,0.00041365399999904184,0.001050832999998974,0.0016864349999998751,0.002360760000000184,0.0006934370000006851,0.0009754960000005752
G077,deterministic structured generated case,generated,True,5,0,19,1,3,32,24,9982,4352,2.293658088235294,30,1309,9,32,608,120,12,0,12,8,632,640,1096,2,4,2,1,0,0,0.0003061909999999557,0.0010085719999999299,0.0020457890000002976,0.0027746999999997968,0.00047313999999865075,0.0005613269999997783
G078,deterministic structured generated case,generated,True,6,0,35,2,14,64,32,28148,9322,3.019523707358936,74,3547,36,128,2240,608,40,8,16,64,2304,2368,4640,4,13,4,2,3,10,0.0008453040000002687,0.004722514000000899,0.009425207999999685,0.009628096000000141,0.0027535929999995545,0.004364017000000331
G079,deterministic structured generated case,generated,True,1,1,26,1,4,4,2,2365,3169,0.7462922057431366,39,1470,7,4,104,12,3,1,0,0,108,108,164,2,2,1,0,0,1,0.00019875500000132718,0.00027208100000031266,0.0004471989999998982,0.0006961979999999812,0.00022341500000067072,0.00023199700000020584
G080,deterministic structured generated case,generated,True,2,1,30,2,10,8,2,4221,3635,1.1612104539202202,40,1953,10,16,240,42,4,0,4,8,248,256,402,4,4,1,0,6,9,0.00034939999999927807,0.0004939230000005068,0.000935356000001164,0.0012016810000012867,0.0004453729999998046,0.00042468100000014886
G081,deterministic structured generated case,generated,True,4,1,23,1,17,32,16,11956,6222,1.9215686274509804,54,2983,31,32,736,160,32,0,0,0,768,768,1216,2,8,4,0,0,1,0.0007057630000009141,0.00368052299999988,0.0022054929999999473,0.003528015999998857,0.0016182439999994358,0.0017445509999998166
G082,deterministic structured generated case,generated,True,4,1,31,2,10,32,16,15286,6243,2.4485023226013136,54,2605,22,64,992,228,30,0,34,0,1056,1056,1784,4,10,3,1,0,0,0.00047977699999890433,0.0014761249999999393,0.0029551209999993944,0.0041934050000005385,0.001334462000000869,0.0012167960000013522
G083,deterministic structured generated case,generated,True,5,1,24,1,8,64,24,19627,5083,3.8613023804839663,40,1929,15,64,1536,288,16,8,24,16,1584,1600,2752,2,6,3,1,4,4,0.0007944160000015188,0.0027169269999998136,0.006899299000000525,0.006758908000000119,0.0013142769999987536,0.0015855410000007453
G084,deterministic structured generated case,generated,True,6,1,30,2,6,128,32,47587,8737,5.446606386631567,57,2499,23,256,3840,1120,64,32,32,128,3968,4096,8160,4,4,2,1,0,0,0.0017525809999998643,0.005950585000000785,0.015343054999998884,0.018165567000000493,0.00359526699999968,0.005483804000000703
G085,deterministic structured generated case,generated,True,1,2,25,1,7,8,2,3970,3696,1.074134199134199,40,2002,15,8,200,32,6,2,0,0,208,208,320,2,2,1,0,0,1,0.0003165500000008592,0.0005041999999999547,0.0008488950000007378,0.0008971350000006595,0.0007683329999998989,0.00037672400000055006
G086,deterministic structured generated case,generated,True,2,2,29,2,10,16,2,6335,4195,1.5101311084624554,49,2361,18,32,464,100,5,3,8,16,480,496,788,4,2,1,0,5,9,0.0004629400000002448,0.0009702890000014008,0.0016171960000015417,0.002079520999998863,0.0006214450000001648,0.0009546329999992054
G087,deterministic structured generated case,generated,True,3,2,23,1,8,32,4,9298,3377,2.753331359194551,37,1766,13,32,736,120,8,0,8,16,752,768,1304,2,4,2,1,3,4,0.000308518000000646,0.0010839609999990785,0.0029767980000006133,0.003086288999998743,0.0005365470000011641,0.0006979449999988674
G088,deterministic structured generated case,generated,True,4,2,33,2,17,64,12,27635,6631,4.167546373096064,61,3240,28,128,2112,496,60,20,16,32,2208,2240,3760,4,10,3,2,6,6,0.0007579680000002753,0.004778449999999879,0.0075812840000004655,0.012133757000000855,0.0032214709999998092,0.00459319100000144
G089,deterministic structured generated case,generated,True,5,2,21,1,3,128,24,34144,4520,7.553982300884956,30,1290,7,128,2688,352,32,0,64,32,2784,2816,4768,2,2,1,0,0,0,0.0006595059999998654,0.0030166949999994586,0.008087467999999376,0.009389521000001011,0.0012141400000000857,0.0015875650000012342
G090,deterministic structured generated case,generated,True,6,2,39,2,10,256,32,99787,10099,9.880879294979701,87,3663,38,512,9984,2560,144,48,64,256,10240,10496,20992,4,12,4,2,0,1,0.0025103719999997054,0.014641183000000169,0.031992176999999344,0.03878276299999861,0.007660080999999153,0.012096549000000678
G091,deterministic structured generated case,generated,True,4,0,22,1,17,16,16,7367,6142,1.1994464343861935,53,2949,31,16,352,80,16,0,0,0,368,368,576,2,8,4,0,0,1,0.0003384410000002447,0.0010760219999994547,0.0014179009999999437,0.0018641949999995688,0.0009158569999989652,0.001284072000000691
G092,deterministic structured generated case,generated,True,4,0,21,2,3,16,16,6935,3949,1.7561407951380097,30,1369,8,32,336,90,15,0,17,0,368,368,612,4,6,2,1,0,0,0.0002393899999990623,0.0006798189999983606,0.0012995369999995177,0.0015776939999998518,0.0005172590000004362,0.0004501650000001689
G093,deterministic structured generated case,generated,True,3,0,23,1,8,8,4,3343,2996,1.1158210947930574,33,1552,9,8,184,28,2,0,2,4,188,192,324,2,4,2,1,5,5,0.00027350899999945,0.00037275199999875497,0.000739434999999844,0.0007777430000004415,0.00025041299999983835,0.00028356500000015217
G094,deterministic structured generated case,generated,True,4,0,22,2,6,16,12,6818,4198,1.6241067174845165,35,1741,13,32,352,106,18,0,6,8,376,384,634,4,6,2,1,1,1,0.0002986209999988887,0.0007805829999991687,0.001367192000000017,0.0020049059999998065,0.000584212999999778,0.0006685079999986243
G095,deterministic structured generated case,generated,True,5,0,25,1,4,32,24,11843,5083,2.329923273657289,41,1796,14,32,800,128,10,2,12,8,824,832,1424,2,6,3,1,0,0,0.0006874510000010048,0.001171482000000168,0.002307745999999611,0.0025016119999996533,0.00048275600000025065,0.0007123799999995128
G096,deterministic structured generated case,generated,True,6,0,34,2,7,64,32,27955,8599,3.2509594138853357,69,3051,31,128,2176,640,36,12,16,64,2240,2304,4608,4,10,3,0,0,6,0.0005898840000000405,0.0033899809999997643,0.007902462000000554,0.010179518000001053,0.002365296000000683,0.003101540999999486
G097,deterministic structured generated case,generated,True,1,1,20,1,3,4,2,2002,2276,0.8796133567662566,26,1042,3,4,80,8,4,0,0,0,84,84,116,2,2,1,0,0,0,0.00016121200000007718,0.00033752300000067237,0.0003896379999996924,0.0004132220000006015,0.00015814900000066245,0.00016564200000068752
G098,deterministic structured generated case,generated,True,2,1,25,2,8,8,2,3648,3337,1.0931974827689541,37,1878,12,16,200,44,3,1,4,8,208,216,332,4,4,1,0,4,4,0.00037165300000019386,0.0004601950000004962,0.0007740510000004974,0.0010748569999989854,0.00030941600000033986,0.0003306399999996046
G099,deterministic structured generated case,generated,True,3,1,24,1,4,16,4,5278,2977,1.7729257641921397,34,1476,9,16,384,56,4,0,4,8,392,400,664,2,4,2,1,1,2,0.0003246620000005862,0.000595685000000401,0.0011841609999994063,0.0014045490000000882,0.0002996990000010413,0.00043669100000087724
G100,deterministic structured generated case,generated,True,4,1,31,2,15,32,12,15619,6801,2.2965740332304074,61,3240,30,64,992,240,36,4,8,16,1040,1056,1744,4,8,3,1,3,4,0.0006324110000015537,0.004250857000000607,0.003126519000000272,0.006092800999999426,0.002977018999999359,0.0034095870000001582
G101,deterministic structured generated case,generated,True,4,1,23,1,17,32,16,12135,6291,1.9289461134954697,54,3002,31,32,736,160,32,0,0,0,768,768,1216,2,8,4,0,0,1,0.00039632200000028206,0.002210435000000288,0.0032565180000005967,0.008257235000000307,0.0018131599999993142,0.001652649999998701
G102,deterministic structured generated case,generated,True,4,1,32,2,18,32,16,16565,7777,2.12999871415713,70,3665,37,64,1024,276,46,0,18,0,1088,1088,1896,4,12,4,1,0,2,0.0004803859999995552,0.006344458999999247,0.00431484199999943,0.008237673000000001,0.0027586910000003684,0.0027072470000000237
G103,deterministic structured generated case,generated,True,1,2,15,1,3,8,2,2644,1862,1.4199785177228785,19,913,3,8,120,16,8,0,0,0,128,128,176,2,2,1,0,0,0,0.00013544200000126239,0.00029719699999830596,0.00047569700000060777,0.0006201470000011255,0.00019520899999925234,0.00022908899999940502
G104,deterministic structured generated case,generated,True,2,2,29,2,9,16,2,6345,3305,1.91981845688351,36,1794,8,32,464,76,4,0,12,16,480,496,780,2,2,1,0,6,7,0.0003890890000004532,0.0008742159999997057,0.0014394339999999062,0.0016977050000015481,0.0005339779999999905,0.0005752379999997004
G105,deterministic structured generated case,generated,True,3,2,29,1,7,32,4,11104,4516,2.4588131089459697,53,2479,23,32,928,136,6,2,8,16,944,960,1640,2,4,2,1,0,1,0.0004815369999988661,0.0012901440000003817,0.0026791890000001928,0.0032227939999991406,0.0005860309999992097,0.0007809109999996622
G106,deterministic structured generated case,generated,True,4,2,31,2,26,64,12,26981,9110,2.961690450054885,89,5153,59,128,1984,576,68,12,16,32,2080,2112,3712,4,16,4,0,2,29,0.0008280819999999522,0.007247035999998985,0.007990897999999191,0.010885920999999854,0.005301264999999944,0.007195434999999861
G107,deterministic structured generated case,generated,True,5,2,19,1,2,128,24,31615,3902,8.102255253716043,25,1099,5,128,2432,320,32,0,64,32,2528,2560,4352,2,2,1,0,0,0,0.0005476869999991862,0.002994749999999158,0.007253089999998963,0.008219595999999996,0.0009146460000000189,0.0015668430000008726
G108,deterministic structured generated case,generated,True,6,2,40,2,11,256,32,107685,10611,10.148430873621713,77,3368,31,512,10240,2624,160,32,64,256,10496,10752,21056,4,6,2,0,2,6,0.035062195000000074,0.015227709999999561,0.03320422699999881,0.03820094800000007,0.007749022000000494,0.013774691000000061
G109,deterministic structured generated case,generated,True,1,0,17,1,3,2,2,1420,1995,0.7117794486215538,21,961,3,2,34,4,2,0,0,0,36,36,48,2,2,1,0,0,0,0.00014986899999946957,0.00018934499999900822,0.0002588810000005992,0.00032317900000045086,0.00013370899999998187,0.00013871099999995806
G110,deterministic structured generated case,generated,True,2,0,27,2,7,4,2,2397,3067,0.7815454841865015,37,1546,6,8,108,18,1,0,3,4,112,116,178,2,2,1,0,5,10,0.00020404800000051182,0.00039569600000000094,0.000507758000001246,0.0005392460000006594,0.00028173799999997584,0.00026182200000057776
G111,deterministic structured generated case,generated,True,4,0,22,1,17,16,16,7482,6211,1.2046369344710997,53,2968,31,16,352,80,16,0,0,0,368,368,576,2,8,4,0,0,1,0.0002890589999999804,0.0015852129999984754,0.0018026379999991349,0.001970501000000624,0.0011226350000015373,0.0009377490000002098
G112,deterministic structured generated case,generated,True,4,0,31,2,10,16,16,8269,5564,1.4861610352264558,52,2163,14,32,496,106,15,0,17,0,528,528,900,4,10,3,1,4,4,0.0008847289999991403,0.001008731000000651,0.0016014999999995894,0.002577995999999416,0.0007701829999984255,0.0013211420000001084
G113,deterministic structured generated case,generated,True,5,0,29,1,8,32,24,13246,6297,2.103541368905828,56,2623,26,32,928,152,11,1,12,8,952,960,1640,2,8,4,1,0,1,0.00045800700000064865,0.0015794759999998575,0.003680901000000958,0.0040698129999992005,0.0007174649999992511,0.0009161740000003249
G114,deterministic structured generated case,generated,True,6,0,41,2,14,64,32,31324,9995,3.133966983491746,87,3943,40,128,2624,640,36,12,16,64,2688,2752,5312,4,12,3,0,4,11,0.0009674039999989503,0.003859491000000048,0.008555853000000724,0.010459309999999888,0.00364860899999897,0.004591256999999516
G115,deterministic structured generated case,generated,True,1,1,20,1,4,4,2,2235,2591,0.8626013122346584,28,1327,7,4,80,12,3,1,0,0,84,84,124,2,2,1,0,0,0,0.00019932200000027933,0.00035320499999969,0.00048583600000107197,0.0005076649999988803,0.00021041399999965904,0.00027844599999937714
G116,deterministic structured generated case,generated,True,2,1,24,2,7,8,2,3597,3255,1.1050691244239632,36,1830,12,16,192,44,3,1,4,8,200,208,324,4,4,1,0,3,3,0.0002210829999995667,0.0004834289999990915,0.0008914749999995308,0.0009148410000001661,0.0003538330000001366,0.00036309300000070266
G117,deterministic structured generated case,generated,True,3,1,22,1,5,16,4,5088,2819,1.8048953529620433,31,1407,8,16,352,52,4,0,4,8,360,368,612,2,4,2,1,2,2,0.0002816919999997225,0.0006151249999994945,0.0012480499999991679,0.0014505679999992083,0.0003667470000010553,0.0004345610000004996
G118,deterministic structured generated case,generated,True,4,1,35,2,8,32,12,15220,5581,2.727109836946784,54,2479,18,64,1120,240,32,4,12,16,1168,1184,1968,4,8,2,2,2,4,0.0009291880000006358,0.0020956950000012853,0.009643161999999705,0.009142885000001044,0.001819947999999627,0.002045669000001027
G119,deterministic structured generated case,generated,True,5,1,32,1,14,64,24,22833,7591,3.007904096956923,71,3258,32,64,2048,312,18,6,24,16,2096,2112,3672,2,8,4,0,4,5,0.0010389879999994633,0.005026521999999645,0.010607049000000757,0.008495921999999823,0.001397596000000334,0.001875045999998548
G120,deterministic structured generated case,generated,True,6,1,35,2,17,128,32,49818,10549,4.7225329415110435,91,4432,50,256,4480,1184,72,24,32,128,4608,4736,9376,4,14,4,2,0,3,0.0012547039999990517,0.009408940000000143,0.01618796400000022,0.022314323999999885,0.006020608000000038,0.007643073000000555
G121,deterministic structured generated case,generated,True,4,2,24,1,17,64,16,21765,6372,3.4157250470809792,55,3037,31,64,1536,320,64,0,0,0,1600,1600,2560,2,8,4,0,0,1,0.000567864999998946,0.0034445209999987014,0.004221800999999914,0.006791205000000744,0.003628983000000474,0.002948584999998616
G122,deterministic structured generated case,generated,True,4,2,31,2,10,64,16,25577,6569,3.893591109757954,63,2891,29,128,1984,552,60,0,68,0,2112,2112,3664,4,10,3,1,0,0,0.0005707550000000339,0.0024888849999999962,0.00631565700000003,0.00804059399999879,0.003039303999999632,0.0028203689999983794
G123,deterministic structured generated case,generated,True,3,2,21,1,4,32,4,8539,2851,2.995089442300947,32,1391,9,32,672,112,8,0,8,16,688,704,1200,2,2,1,1,1,1,0.0002775699999997272,0.0008647919999997811,0.0020351789999999426,0.0028008149999987353,0.0005065640000001537,0.0009656959999997383
G124,deterministic structured generated case,generated,True,4,2,37,2,14,64,12,30505,7007,4.353503639217925,65,3313,28,128,2368,512,56,24,16,32,2464,2496,4224,4,8,2,2,4,8,0.001050289999998455,0.005416428000000195,0.007157517999999641,0.010499101000000621,0.0030500020000001626,0.004934936999999806
G125,deterministic structured generated case,generated,True,5,2,27,1,7,128,24,39124,4795,8.159332638164756,35,1578,7,128,3456,352,32,0,64,32,3552,3584,5920,2,4,2,0,4,5,0.0009614659999996888,0.0037049549999998987,0.009753119999999171,0.010313768999999695,0.0011642300000005434,0.002011278999999533
G126,deterministic structured generated case,generated,True,6,2,39,2,13,256,32,108530,9839,11.030592539892265,77,3603,34,512,9984,2432,144,48,64,256,10240,10496,20608,4,10,3,1,3,9,0.003661531999998857,0.020217110000000815,0.04353775099999879,0.039433772000000644,0.00850780100000037,0.018578956999999008
G127,deterministic structured generated case,generated,True,1,0,13,1,3,2,2,1250,1706,0.7327080890973037,17,845,3,2,26,4,2,0,0,0,28,28,36,2,2,1,0,0,0,0.0002868100000004148,0.000326266000000075,0.000287566000000794,0.0002264929999995502,0.00012879999999881875,0.00011042399999894315
G128,deterministic structured generated case,generated,True,2,0,31,2,8,4,2,2578,3402,0.7577895355673133,43,1714,6,8,124,18,0,1,3,4,128,132,206,0,0,0,0,7,12,0.00023788600000074211,0.0003351760000001036,0.0006500050000006752,0.0008027489999999915,0.00027935499999998115,0.00026370799999853034
G129,deterministic structured generated case,generated,True,3,0,25,1,4,8,4,3318,2975,1.1152941176470588,35,1525,9,8,200,28,1,1,2,4,204,208,348,2,4,2,1,2,2,0.00023202299999880438,0.0003779389999998273,0.0008053040000000067,0.000839266000001615,0.0002990750000009257,0.0003980030000008128
G130,deterministic structured generated case,generated,True,4,0,28,2,6,16,12,8069,4921,1.6397073765494818,45,2169,17,32,448,112,16,2,6,8,472,480,784,4,8,2,2,0,0,0.0004742829999990761,0.0010785630000000879,0.0021602729999994352,0.002676371999999816,0.0007495359999989404,0.0007235360000006352
G131,deterministic structured generated case,generated,True,4,0,22,1,17,16,16,7482,6211,1.2046369344710997,53,2968,31,16,352,80,16,0,0,0,368,368,576,2,8,4,0,0,1,0.00027930499999939684,0.0010880199999991902,0.001332821000000095,0.00194647600000053,0.0009731340000005417,0.0008558890000003316
G132,deterministic structured generated case,generated,True,4,0,22,2,4,16,16,7753,4422,1.7532790592492085,32,1495,9,32,352,90,23,0,9,0,384,384,628,4,6,2,1,0,0,0.00028323099999916224,0.0007516309999999748,0.001209419000000267,0.0016101519999995872,0.0005420950000001312,0.000571019000000561
G133,deterministic structured generated case,generated,True,1,1,20,1,4,4,2,2139,2527,0.8464582508903838,27,1315,7,4,80,12,3,1,0,0,84,84,120,2,2,1,0,0,1,0.00015801799999870525,0.0002597210000008232,0.000557774000000677,0.00042878200000018296,0.00022286599999965517,0.00020847999999951128
G134,deterministic structured generated case,generated,True,2,1,21,2,4,8,2,3091,2726,1.1338958180484227,31,1534,10,16,168,42,3,1,4,8,176,184,274,4,4,1,0,1,1,0.00017563900000006072,0.0003392370000003808,0.0006699549999993337,0.0007520240000005174,0.000269680000000605,0.0003857190000005062
G135,deterministic structured generated case,generated,True,3,1,28,1,4,16,4,5491,3478,1.5787809085681426,44,1577,9,16,448,56,4,0,4,8,456,464,792,2,4,2,1,1,1,0.0002531179999998301,0.000646335000000775,0.0014904330000007349,0.001614078000001129,0.0003116439999999443,0.0004341110000005699
G136,deterministic structured generated case,generated,True,4,1,33,2,9,32,12,14985,4987,3.0048125125325846,49,2390,16,64,1056,224,12,24,12,16,1104,1120,1856,2,6,3,0,5,10,0.0005217359999996063,0.002583795999999694,0.003365325999999058,0.00490110800000032,0.0010973889999998931,0.0018710280000000523
G137,deterministic structured generated case,generated,True,5,1,22,1,5,64,24,19432,5043,3.853261947253619,39,1760,15,64,1408,304,24,0,24,16,1456,1472,2576,2,6,3,0,0,0,0.00046361900000135847,0.0018493369999994513,0.003989969000000926,0.005297899000000328,0.0012018339999997352,0.0011662759999993
G138,deterministic structured generated case,generated,True,6,1,39,2,16,128,32,51782,9268,5.587181700474752,78,3333,29,256,4992,1088,64,32,32,128,5120,5248,10176,2,6,3,1,7,7,0.001364166000000111,0.008654328000000433,0.015506742999999545,0.020962664999998992,0.005322984999999392,0.007571976000001257
G139,deterministic structured generated case,generated,True,1,2,25,1,7,8,2,3882,3660,1.060655737704918,40,1991,15,8,200,32,6,2,0,0,208,208,320,2,2,1,0,0,1,0.0003819560000000166,0.0004721459999998956,0.0011411759999990778,0.001440914999999876,0.0003784800000001809,0.0004053040000009389
G140,deterministic structured generated case,generated,True,2,2,28,2,7,16,2,5913,3239,1.8255634455078729,39,1725,8,32,448,76,2,2,12,16,464,480,716,2,2,1,0,5,5,0.00027635100000011903,0.0006894969999997613,0.001857604000001345,0.0017161879999996188,0.00039701699999916684,0.0005366540000011355
G141,deterministic structured generated case,generated,True,4,2,24,1,17,64,16,21765,6372,3.4157250470809792,55,3037,31,64,1536,320,64,0,0,0,1600,1600,2560,2,8,4,0,0,1,0.0008502789999997873,0.005432850000000045,0.011133271000000278,0.013186294999998793,0.005374642000001373,0.0031729519999998956
G142,deterministic structured generated case,generated,True,4,2,25,2,6,64,16,22974,4511,5.092884061183773,36,1691,10,128,1600,392,60,0,68,0,1728,1728,2928,4,8,2,1,2,2,0.0010548290000009786,0.003037801999999701,0.005483347000000194,0.006999760999999438,0.0023125329999995614,0.0024248440000000926
G143,deterministic structured generated case,generated,True,5,2,29,1,14,128,24,43037,7799,5.518271573278626,65,3383,35,128,3712,448,26,6,64,32,3808,3840,6528,2,6,3,0,0,0,0.001478812000000218,0.0052329799999988325,0.011529752999999587,0.013456486999999129,0.0018086200000002606,0.003416458000000233
G144,deterministic structured generated case,generated,True,6,2,29,2,5,256,32,88419,8485,10.420624631703005,56,2424,23,512,7424,2176,160,32,64,256,7680,7936,16000,4,5,2,1,0,0,0.002112469000000061,0.011660051999999865,0.025664630999999716,0.02930963100000028,0.006624477000000795,0.008478459999999188
G145,deterministic structured generated case,generated,True,1,0,13,1,2,2,2,1147,1614,0.7106567534076828,17,842,3,2,26,4,1,1,0,0,28,28,36,2,2,1,0,0,0,0.00011272600000111765,0.00015426399999896034,0.00027068099999993933,0.0003347680000000963,0.00025987699999951985,0.00012112400000141577
G146,deterministic structured generated case,generated,True,2,0,36,2,7,4,2,2859,3705,0.7716599190283401,47,1839,6,8,144,18,0,1,3,4,148,152,242,0,0,0,0,6,12,0.0004232270000006366,0.00040890899999901364,0.0006619829999987559,0.0007932729999993171,0.0005932330000000263,0.00026315399999887745
G147,deterministic structured generated case,generated,True,3,0,23,1,5,8,4,3066,3185,0.9626373626373627,40,1461,9,8,184,28,2,0,2,4,188,192,332,2,4,2,1,2,2,0.00019095199999874524,0.0005251380000004247,0.000706708000000944,0.000979877000000684,0.00034372100000013006,0.00027616800000096475
G148,deterministic structured generated case,generated,True,4,0,30,2,9,16,12,8533,5367,1.5899012483696664,49,2467,19,32,480,108,16,4,4,8,504,512,844,4,8,2,1,2,5,0.0003458379999994321,0.001214966999999234,0.001686352000000113,0.002137474999999611,0.0008554739999997452,0.0010646530000002485
G149,deterministic structured generated case,generated,True,5,0,23,1,4,32,24,10631,4309,2.467161754467394,30,1309,6,32,736,96,8,0,16,8,760,768,1264,2,2,1,0,2,2,0.00033318300000040324,0.0010150319999997492,0.002362544000000355,0.003217588000000049,0.0004980899999988964,0.000597705000000559
G150,deterministic structured generated case,generated,True,6,0,34,2,10,64,32,26942,9375,2.8738133333333336,80,3612,40,128,2176,640,36,12,16,64,2240,2304,4544,4,13,4,1,0,1,0.0008169039999987859,0.00430943100000114,0.007565050000000184,0.009232050999999686,0.0024815260000004002,0.003438956000000104
G151,deterministic structured generated case,generated,True,4,1,23,1,17,32,16,12135,6291,1.9289461134954697,54,3002,31,32,736,160,32,0,0,0,768,768,1216,2,8,4,0,0,1,0.00036396099999969067,0.002544322000000321,0.002836595999999858,0.003533704000000526,0.0017985280000001325,0.0016698079999990512
G152,deterministic structured generated case,generated,True,4,1,26,2,6,32,16,13201,5129,2.5737960616104503,41,1918,14,64,832,212,30,0,34,0,896,896,1512,4,8,2,1,0,0,0.00040365499999950316,0.0015802209999993266,0.002606997000000888,0.003160067999999683,0.0008216640000000552,0.0012157149999989514
G153,deterministic structured generated case,generated,True,3,1,18,1,3,16,4,4396,2526,1.7403008709422012,27,1227,8,16,288,52,4,0,4,8,296,304,516,2,2,1,1,0,0,0.0002998040000008473,0.0006429159999985501,0.0009710000000016095,0.0011572910000001713,0.00027937399999977686,0.0004455369999991632
G154,deterministic structured generated case,generated,True,4,1,24,2,7,32,12,12025,5132,2.343141075604053,48,2450,24,64,768,264,30,6,12,16,816,832,1448,4,8,2,2,0,0,0.0003780459999997987,0.0021010389999993606,0.00290809000000003,0.0033759419999999096,0.0014614729999991027,0.0017738650000005407
G155,deterministic structured generated case,generated,True,5,1,24,1,4,64,24,20205,5188,3.8945643793369316,38,1721,13,64,1536,264,20,4,24,16,1584,1600,2728,2,4,2,1,0,0,0.0005815019999992899,0.0034453920000014904,0.005900176000000812,0.0049739649999995805,0.0008747889999991543,0.001035218000000171
G156,deterministic structured generated case,generated,True,6,1,32,2,10,128,32,48197,9116,5.287077665642826,67,3166,32,256,4096,1152,64,32,32,128,4224,4352,8704,4,9,3,2,2,2,0.001135003999999995,0.006921131000000358,0.013113987000000549,0.021183110000000838,0.004281656000001632,0.007396356999999298
G157,deterministic structured generated case,generated,True,1,2,23,1,8,8,2,3574,3866,0.9244697361614072,45,1921,15,8,184,32,7,1,0,0,192,192,304,2,2,1,0,0,0,0.00025481599999999105,0.0005271740000001301,0.0010109359999983525,0.0009643639999996623,0.00039066999999981533,0.000425477000000285
G158,deterministic structured generated case,generated,True,2,2,27,2,11,16,2,6027,3672,1.6413398692810457,42,2102,14,32,432,96,6,2,8,16,448,464,736,4,4,1,0,7,8,0.0002858480000007546,0.0009656049999993144,0.001394753999999665,0.0019887080000007273,0.0006614769999995218,0.0006530070000003718
G159,deterministic structured generated case,generated,True,3,2,23,1,4,32,4,8937,3125,2.85984,35,1637,12,32,736,112,6,2,8,16,752,768,1296,2,4,2,1,0,0,0.00039441100000026097,0.0011930729999996004,0.0055082100000003464,0.007750159999998729,0.0004756219999997313,0.001076380000000654
G160,deterministic structured generated case,generated,True,4,2,36,2,10,64,12,30068,6740,4.4611275964391695,62,3011,25,128,2304,448,56,24,16,32,2400,2432,4032,4,6,2,0,1,1,0.0027529259999994338,0.009159821999999096,0.009059948999999179,0.01191003399999957,0.002918809999998828,0.004470905999999886
G161,deterministic structured generated case,generated,True,4,2,24,1,17,64,16,21765,6372,3.4157250470809792,55,3037,31,64,1536,320,64,0,0,0,1600,1600,2560,2,8,4,0,0,1,0.0005734409999984535,0.004831377999998665,0.004444443000000575,0.00739508000000022,0.0032683909999988714,0.0038985979999992537
G162,deterministic structured generated case,generated,True,4,2,27,2,10,64,16,25715,6334,4.059835806757183,49,2437,21,128,1728,488,92,0,36,0,1856,1856,3216,4,8,2,1,0,0,0.0007866330000005917,0.003991007000001545,0.005699467999999541,0.007068663000000086,0.002587095000000872,0.0030723039999998036
G163,deterministic structured generated case,generated,True,1,0,19,1,3,2,2,1439,2134,0.6743205248359887,24,1000,3,2,38,4,2,0,0,0,40,40,54,2,2,1,0,0,0,0.00018174200000053986,0.00018853800000151466,0.0003550430000007765,0.0004467960000003046,0.00014249999999904617,0.0001336350000009645
G164,deterministic structured generated case,generated,True,2,0,28,2,7,4,2,2466,3064,0.8048302872062664,36,1579,6,8,112,18,1,0,3,4,116,120,186,2,2,1,0,5,11,0.00025599599999992506,0.00031277600000123584,0.0005741790000008962,0.0005753790000007086,0.00032310499999965714,0.0002337249999992963
G165,deterministic structured generated case,generated,True,3,0,25,1,4,8,4,3473,3049,1.1390619875368972,35,1505,9,8,200,28,2,0,2,4,204,208,348,2,4,2,1,1,2,0.0002045469999991667,0.0004097600000001478,0.0007882969999997158,0.000817322000001397,0.00041425000000039347,0.00027206799999923703
G166,deterministic structured generated case,generated,True,4,0,30,2,10,16,12,7877,5517,1.427768714881276,56,2503,20,32,480,120,14,4,6,8,504,512,872,4,10,3,1,4,4,0.0003186769999992123,0.0010725400000008989,0.001563589999999948,0.0020645720000000978,0.0007182150000009102,0.0008377429999999464
G167,deterministic structured generated case,generated,True,5,0,21,1,5,32,24,10562,4512,2.340868794326241,31,1426,9,32,672,120,12,0,12,8,696,704,1192,2,4,2,1,2,2,0.000500338999998462,0.001030159999999114,0.0022987549999999857,0.003099500000001143,0.0018088410000007826,0.000653986999999745
G168,deterministic structured generated case,generated,True,6,0,38,2,8,64,32,30724,9005,3.41188228761799,72,3125,30,128,2432,576,40,8,16,64,2496,2560,4928,4,10,3,1,0,2,0.0008258999999988248,0.00357812000000024,0.010216293000000931,0.01089499200000077,0.0025841119999991946,0.002855983999999978
G169,deterministic structured generated case,generated,True,1,1,18,1,4,4,2,2070,2448,0.8455882352941176,26,1266,7,4,72,12,3,1,0,0,76,76,108,2,2,1,0,0,0,0.00015767500000052337,0.0002604230000002872,0.00042140400000079126,0.0004960710000005975,0.0002218880000004475,0.00020030299999973522
G170,deterministic structured generated case,generated,True,2,1,21,2,4,8,2,3045,2546,1.1959937156323646,29,1433,8,16,168,40,2,2,4,8,176,184,280,2,2,1,0,2,2,0.0001858040000008998,0.0003914859999998299,0.0007014959999995796,0.0007901110000005929,0.0003244230000003512,0.0003404199999987867
G171,deterministic structured generated case,generated,True,4,1,23,1,17,32,16,12135,6291,1.9289461134954697,54,3002,31,32,736,160,32,0,0,0,768,768,1216,2,8,4,0,0,1,0.00041106399999968346,0.0020278689999990718,0.004454680000000266,0.0037408079999998733,0.001671927000000295,0.0017133610000001909
G172,deterministic structured generated case,generated,True,4,1,26,2,6,32,16,13145,4882,2.692544039328144,41,1922,14,64,832,212,30,0,34,0,896,896,1512,4,10,3,1,0,1,0.0007734880000000999,0.0014659350000005844,0.004332655000000685,0.0036038110000014,0.0011258090000012544,0.0012311099999990915
G173,deterministic structured generated case,generated,True,5,1,24,1,4,64,24,19911,5150,3.86621359223301,38,1721,13,64,1536,280,18,6,24,16,1584,1600,2744,2,4,2,0,0,0,0.0005115949999989766,0.0018982650000012313,0.004964776000001336,0.005499766999999878,0.0008429180000000258,0.0012513510000005112
G174,deterministic structured generated case,generated,True,6,1,36,2,11,128,32,50648,9801,5.1676359555147435,76,3484,36,256,4608,1248,88,8,32,128,4736,4864,9568,4,11,4,1,0,5,0.0012254699999996177,0.009922449999999472,0.02202871599999945,0.018794407999999763,0.00510266000000037,0.006248373000000029
G175,deterministic structured generated case,generated,True,1,2,19,1,4,8,2,3185,2621,1.2151850438763832,26,1285,7,8,152,24,6,2,0,0,160,160,232,2,0,0,0,0,0,0.00017884400000056644,0.0004384189999999677,0.000742387999999039,0.0007413799999991255,0.0002561500000002326,0.0003055990000007114
G176,deterministic structured generated case,generated,True,2,2,26,2,5,16,2,5591,2817,1.9847355342563011,32,1483,6,32,416,72,4,0,12,16,432,448,680,2,2,1,0,3,3,0.00032434599999930924,0.0006792440000005229,0.0013714889999985047,0.002069185999999945,0.0003994469999994976,0.0005300469999998114
G177,deterministic structured generated case,generated,True,3,2,21,1,5,32,4,8376,2784,3.0086206896551726,31,1419,9,32,672,112,8,0,8,16,688,704,1200,2,4,2,1,2,2,0.0006408980000003339,0.0015368880000004026,0.0024119779999995927,0.0028728530000012853,0.00044332400000079986,0.0006291300000000888
G178,deterministic structured generated case,generated,True,4,2,26,2,6,64,12,22778,4762,4.783284334313314,42,2062,16,128,1664,432,72,8,16,32,1760,1792,2992,4,6,2,0,0,0,0.0006662469999998422,0.002962815000000063,0.005327580999999526,0.007740537000000103,0.0026530469999990203,0.002502371000000281
G179,deterministic structured generated case,generated,True,5,2,23,1,4,128,24,34959,4827,7.242386575512741,35,1608,11,128,2944,384,24,8,64,32,3040,3072,5184,2,4,2,0,0,0,0.0007462989999993397,0.0046716809999995945,0.008828084000001013,0.012024977999999464,0.0014702350000010966,0.002160612000000839
G180,deterministic structured generated case,generated,True,6,2,39,2,10,256,32,106896,9238,11.571335786966875,72,3199,29,512,9984,2496,144,48,64,256,10240,10496,20928,4,9,3,1,3,10,0.002597753999999952,0.014483396999999343,0.030148977999999715,0.037286664999999886,0.008105024000000682,0.011420526000000208
G181,deterministic structured generated case,generated,True,4,0,22,1,17,16,16,7482,6211,1.2046369344710997,53,2968,31,16,352,80,16,0,0,0,368,368,576,2,8,4,0,0,1,0.0003241819999999507,0.0011762539999988775,0.0013214640000001054,0.0022772500000005635,0.0010201819999995365,0.0008906789999993947
G182,deterministic structured generated case,generated,True,4,0,32,2,18,16,16,9401,6448,1.4579714640198511,58,3004,25,32,512,130,15,0,17,0,544,544,940,4,12,4,1,8,10,0.0004092479999986409,0.0013406539999998301,0.0018470229999998367,0.002640676000000397,0.0011041220000009844,0.0011331339999998136
G183,deterministic structured generated case,generated,True,3,0,19,1,3,8,4,2799,2416,1.158526490066225,27,1194,7,8,152,28,2,0,2,4,156,160,268,2,2,1,0,1,1,0.0003843320000012085,0.00032773300000066286,0.0007939340000007178,0.0007753940000014836,0.0001917500000008232,0.00030209299999839345
G184,deterministic structured generated case,generated,True,4,0,33,2,11,16,12,8602,6531,1.317103047006584,66,3010,27,32,528,120,17,3,4,8,552,560,952,4,12,3,1,0,5,0.00038646299999989253,0.001285535000000948,0.0019339770000001977,0.002432953999999654,0.00147035600000045,0.0010674470000004987
G185,deterministic structured generated case,generated,True,5,0,27,1,7,32,24,11672,5070,2.3021696252465484,41,1781,11,32,864,120,8,4,12,8,888,896,1480,2,6,3,0,4,5,0.0006899679999996522,0.0016924870000014636,0.0027909579999985112,0.004536573999999405,0.0008587480000006309,0.0008402360000001607
G186,deterministic structured generated case,generated,True,6,0,36,2,10,64,32,29311,8879,3.3011600405451063,72,3308,32,128,2304,608,32,16,16,64,2368,2432,4704,4,12,4,2,2,2,0.0010418330000003806,0.004971106999999364,0.010539275999999376,0.013760045000001497,0.003182839999999132,0.00484285200000123
G187,deterministic structured generated case,generated,True,1,1,26,1,5,4,2,2450,3254,0.7529194837123541,39,1470,7,4,104,12,4,0,0,0,108,108,164,2,2,1,0,0,1,0.00019473899999944422,0.0002960200000003965,0.0005875609999996811,0.00225055099999949,0.00025303500000006807,0.0002758449999991086
G188,deterministic structured generated case,generated,True,2,1,22,2,6,8,2,3354,3057,1.0971540726202158,34,1726,12,16,176,44,3,1,4,8,184,192,300,4,4,1,0,2,4,0.0002970910000001936,0.00037184999999873014,0.0007254680000006175,0.0008437529999998361,0.0003593389999991814,0.00042001299999938624
G189,deterministic structured generated case,generated,True,3,1,22,1,4,16,4,4865,2768,1.7575867052023122,31,1368,8,16,352,52,4,0,4,8,360,368,612,2,4,2,1,1,1,0.00026094499999906873,0.0007501610000009151,0.0015939300000002987,0.0014349219999996166,0.0002919679999990876,0.0007437949999999915
G190,deterministic structured generated case,generated,True,4,1,30,2,5,32,12,14101,5058,2.787860814551206,44,2043,14,64,960,192,36,4,8,16,1008,1024,1632,4,4,2,0,0,0,0.0009091610000009354,0.002151251999999104,0.004088282999999748,0.004107170000001048,0.0011186869999999516,0.0012809379999989545
G191,deterministic structured generated case,generated,True,4,1,23,1,17,32,16,12135,6291,1.9289461134954697,54,3002,31,32,736,160,32,0,0,0,768,768,1216,2,8,4,0,0,1,0.0006037150000004488,0.0024614589999991665,0.002405185999998949,0.003945384999999746,0.0017471450000012823,0.001887545999998963
G192,deterministic structured generated case,generated,True,4,1,24,2,6,32,16,13419,4931,2.7213546947880753,38,1822,13,64,768,212,46,0,18,0,832,832,1416,4,8,2,1,0,0,0.0005722590000001304,0.0015580370000005672,0.002791736999999017,0.0032800829999999337,0.0014048399999992967,0.0013347299999999507
G193,deterministic structured generated case,generated,True,1,2,19,1,8,8,2,3359,3286,1.0222154595252586,34,1807,15,8,152,32,7,1,0,0,160,160,240,2,2,1,0,0,0,0.0003944960000001885,0.00048215299999831984,0.0006968489999987781,0.0007923019999989123,0.00037413199999924984,0.0004223270000007773
G194,deterministic structured generated case,generated,True,2,2,23,2,5,16,2,5512,3044,1.8107752956636005,35,1673,11,32,368,88,6,2,8,16,384,400,616,4,2,1,0,2,2,0.0002943549999994133,0.0005852000000015067,0.001170628000000562,0.0014996939999996073,0.00040859400000137214,0.0005469559999990992
G195,deterministic structured generated case,generated,True,3,2,23,1,4,32,4,8792,3369,2.6096764618581183,41,1764,15,32,736,128,6,2,8,16,752,768,1312,2,4,2,1,0,0,0.0002913469999992202,0.0010313019999994566,0.0026223069999993243,0.002642182000000659,0.0005791580000007457,0.0007181049999989142
G196,deterministic structured generated case,generated,True,4,2,33,2,13,64,12,27789,7329,3.791649611133852,69,3603,36,128,2112,544,60,20,16,32,2208,2240,3872,4,10,3,2,0,0,0.0007164379999995418,0.004847046000000077,0.006577875999999705,0.009525001000000088,0.003297397000000757,0.0040341150000013926
G197,deterministic structured generated case,generated,True,5,2,21,1,3,128,24,33495,4145,8.080820265379975,28,1192,5,128,2688,320,32,0,64,32,2784,2816,4736,2,2,1,0,1,1,0.0006402469999997606,0.0032795979999988845,0.007325120000000851,0.011270297999999457,0.0016486269999997916,0.001725075000001297
G198,deterministic structured generated case,generated,True,6,2,37,2,8,256,32,99969,10064,9.933326709062003,73,3087,30,512,9472,2368,176,16,64,256,9728,9984,19264,4,9,3,1,0,0,0.0022525479999995213,0.012800826999999515,0.029087792000000334,0.036154925000001725,0.009036758999998895,0.012015896999999498
G199,deterministic structured generated case,generated,True,1,0,19,1,3,2,2,1452,2146,0.6766076421248836,24,1003,3,2,38,4,2,0,0,0,40,40,54,2,2,1,0,0,0,0.000144893999999951,0.00026989100000029964,0.00030370800000056875,0.00029513099999967096,0.00014035600000106285,0.00013358700000054569
G200,deterministic structured generated case,generated,True,2,0,30,2,7,4,2,2547,3331,0.7646352446712699,41,1637,6,8,120,18,1,0,3,4,124,128,202,2,2,1,0,5,7,0.0002229489999994172,0.00030034499999942454,0.0005707929999996253,0.0008620599999993317,0.0010941620000011198,0.00025942399999934196
G201,deterministic structured generated case,generated,True,4,0,22,1,17,16,16,7482,6211,1.2046369344710997,53,2968,31,16,352,80,16,0,0,0,368,368,576,2,8,4,0,0,1,0.0005760099999996271,0.0013633790000007195,0.0016366489999999345,0.002047003999999575,0.000885334999999543,0.0007925289999999308
G202,deterministic structured generated case,generated,True,4,0,25,2,6,16,16,7677,4861,1.5793046698210245,41,1933,15,32,400,114,15,0,17,0,432,432,732,4,10,3,1,0,0,0.00027702599999912536,0.0008634469999986294,0.0016265910000008432,0.0017464399999997937,0.0007083030000014645,0.0007466640000011182
G203,deterministic structured generated case,generated,True,5,0,23,1,4,32,24,11050,4922,2.2450223486387646,39,1782,15,32,736,152,9,3,12,8,760,768,1320,2,6,3,0,0,0,0.0003558979999986889,0.0010145459999986173,0.0023329929999995613,0.0026590409999993625,0.0005136859999996801,0.0006609160000010661
G204,deterministic structured generated case,generated,True,6,0,42,2,11,64,32,31210,9859,3.1656354599857996,86,3546,34,128,2688,608,40,8,16,64,2752,2816,5408,4,10,3,0,2,2,0.0008626869999996956,0.004569773000000055,0.009011124000000592,0.010746478999999809,0.0042946400000012375,0.004827832999998449
G205,deterministic structured generated case,generated,True,1,1,12,1,2,4,2,1531,1432,1.0691340782122905,13,685,1,4,48,4,4,0,0,0,52,52,64,2,0,0,0,0,0,0.00031548599999986493,0.0002163799999994609,0.00024632399999902077,0.0005968140000014444,0.00011609300000081646,0.00012537100000109547
G206,deterministic structured generated case,generated,True,2,1,26,2,7,8,2,3548,3237,1.0960766141489033,38,1759,10,16,208,42,3,1,4,8,216,224,338,4,4,1,0,4,4,0.0005792210000006293,0.0004886340000016531,0.0008801449999999988,0.0010380030000014528,0.0004230869999997111,0.0004174209999998624
G207,deterministic structured generated case,generated,True,3,1,26,1,8,16,4,5280,3441,1.5344376634699215,42,1634,9,16,416,56,4,0,4,8,424,432,744,2,4,2,1,5,5,0.0003150559999998137,0.0006677120000002645,0.0015099090000010307,0.0015866259999999244,0.0004629409999985512,0.0004735450000001862
G208,deterministic structured generated case,generated,True,4,1,34,2,14,32,12,14411,7044,2.045854628052243,71,3272,30,64,1088,284,27,9,12,16,1136,1152,2044,4,8,2,1,4,10,0.000531519000000813,0.002547940999999554,0.0031979870000000687,0.004826552999999123,0.001603895000000577,0.002325834000000526
G209,deterministic structured generated case,generated,True,5,1,28,1,4,64,24,20168,5163,3.906256052682549,44,1541,8,64,1792,208,24,0,24,16,1840,1856,3184,2,4,2,1,1,1,0.0020738500000003768,0.002914259999998947,0.012674259999998938,0.01232468200000092,0.0010023319999987734,0.0022147700000001436
G210,deterministic structured generated case,generated,True,6,1,33,2,10,128,32,48841,8907,5.4834399910183,71,3318,34,256,4224,1120,72,24,32,128,4352,4480,8800,4,12,3,2,0,0,0.0016477009999995573,0.007927023999998895,0.015783268999999933,0.018358869000000055,0.004387090999999899,0.005770897999999747
G211,deterministic structured generated case,generated,True,4,2,24,1,17,64,16,21765,6372,3.4157250470809792,55,3037,31,64,1536,320,64,0,0,0,1600,1600,2560,2,8,4,0,0,1,0.0007399249999995305,0.004391378999999418,0.004500541000000524,0.006928800999999041,0.0028366750000010654,0.003239864999999398
G212,deterministic structured generated case,generated,True,4,2,29,2,6,64,16,25287,5499,4.598472449536279,47,2147,17,128,1856,488,60,0,68,0,1984,1984,3408,4,8,2,1,0,0,0.0006216559999998594,0.0028396919999984505,0.007553909999998609,0.006744460000000174,0.001783482000000447,0.0020503170000001347
G213,deterministic structured generated case,generated,True,3,2,25,1,8,32,4,9838,3769,2.610241443353675,42,1960,16,32,800,144,8,0,8,16,816,832,1424,2,2,1,0,3,4,0.0004406229999993627,0.0014238389999992052,0.006850458999998921,0.007684926999999675,0.00062406900000056,0.000971099000000919
G214,deterministic structured generated case,generated,True,4,2,41,2,14,64,12,30149,7478,4.031692966033699,75,3376,28,128,2624,528,66,14,16,32,2720,2752,4752,4,10,3,0,3,10,0.0008836799999993872,0.0051027519999991,0.007277236000000187,0.010122819000001115,0.0038268460000008275,0.004123672000000411
G215,deterministic structured generated case,generated,True,5,2,29,1,7,128,24,43403,5013,8.658088968681428,38,1655,7,128,3712,352,32,0,64,32,3808,3840,6432,2,4,2,0,4,4,0.0010028980000011956,0.004111321999999973,0.011066813000001119,0.012459246999998896,0.0015523119999993895,0.002405474999999768
G216,deterministic structured generated case,generated,True,6,2,40,2,20,256,32,115386,14038,8.219546944009117,101,5166,58,512,10240,2560,152,40,64,256,10496,10752,20992,4,13,4,2,0,7,0.0031599320000008646,0.026892031000000927,0.031018014000000704,0.04244954999999884,0.012415822000001242,0.01686222000000015
G217,deterministic structured generated case,generated,True,1,0,19,1,3,2,2,1470,2158,0.6811862835959221,24,1007,3,2,38,4,2,0,0,0,40,40,54,2,2,1,0,0,0,0.00017916800000072897,0.00021837499999932675,0.0002714539999999488,0.0002860259999994952,0.00013955400000043028,0.00013268000000010716
G218,deterministic structured generated case,generated,True,2,0,32,2,8,4,2,2663,3455,0.770767004341534,43,1757,6,8,128,18,0,1,3,4,132,136,214,0,0,0,0,7,13,0.0002675920000001497,0.0003344310000006345,0.0006235060000001624,0.0006327880000007724,0.0002308210000006028,0.0002586000000004418
G219,deterministic structured generated case,generated,True,3,0,23,1,7,8,4,3412,3006,1.1350632069194944,33,1542,9,8,184,28,2,0,2,4,188,192,324,2,4,2,1,4,4,0.00023387999999968656,0.0004113829999994323,0.0008246459999998734,0.0007629320000006601,0.0002944550000005819,0.000261839000000208
G220,deterministic structured generated case,generated,True,4,0,25,2,7,16,12,7482,4937,1.5154952400243062,44,2256,19,32,400,108,16,4,4,8,424,432,716,4,10,3,2,0,0,0.00035205000000004816,0.00105053400000088,0.0012740939999993373,0.0016727169999999347,0.0007679149999990642,0.0007798189999999039
G221,deterministic structured generated case,generated,True,4,0,22,1,17,16,16,7482,6211,1.2046369344710997,53,2968,31,16,352,80,16,0,0,0,368,368,576,2,8,4,0,0,1,0.00030525800000091863,0.0010976009999996705,0.0012634540000000527,0.0018992139999998159,0.0010503899999996236,0.000984637000000177
G222,deterministic structured generated case,generated,True,4,0,23,2,6,16,16,7916,4833,1.637906062487068,37,1784,13,32,368,106,23,0,9,0,400,400,676,4,8,2,1,0,0,0.0002708379999987187,0.000990691999998461,0.0014687620000000123,0.0017321710000004487,0.0007563539999999591,0.0008270189999990407
G223,deterministic structured generated case,generated,True,1,1,18,1,3,4,2,1926,2029,0.9492360768851651,21,992,3,4,72,8,4,0,0,0,76,76,104,2,2,1,0,0,0,0.00018642699999915635,0.0002327420000014513,0.0003645660000000106,0.00037656100000127424,0.00014935199999932536,0.0001562479999996924
G224,deterministic structured generated case,generated,True,2,1,24,2,4,8,2,3246,3006,1.0798403193612773,36,1611,10,16,192,42,3,1,4,8,200,208,322,4,4,1,0,1,2,0.00027623799999965115,0.00040930399999972167,0.000711908999999622,0.0009432450000002035,0.0003149520000000905,0.00032352099999855
G225,deterministic structured generated case,generated,True,3,1,28,1,14,16,4,5793,4016,1.442480079681275,47,2052,12,16,448,56,3,1,4,8,456,464,792,2,4,2,1,10,10,0.00039509700000017745,0.0007124689999997713,0.0013682209999998918,0.0017330869999998555,0.00034106799999911175,0.0004684980000000394
G226,deterministic structured generated case,generated,True,4,1,30,2,10,32,12,13615,6058,2.247441399801915,56,2767,25,64,960,248,30,6,12,16,1008,1024,1720,4,8,2,2,1,4,0.0007136769999984693,0.0019431789999995175,0.003159741999999355,0.003998606999999765,0.0015672680000005101,0.0016817409999987376
G227,deterministic structured generated case,generated,True,5,1,22,1,5,64,24,18807,5009,3.7546416450389297,39,1751,15,64,1408,304,24,0,24,16,1456,1472,2576,2,6,3,0,0,0,0.000492773999999585,0.002050820000000897,0.004487560999999474,0.005827120000001074,0.0009142630000003038,0.0012174839999996578
G228,deterministic structured generated case,generated,True,6,1,40,2,11,128,32,56041,10300,5.440873786407767,83,3657,37,256,5120,1216,80,16,32,128,5248,5376,10432,4,11,3,1,0,0,0.0014529999999997045,0.00753608700000008,0.015410805000000138,0.018853216999998423,0.005239593000000653,0.0064648400000013595
G229,deterministic structured generated case,generated,True,1,2,19,1,7,8,2,3338,3224,1.0353598014888337,34,1815,15,8,152,32,6,2,0,0,160,160,240,2,2,1,0,0,0,0.00037675099999923134,0.0006425639999996235,0.0006344609999988648,0.0007362239999988418,0.000314165000000699,0.0005771210000009575
G230,deterministic structured generated case,generated,True,2,2,35,2,10,16,2,7417,4643,1.597458539737239,54,2511,18,32,560,100,6,2,8,16,576,592,948,4,2,1,0,4,7,0.0005295739999997551,0.0011064790000006042,0.002283382999999972,0.004144842000000537,0.0014749450000000053,0.0007633679999994314
G231,deterministic structured generated case,generated,True,4,2,24,1,17,64,16,21765,6372,3.4157250470809792,55,3037,31,64,1536,320,64,0,0,0,1600,1600,2560,2,8,4,0,0,1,0.00056233799999994,0.00531202899999883,0.006178891999999436,0.008144792999999595,0.003124301999999801,0.008200000999998736
G232,deterministic structured generated case,generated,True,4,2,30,2,4,64,16,24812,4726,5.250105797714769,41,1668,8,128,1920,360,60,0,68,0,2048,2048,3344,4,6,2,1,1,1,0.0007021700000002795,0.004213476000000327,0.008044779999998752,0.009636542999999165,0.002031240000000878,0.0030500159999995446
G233,deterministic structured generated case,generated,True,5,2,21,1,3,128,24,35059,4562,7.68500657606313,30,1298,7,128,2688,352,32,0,64,32,2784,2816,4768,2,2,1,0,0,0,0.0007242190000003035,0.003323337000001203,0.007900996000000049,0.01055699600000004,0.0014038449999986824,0.0021783150000000973
G234,deterministic structured generated case,generated,True,6,2,37,2,6,256,32,98998,9014,10.982693587752385,68,2816,26,512,9472,2304,160,32,64,256,9728,9984,19200,4,8,3,2,0,0,0.0020312909999997686,0.012782447000001085,0.02801624100000133,0.0336336639999999,0.007135172999999995,0.011751326999998923
G235,deterministic structured generated case,generated,True,1,0,19,1,2,2,2,1412,2012,0.7017892644135189,22,1018,3,2,38,4,1,1,0,0,40,40,54,2,2,1,0,0,1,0.0001687700000001513,0.00016380000000104644,0.00023822999999900674,0.0003491929999999144,0.00017551000000004535,0.0002972369999998392
G236,deterministic structured generated case,generated,True,2,0,27,2,5,4,2,2430,2841,0.8553326293558606,33,1542,6,8,108,18,0,1,3,4,112,116,178,0,0,0,0,4,4,0.00030150700000142194,0.0003103289999994985,0.0004991249999992675,0.0007441030000006066,0.00025203000000040277,0.00024476699999986806
G237,deterministic structured generated case,generated,True,3,0,23,1,5,8,4,3371,2997,1.1247914581247915,34,1488,9,8,184,28,2,0,2,4,188,192,324,2,4,2,1,2,2,0.00024192899999953,0.000325922000000034,0.0007818279999991518,0.0007298939999991205,0.00023489500000017927,0.00024055399999944882
G238,deterministic structured generated case,generated,True,4,0,30,2,9,16,12,8502,5254,1.6181956604491816,48,2364,18,32,480,118,17,1,6,8,504,512,854,4,8,3,1,3,6,0.0003378240000007082,0.0008445889999997291,0.0015611609999997,0.0020064009999991583,0.000743378000001016,0.0007833430000001584
G239,deterministic structured generated case,generated,True,5,0,27,1,14,32,24,12403,5268,2.354403948367502,40,2054,12,32,864,112,6,2,16,8,888,896,1504,2,6,3,0,10,10,0.0005603570000012326,0.0012453449999991761,0.002687067999998405,0.0031003410000014497,0.0005297229999996489,0.0007574599999990994
G240,deterministic structured generated case,generated,True,6,0,31,2,9,64,32,26244,8695,3.0182863714778607,65,2957,30,128,1984,608,44,4,16,64,2048,2112,4192,4,8,3,0,0,0,0.0007399519999999882,0.003913411000000977,0.006749307999999843,0.009335735000000511,0.0020905140000007094,0.0024795869999998388
G241,deterministic structured generated case,generated,True,4,1,23,1,17,32,16,12135,6291,1.9289461134954697,54,3002,31,32,736,160,32,0,0,0,768,768,1216,2,8,4,0,0,1,0.0004538639999989158,0.0021786749999996857,0.002268052999999881,0.0032395829999991577,0.0016158629999996066,0.0016721390000000724
G242,deterministic structured generated case,generated,True,4,1,28,2,6,32,16,13473,4713,2.8586887332908977,39,1769,10,64,896,196,30,0,34,0,960,960,1592,4,8,2,1,2,2,0.0008228209999998626,0.001550914000000958,0.00298779199999899,0.0036661840000000723,0.0009417670000004819,0.000982869999999636
G243,deterministic structured generated case,generated,True,3,1,22,1,8,16,4,5126,3286,1.5599513085818624,36,1729,13,16,352,60,4,0,4,8,360,368,620,2,4,2,1,3,3,0.00035966700000145124,0.0006676660000000112,0.001269339000000258,0.003254262000000452,0.00040518100000142,0.00043299799999907407
G244,deterministic structured generated case,generated,True,4,1,37,2,11,32,12,15499,6636,2.3355937311633514,65,2848,23,64,1184,256,30,6,12,16,1232,1248,2144,4,6,2,1,3,3,0.0008969740000015491,0.002124611000001053,0.0033586069999991253,0.0057703949999989845,0.0014008590000003096,0.0024956199999994766
G245,deterministic structured generated case,generated,True,5,1,26,1,7,64,24,21535,5658,3.806115235065394,48,2215,20,64,1664,288,20,4,24,16,1712,1728,3008,2,8,4,0,1,1,0.0005067590000003008,0.0030011949999995124,0.005215999000000693,0.005962612000001144,0.0011986870000004757,0.0016533180000006809
G246,deterministic structured generated case,generated,True,6,1,38,2,13,128,32,52660,9477,5.556610741795927,79,3596,35,256,4864,1248,72,24,32,128,4992,5120,9952,4,12,3,1,3,10,0.0012670940000010233,0.009100656000001095,0.016257595999999097,0.024234125999999634,0.005047337999998902,0.008226160000001315
G247,deterministic structured generated case,generated,True,1,2,19,1,8,8,2,3357,3303,1.0163487738419619,34,1810,15,8,152,32,7,1,0,0,160,160,240,2,2,1,0,0,0,0.00028125899999942305,0.00046080499999945346,0.0007818480000008066,0.0011068149999999832,0.00035025900000107413,0.0003885600000010925
G248,deterministic structured generated case,generated,True,2,2,30,2,11,16,2,6458,3367,1.918027918027918,37,1902,8,32,480,76,2,2,12,16,496,512,796,2,2,1,0,9,9,0.00037296500000039146,0.0006526000000004473,0.0013962969999994357,0.0018412320000003035,0.0004054989999993097,0.0005190440000006902
G249,deterministic structured generated case,generated,True,3,2,19,1,3,32,4,8096,2621,3.0888973674170166,28,1268,8,32,608,104,8,0,8,16,624,640,1096,2,2,1,1,0,0,0.00032783400000013785,0.0009659850000005576,0.0023549539999994096,0.002358247000000091,0.0004717779999996452,0.0005726639999998895
G250,deterministic structured generated case,generated,True,4,2,34,2,10,64,12,26108,6384,4.089598997493734,63,2808,23,128,2176,464,64,16,16,32,2272,2304,3920,4,10,3,1,1,1,0.0008778980000005987,0.009494851999999554,0.009518401999999426,0.017824784000000093,0.004451416000000208,0.004680422999999934
G251,deterministic structured generated case,generated,True,4,2,24,1,17,64,16,21765,6372,3.4157250470809792,55,3037,31,64,1536,320,64,0,0,0,1600,1600,2560,2,8,4,0,0,1,0.0006704019999990152,0.004831184000000377,0.0062319090000002575,0.007401670000000138,0.002877995999998717,0.0031060510000013863
G252,deterministic structured generated case,generated,True,4,2,33,2,10,64,16,27156,6540,4.152293577981651,61,2602,21,128,2112,488,92,0,36,0,2240,2240,3920,4,10,3,1,0,2,0.0009625330000009313,0.004381480999999354,0.006403077999999951,0.009693962000000056,0.003229213999999203,0.0037557719999998795
G253,deterministic structured generated case,generated,True,1,0,19,1,3,2,2,1463,2156,0.6785714285714286,24,1006,3,2,38,4,2,0,0,0,40,40,54,2,2,1,0,0,0,0.00014008900000028746,0.00018192599999977688,0.00036203300000003935,0.00029851599999908274,0.00013944500000029336,0.0001390649999990501
G254,deterministic structured generated case,generated,True,2,0,20,2,6,4,2,2039,2398,0.8502919099249374,26,1327,6,8,80,18,1,0,3,4,84,88,130,2,2,1,0,4,4,0.00020447699999870395,0.0002727690000003946,0.0005941019999990971,0.0012709579999992116,0.00023728599999905953,0.0003986509999993615
G255,deterministic structured generated case,generated,True,3,0,23,1,2,8,4,3068,2778,1.1043916486681065,33,1412,9,8,184,28,1,1,2,4,188,192,316,2,4,2,1,0,1,0.00023054700000102457,0.00034327000000011765,0.0006564049999990829,0.0008884739999999169,0.00020766699999974492,0.0002396480000008694
G256,deterministic structured generated case,generated,True,4,0,35,2,10,16,12,8499,5896,1.4414857530529173,61,2692,20,32,560,116,14,6,4,8,584,592,1012,4,10,3,1,4,11,0.0003471919999995521,0.0012885719999999878,0.0019368980000002978,0.0029139919999998654,0.0008339169999995732,0.0013881969999989252
G257,deterministic structured generated case,generated,True,5,0,23,1,5,32,24,11249,4968,2.264291465378422,37,1649,12,32,736,128,12,0,12,8,760,768,1296,2,6,3,0,0,0,0.00032571199999864575,0.0011175139999988204,0.0021361779999988784,0.002682123999999675,0.0005448640000000893,0.0005705599999998867
G258,deterministic structured generated case,generated,True,6,0,33,2,6,64,32,26486,8139,3.254208133677356,67,2739,27,128,2112,608,32,16,16,64,2176,2240,4384,4,9,4,1,0,1,0.0008576229999999185,0.003893866000000301,0.007614496000000415,0.010137270999999615,0.0019188790000015388,0.0029187879999987842
G259,deterministic structured generated case,generated,True,1,1,22,1,4,4,2,2122,2861,0.741698706745893,35,1349,7,4,88,12,3,1,0,0,92,92,140,2,2,1,0,0,0,0.0001772989999988539,0.0003784870000007601,0.0004756600000010991,0.0005375799999995934,0.00023210800000050824,0.00028224100000073804
G260,deterministic structured generated case,generated,True,2,1,25,2,7,8,2,3459,3293,1.05040996052232,39,1860,12,16,200,44,2,2,4,8,208,216,332,4,4,1,0,4,4,0.00024983199999972783,0.0004768090000002445,0.0007886060000004136,0.001001521000000949,0.00045150700000107236,0.0003934239999985323
G261,deterministic structured generated case,generated,True,4,1,23,1,17,32,16,12135,6291,1.9289461134954697,54,3002,31,32,736,160,32,0,0,0,768,768,1216,2,8,4,0,0,1,0.00048003699999910054,0.0020338619999993313,0.002349461999999747,0.0035098980000007884,0.0016039000000009906,0.001634267999998329
G262,deterministic structured generated case,generated,True,4,1,30,2,10,32,16,14678,6120,2.3983660130718953,53,2563,22,64,960,228,30,0,34,0,1024,1024,1752,4,10,3,1,0,0,0.0005380099999996446,0.0018877609999989886,0.004588952000000646,0.005038662000000471,0.0019212639999999226,0.0013980060000005068
G263,deterministic structured generated case,generated,True,5,1,22,1,4,64,24,19098,5031,3.7960644007155637,37,1662,13,64,1408,280,18,6,24,16,1456,1472,2552,2,4,2,0,0,0,0.00046884400000024584,0.0020453620000004946,0.0044186970000001935,0.006684246999999033,0.001132754999998653,0.0011801899999994703
G264,deterministic structured generated case,generated,True,6,1,32,2,9,128,32,48687,8849,5.501977624590349,55,2419,19,256,4096,1088,80,16,32,128,4224,4352,8512,4,4,2,1,5,5,0.001116155000000063,0.007405689000000493,0.015250792000001567,0.025653521000000623,0.004639938000000399,0.007303190000000015
G265,deterministic structured generated case,generated,True,1,2,19,1,7,8,2,3273,3219,1.0167753960857409,34,1811,15,8,152,32,6,2,0,0,160,160,240,2,2,1,0,0,0,0.00027754499999943505,0.000519794000000573,0.0006519029999996206,0.0007716030000004537,0.00041139299999848333,0.00040409700000054727
G266,deterministic structured generated case,generated,True,2,2,26,2,9,16,2,6146,3600,1.7072222222222222,40,2003,14,32,416,96,8,0,8,16,432,448,704,4,4,1,0,4,4,0.0002739309999988393,0.0007023890000006361,0.0016152989999991263,0.004496563000000009,0.0006933589999995604,0.0006465760000011755
G267,deterministic structured generated case,generated,True,3,2,23,1,5,32,4,9201,3308,2.7814389359129383,37,1685,13,32,736,120,8,0,8,16,752,768,1304,2,4,2,1,0,0,0.0004118470000005203,0.0014108929999991915,0.002753238999998686,0.003094295999998664,0.0005346790000011481,0.0009117189999994224
G268,deterministic structured generated case,generated,True,4,2,29,2,11,64,12,25853,6769,3.8193233860245237,57,2963,28,128,1856,512,64,16,16,32,1952,1984,3456,4,8,3,2,0,5,0.0006847619999987842,0.004596991999999744,0.006290367000000074,0.00895921999999949,0.0032376080000009466,0.0036481489999999894
G269,deterministic structured generated case,generated,True,5,2,29,1,7,128,24,43181,5997,7.200433550108388,49,2331,19,128,3712,416,24,8,64,32,3808,3840,6496,2,6,3,0,0,0,0.0009009249999998303,0.0037021400000014637,0.009093522000000576,0.011305828000001128,0.0016095059999994277,0.002434594000000345
G270,deterministic structured generated case,generated,True,6,2,39,2,14,256,32,111311,11214,9.926074549670055,87,4146,44,512,9984,2432,160,32,64,256,10240,10496,20608,4,13,5,2,0,0,0.002391389000001354,0.01566252099999943,0.03278827000000106,0.04040302500000159,0.011493434000000136,0.015493798999999697
G271,deterministic structured generated case,generated,True,4,0,22,1,17,16,16,7482,6211,1.2046369344710997,53,2968,31,16,352,80,16,0,0,0,368,368,576,2,8,4,0,0,1,0.00035211900000042817,0.0013336949999995795,0.001601811999998759,0.0018788949999990479,0.0012304839999988104,0.0008743889999998089
G272,deterministic structured generated case,generated,True,4,0,25,2,4,16,16,7594,4444,1.708820882088209,36,1621,10,32,400,98,15,0,17,0,432,432,732,4,8,2,1,0,1,0.0004070050000013481,0.0006683929999997673,0.0037013950000002183,0.002349252000000135,0.0008480669999997303,0.0013455800000006235
G273,deterministic structured generated case,generated,True,3,0,21,1,3,8,4,2894,2819,1.0266051791415396,34,1345,9,8,168,28,2,0,2,4,172,176,292,2,4,2,1,0,0,0.00020306599999919683,0.000432409000000078,0.0006117440000004137,0.0007393360000005345,0.0002701470000001649,0.00027410300000063614
G274,deterministic structured generated case,generated,True,4,0,23,2,6,16,12,7156,4455,1.6062850729517397,39,1920,15,32,368,108,16,2,6,8,392,400,668,4,8,2,1,1,2,0.00023944700000022578,0.0008437119999999965,0.001184565000000859,0.001582892000000058,0.0005704479999995016,0.0007462940000007023
G275,deterministic structured generated case,generated,True,5,0,27,1,14,32,24,12631,6042,2.0905329361138696,51,2621,23,32,864,156,8,4,12,8,888,896,1548,2,8,4,1,7,8,0.00046535099999900353,0.0018225260000015453,0.0036981140000005297,0.003532619000001347,0.0007612290000000854,0.002499183999999488
G276,deterministic structured generated case,generated,True,6,0,38,2,17,64,32,30551,9363,3.2629499092171312,70,3262,28,128,2432,576,48,0,16,64,2496,2560,4928,4,11,3,2,8,13,0.0008473460000004707,0.008321904000000657,0.011898092999999221,0.01616398800000063,0.00574129499999998,0.004593513999999743
G277,deterministic structured generated case,generated,True,1,1,24,1,5,4,2,2460,2890,0.8512110726643599,31,1428,7,4,96,12,4,0,0,0,100,100,148,2,2,1,0,0,1,0.0006009959999992986,0.00031998599999916166,0.0003944019999995163,0.0004827709999997154,0.0002011450000001247,0.0002190889999997836
G278,deterministic structured generated case,generated,True,2,1,22,2,8,8,2,3425,3213,1.0659819483348896,35,1758,12,16,176,44,4,0,4,8,184,192,300,4,4,1,0,3,3,0.0002762609999997778,0.00036182100000026196,0.0006806219999990759,0.0009388989999994379,0.0003150089999994776,0.0005317639999997681
G279,deterministic structured generated case,generated,True,3,1,20,1,4,16,4,4717,2992,1.57653743315508,34,1590,13,16,320,60,3,1,4,8,328,336,572,2,4,2,1,0,0,0.00022582800000137127,0.001149929000000327,0.0013909989999998373,0.0012625169999989083,0.0002944130000006595,0.0003791189999997613
G280,deterministic structured generated case,generated,True,4,1,28,2,7,32,12,13617,5324,2.5576634109691962,48,2382,20,64,896,232,32,8,8,16,944,960,1640,4,8,2,1,0,2,0.00043990799999882313,0.0017141590000004925,0.002947176999999357,0.003959470999999937,0.00125092100000046,0.0018433790000003114
G281,deterministic structured generated case,generated,True,4,1,23,1,17,32,16,12135,6291,1.9289461134954697,54,3002,31,32,736,160,32,0,0,0,768,768,1216,2,8,4,0,0,1,0.0003810499999996608,0.0020612669999984234,0.002352225999999291,0.0038153520000001606,0.0016129239999997935,0.00172285799999905
G282,deterministic structured generated case,generated,True,4,1,31,2,10,32,16,15619,6175,2.5293927125506075,53,2556,21,64,992,244,46,0,18,0,1056,1056,1800,4,10,3,1,0,0,0.00047340199999901245,0.003769890999999248,0.003551882000000006,0.004515034999998946,0.00161998799999985,0.0018049130000008518
G283,deterministic structured generated case,generated,True,1,2,25,1,8,8,2,3744,3990,0.9383458646616541,46,1982,15,8,200,32,7,1,0,0,208,208,328,2,2,1,0,0,0,0.0002521739999998829,0.0004848759999998009,0.0008800769999997016,0.0009173039999996746,0.00039251499999970463,0.00040282400000002383
G284,deterministic structured generated case,generated,True,2,2,27,2,6,16,2,5808,3502,1.6584808680753855,40,1843,12,32,432,80,4,0,12,16,448,464,704,2,2,1,0,1,1,0.00032005199999929346,0.0005610069999999467,0.0011925040000004827,0.0014025400000008403,0.00035767600000014,0.0005316729999993441
G285,deterministic structured generated case,generated,True,3,2,23,1,4,32,4,9075,3316,2.7367310012062727,37,1686,13,32,736,120,6,2,8,16,752,768,1304,2,2,1,1,0,0,0.00031345500000057314,0.0014108539999995173,0.002361534000000276,0.0028884709999985603,0.0007878659999995818,0.0008971569999989271
G286,deterministic structured generated case,generated,True,4,2,25,2,9,64,12,23720,6332,3.746051800379027,49,2575,24,128,1600,480,72,8,16,32,1696,1728,2976,4,6,2,2,0,0,0.0004920589999990455,0.003768529999998549,0.006264362999999662,0.008022061000000136,0.002914550999999932,0.0031924570000008146
G287,deterministic structured generated case,generated,True,5,2,23,1,5,128,24,35580,4775,7.451308900523561,35,1612,11,128,2944,384,32,0,64,32,3040,3072,5184,2,6,3,0,0,0,0.0007960759999985356,0.004123619000001355,0.008215916999999351,0.010679005000000075,0.001511451999999025,0.0022010370000007384
G288,deterministic structured generated case,generated,True,6,2,41,2,11,256,32,104088,10342,10.064590988203442,85,3598,35,512,10496,2304,160,32,64,256,10752,11008,21248,4,10,3,1,0,0,0.0030565659999997052,0.015771672000001402,0.030858549999999596,0.04223659500000032,0.009777667999999906,0.014174650999999372
G289,deterministic structured generated case,generated,True,1,0,17,1,3,2,2,1436,2007,0.715495764823119,21,965,3,2,34,4,2,0,0,0,36,36,48,2,2,1,0,0,0,0.0002381019999990741,0.0002330829999994677,0.00036848599999927956,0.0002856300000004808,0.00013823500000142985,0.00016581500000079075
G290,deterministic structured generated case,generated,True,2,0,26,2,6,4,2,2357,2853,0.8261479144759902,33,1492,6,8,104,18,1,0,3,4,108,112,170,2,2,1,0,4,9,0.00028421799999911457,0.0002802259999992174,0.0005748870000008566,0.0005900949999997351,0.00022646000000037247,0.00023825899999962985
G291,deterministic structured generated case,generated,True,4,0,22,1,17,16,16,7482,6211,1.2046369344710997,53,2968,31,16,352,80,16,0,0,0,368,368,576,2,8,4,0,0,1,0.00029465599999944914,0.0015612129999986735,0.00159328800000047,0.002373843999999181,0.0010072570000012604,0.0009176419999992191
G292,deterministic structured generated case,generated,True,4,0,21,2,3,16,16,6927,3940,1.7581218274111674,30,1371,8,32,336,90,15,0,17,0,368,368,596,4,6,2,1,0,0,0.0002666169999994139,0.0006747970000002823,0.001383981000000034,0.0017791970000011759,0.0005549330000000907,0.0005742919999995877
G293,deterministic structured generated case,generated,True,5,0,27,1,14,32,24,12772,5945,2.148359966358284,49,2458,20,32,864,144,10,2,12,8,888,896,1536,2,8,4,0,8,8,0.00045233700000046895,0.001547884000000721,0.003623349999999803,0.003580657000000542,0.0009291959999995214,0.001402711000000778
G294,deterministic structured generated case,generated,True,6,0,41,2,17,64,32,29195,10811,2.700490241420775,99,4470,48,128,2624,640,34,14,16,64,2688,2752,5440,4,13,4,1,2,6,0.0008652219999998323,0.005597279999999927,0.009191748000000999,0.012083776000000768,0.00324152600000005,0.004688041999999726
G295,deterministic structured generated case,generated,True,1,1,14,1,2,4,2,1653,1745,0.9472779369627508,18,874,3,4,56,8,2,2,0,0,60,60,80,2,0,0,0,0,0,0.00021071900000002586,0.00033278099999911603,0.00029897699999992255,0.0004025159999994088,0.00014060199999832435,0.00016807299999932468
G296,deterministic structured generated case,generated,True,2,1,25,2,7,8,2,3518,3094,1.1370394311570782,35,1732,10,16,200,42,2,2,4,8,208,216,330,2,2,1,0,4,4,0.0004638860000003575,0.000757408000000126,0.0008304260000002728,0.0015172169999999596,0.0003129749999999376,0.0020020019999993366
G297,deterministic structured generated case,generated,True,3,1,24,1,5,16,4,5166,3103,1.6648404769577827,36,1450,8,16,384,52,4,0,4,8,392,400,660,2,2,1,1,2,2,0.00030163399999949547,0.0006223090000005982,0.0029844610000004934,0.0017230589999996937,0.00033805099999995036,0.00042904600000071014
G298,deterministic structured generated case,generated,True,4,1,34,2,17,32,12,14861,8041,1.8481532147742818,80,3922,40,64,1088,268,27,9,12,16,1136,1152,1996,4,8,3,1,1,1,0.0006555110000014963,0.0045086160000007425,0.00705612500000008,0.007829133999999627,0.0027302989999995475,0.003640169000000526
G299,deterministic structured generated case,generated,True,5,1,22,1,4,64,24,18689,4798,3.8951646519383076,38,1749,15,64,1408,288,16,8,24,16,1456,1472,2560,2,6,3,1,0,0,0.0004337810000016873,0.0020969170000011417,0.00476186000000034,0.004859091000000149,0.0009066290000010468,0.0012677119999988662
G300,deterministic structured generated case,generated,True,6,1,36,2,14,128,32,55069,10641,5.175171506437365,85,4142,45,256,4608,1216,52,44,32,128,4736,4864,9408,2,7,4,1,0,0,0.00153906499999934,0.009187745000000191,0.015025986999999574,0.022468906000000288,0.004317993000000797,0.007551725000000786
G301,deterministic structured generated case,generated,True,4,2,24,1,17,64,16,21765,6372,3.4157250470809792,55,3037,31,64,1536,320,64,0,0,0,1600,1600,2560,2,8,4,0,0,1,0.000663003999999745,0.0039549870000001874,0.004621316999999792,0.007530566999999877,0.00313390300000016,0.0032506559999987417
G302,deterministic structured generated case,generated,True,4,2,27,2,6,64,16,23994,4923,4.873857404021938,39,1791,11,128,1728,424,60,0,68,0,1856,1856,3152,4,6,2,1,2,2,0.0005725320000014023,0.0029705589999995397,0.005729217999999037,0.006859358000001592,0.0016750089999995055,0.0018503679999994915
G303,deterministic structured generated case,generated,True,3,2,27,1,14,32,4,11256,4882,2.305612453912331,56,2848,27,32,864,144,6,2,8,16,880,896,1552,2,4,2,1,7,7,0.00044098499999911667,0.0015949279999993848,0.0028636140000006804,0.003267676000000108,0.000778071000000935,0.0010260280000000677
G304,deterministic structured generated case,generated,True,4,2,28,2,7,64,12,24680,4601,5.364051293197131,41,2053,13,128,1792,384,48,32,16,32,1888,1920,3072,4,6,2,0,3,3,0.0006439650000000796,0.0036357250000005337,0.0053688400000009295,0.008855868999999572,0.0027285380000012793,0.0038435579999998026
G305,deterministic structured generated case,generated,True,5,2,31,1,7,128,24,40531,5535,7.322673893405601,49,1920,11,128,3968,384,24,8,64,32,4064,4096,6976,2,6,3,0,3,3,0.0009746819999989498,0.004506728000000848,0.011101902000000052,0.013157649000000049,0.0012382639999994893,0.0025085619999991593
G306,deterministic structured generated case,generated,True,6,2,36,2,10,256,32,100211,9121,10.986843547856594,73,3256,31,512,9216,2432,128,64,64,256,9472,9728,19072,4,8,3,1,2,2,0.0026500929999997425,0.014340290999999894,0.03115897500000031,0.0375242449999984,0.007785452000000248,0.011110995999999318
G307,deterministic structured generated case,generated,True,1,0,17,1,3,2,2,1409,1985,0.7098236775818639,21,958,3,2,34,4,2,0,0,0,36,36,48,2,2,1,0,0,0,0.00018409699999999418,0.00017791500000008398,0.0003191430000004658,0.00030342700000041134,0.000130919999998369,0.00012511100000089925
G308,deterministic structured generated case,generated,True,2,0,27,2,6,4,2,2392,2848,0.8398876404494382,33,1558,6,8,108,18,0,1,3,4,112,116,174,0,0,0,0,5,8,0.00019595499999880417,0.00026715700000146114,0.0005408530000003964,0.0005806969999984091,0.00021113899999924968,0.00027488099999928295
G309,deterministic structured generated case,generated,True,3,0,15,1,2,8,4,2414,2136,1.1301498127340823,24,1048,7,8,120,28,2,0,2,4,124,128,220,2,2,1,0,0,0,0.00017931100000012634,0.000302201000000224,0.0005428339999991039,0.0006123749999993322,0.0002514160000011145,0.00025657900000020106
G310,deterministic structured generated case,generated,True,4,0,33,2,10,16,12,8720,5830,1.495711835334477,58,2900,25,32,528,124,11,7,6,8,552,560,956,4,10,3,1,2,13,0.00039866599999882624,0.001204536000001255,0.002042964000001035,0.0026209680000004454,0.0008081159999999699,0.0010856050000001005
G311,deterministic structured generated case,generated,True,4,0,22,1,17,16,16,7482,6211,1.2046369344710997,53,2968,31,16,352,80,16,0,0,0,368,368,576,2,8,4,0,0,1,0.0003351889999994029,0.001155419999999907,0.0016479120000010283,0.002150284000000724,0.0011226099999994688,0.0009332959999994728
G312,deterministic structured generated case,generated,True,4,0,27,2,6,16,16,8351,5177,1.6130963878694224,43,1889,13,32,432,106,23,0,9,0,464,464,756,4,8,2,1,0,0,0.00029947500000027105,0.0009404489999997878,0.0014763970000011284,0.0019710709999998244,0.0006688420000013906,0.0007714029999998928
G313,deterministic structured generated case,generated,True,1,1,16,1,3,4,2,1896,2105,0.9007125890736342,22,927,3,4,64,8,4,0,0,0,68,68,92,2,0,0,0,0,0,0.0003715329999991468,0.0002422250000009285,0.00036400100000122393,0.0004189239999998762,0.0002171830000001762,0.0002033509999996852
G314,deterministic structured generated case,generated,True,2,1,23,2,6,8,2,3346,3062,1.092749836708034,34,1748,12,16,184,44,3,1,4,8,192,200,308,4,4,1,0,2,2,0.0003787160000001677,0.0004463780000012463,0.0008642630000004203,0.0008358239999992634,0.00046305200000062996,0.0004245990000004696
G315,deterministic structured generated case,generated,True,3,1,20,1,2,16,4,4454,2557,1.7418850215095816,30,1323,9,16,320,56,2,2,4,8,328,336,568,2,4,2,1,0,0,0.0004557939999987326,0.0006475819999991472,0.001349545000000063,0.0013051839999995707,0.0003217600000002818,0.0004257040000013035
G316,deterministic structured generated case,generated,True,4,1,32,2,13,32,12,15032,6948,2.1635002878526195,65,3375,33,64,1024,260,28,8,12,16,1072,1088,1892,4,10,3,1,1,8,0.0006136459999996902,0.0026203710000007874,0.003341730000000709,0.005362820999998519,0.001982224999999005,0.001862474999999364
G317,deterministic structured generated case,generated,True,5,1,24,1,8,64,24,19614,5084,3.8579858379228953,40,1930,15,64,1536,288,16,8,24,16,1584,1600,2752,2,6,3,0,4,4,0.00045859200000109013,0.0025739869999998888,0.004398690999998678,0.005570408000000526,0.00118749600000001,0.0014733680000009741
G318,deterministic structured generated case,generated,True,6,1,31,2,11,128,32,47291,9078,5.209407358448997,70,3319,35,256,3968,1152,80,16,32,128,4096,4224,8576,4,13,4,2,0,0,0.0014066590000005874,0.007208812000000009,0.014716697000000778,0.017538172000000074,0.003994192000000396,0.006851876000000701
G319,deterministic structured generated case,generated,True,1,2,21,1,3,8,2,3172,2433,1.3037402383888204,26,1076,3,8,168,16,8,0,0,0,176,176,248,2,0,0,0,0,1,0.00016442500000124483,0.0003336820000008345,0.0005709110000005069,0.0009172970000008718,0.0002526769999988687,0.0002684660000014105
G320,deterministic structured generated case,generated,True,2,2,33,2,10,16,2,7158,3682,1.9440521455730582,41,1951,8,32,528,76,4,0,12,16,544,560,860,2,2,1,0,7,11,0.00031628400000016654,0.0012638200000001376,0.0016025479999992598,0.0032100000000010454,0.0006917429999990787,0.000850898999999572
G321,deterministic structured generated case,generated,True,4,2,24,1,17,64,16,21765,6372,3.4157250470809792,55,3037,31,64,1536,320,64,0,0,0,1600,1600,2560,2,8,4,0,0,1,0.0005698560000002573,0.004585514000000401,0.01111928499999948,0.00938747600000056,0.0035449449999997995,0.003309858999999804
G322,deterministic structured generated case,generated,True,4,2,29,2,10,64,16,24808,5527,4.488510946263796,46,2124,14,128,1856,424,60,0,68,0,1984,1984,3344,4,8,2,1,4,6,0.0006022940000001142,0.0057250350000011,0.007135461000000731,0.014343575999999914,0.0030648360000000707,0.00474705700000122
G323,deterministic structured generated case,generated,True,5,2,25,1,4,128,24,37500,4439,8.447848614552827,33,1471,7,128,3200,352,16,16,64,32,3296,3328,5536,2,4,2,0,2,2,0.000985137000000691,0.005318595000000315,0.011457626000000332,0.011504582000000596,0.0009564439999998342,0.00218563900000035
G324,deterministic structured generated case,generated,True,6,2,34,2,11,256,32,96983,9728,9.969469572368421,76,3536,38,512,8704,2496,160,32,64,256,8960,9216,18368,4,11,3,1,0,0,0.0021821830000003928,0.013983624999999833,0.03195138300000089,0.038017165000001185,0.008836501999999413,0.011901058999999492
G325,deterministic structured generated case,generated,True,1,0,17,1,2,2,2,1303,1855,0.7024258760107817,20,954,3,2,34,4,1,1,0,0,36,36,48,2,2,1,0,0,0,0.00015806499999904133,0.0001753390000001076,0.00029299800000082143,0.00028391200000044137,0.00013419399999925474,0.00017917699999969727
G326,deterministic structured generated case,generated,True,2,0,21,2,5,4,2,2057,2418,0.8507030603804797,27,1325,6,8,84,18,1,0,3,4,88,92,134,2,2,1,0,3,3,0.00036273099999917235,0.0002517690000001238,0.00036371800000090104,0.00039545299999943495,0.00017241699999992477,0.00018913200000092445
G327,deterministic structured generated case,generated,True,3,0,23,1,8,8,4,3266,2998,1.0893929286190793,33,1553,9,8,184,28,2,0,2,4,188,192,316,2,4,2,1,5,6,0.00018602699999981098,0.001138056000000276,0.0007116469999992603,0.00123587700000094,0.00026569299999934515,0.0007551550000002294
G328,deterministic structured generated case,generated,True,4,0,29,2,17,16,12,8551,6033,1.4173711254765458,56,3108,27,32,464,116,14,6,4,8,488,496,836,4,12,4,0,7,8,0.00033754400000063356,0.0017703390000001207,0.0017785690000007293,0.0027683710000001582,0.0011418179999989064,0.001399582999999538
G329,deterministic structured generated case,generated,True,5,0,25,1,7,32,24,11549,4868,2.372432210353328,39,1821,12,32,800,112,4,4,16,8,824,832,1408,2,6,3,0,4,4,0.0003310750000000695,0.0011137370000007252,0.002201637999998951,0.00255882599999957,0.0005714559999994151,0.0006519340000004092
G330,deterministic structured generated case,generated,True,6,0,33,2,5,64,32,26038,8229,3.1641754769716854,63,2555,24,128,2112,608,44,4,16,64,2176,2240,4384,4,6,3,0,0,2,0.0006127500000001618,0.002911106999999191,0.007778753000000194,0.008229868000000806,0.002129477000000435,0.003171375999999171
G331,deterministic structured generated case,generated,True,4,1,23,1,17,32,16,12135,6291,1.9289461134954697,54,3002,31,32,736,160,32,0,0,0,768,768,1216,2,8,4,0,0,1,0.0006996430000008047,0.001827576000000164,0.0021892139999994953,0.003612804999999497,0.0022322859999999167,0.0016934650000006712
G332,deterministic structured generated case,generated,True,4,1,30,2,10,32,16,14418,5307,2.7167891464104015,45,2159,14,64,960,212,30,0,34,0,1024,1024,1736,4,10,3,1,4,4,0.0004379070000002372,0.0015064329999994186,0.0026900350000005346,0.0038124520000000217,0.0012336269999995153,0.0012375480000006434
G333,deterministic structured generated case,generated,True,3,1,22,1,8,16,4,5094,3248,1.5683497536945812,35,1687,12,16,352,56,4,0,4,8,360,368,616,2,4,2,1,3,3,0.00023254899999969325,0.0006271400000006366,0.0011638709999992614,0.0013270779999992044,0.0003276849999984677,0.0003891330000005411
G334,deterministic structured generated case,generated,True,4,1,25,2,9,32,12,13248,5826,2.27394438722966,50,2618,25,64,800,256,30,6,12,16,848,864,1472,4,6,2,1,0,1,0.0003687819999989017,0.0017830439999997338,0.0027644470000005583,0.004029652999999911,0.003163446999998598,0.0019180890000001227
G335,deterministic structured generated case,generated,True,5,1,28,1,14,64,24,23317,6531,3.570203644158628,51,2612,22,64,1792,280,20,4,24,16,1840,1856,3192,2,6,3,1,6,6,0.0008401769999988318,0.0030185889999998494,0.005501594000000054,0.007523367999999309,0.0019547890000009005,0.002272515999999669
G336,deterministic structured generated case,generated,True,6,1,44,2,20,128,32,65491,12901,5.076428183861716,100,4893,52,256,5632,1248,84,12,32,128,5760,5888,11488,4,11,4,2,2,23,0.0016767899999994285,0.010023541999998997,0.01872088700000063,0.02549371899999997,0.0066663560000002064,0.008794721000001005
G337,deterministic structured generated case,generated,True,1,2,25,1,8,8,2,4058,3784,1.0724101479915433,40,2002,15,8,200,32,7,1,0,0,208,208,320,2,2,1,0,0,1,0.00032669199999979526,0.0008538680000000909,0.0008238970000000734,0.0009851170000008125,0.00038980399999921644,0.0003540299999986729
G338,deterministic structured generated case,generated,True,2,2,35,2,8,16,2,7244,4376,1.6553930530164533,55,2254,14,32,560,96,6,2,8,16,576,592,960,4,4,1,0,4,4,0.000290471999999653,0.0009145359999997993,0.003649016000000671,0.0027593390000006934,0.0012754759999999976,0.0007430230000000648
G339,deterministic structured generated case,generated,True,3,2,25,1,7,32,4,10415,3436,3.031140861466822,38,1806,12,32,800,112,6,2,8,16,816,832,1424,2,4,2,1,3,3,0.0004067279999997453,0.0010561320000004315,0.003432464999999496,0.008502560000000159,0.0013542379999993415,0.0007236759999997844
G340,deterministic structured generated case,generated,True,4,2,31,2,15,64,12,25512,6082,4.194672804998356,57,2951,24,128,1984,464,48,32,16,32,2080,2112,3472,4,8,3,0,7,9,0.0006315120000000007,0.0065871930000014345,0.005987097000000219,0.010904065000000074,0.00391349299999888,0.0056088499999997765
G341,deterministic structured generated case,generated,True,4,2,24,1,17,64,16,21765,6372,3.4157250470809792,55,3037,31,64,1536,320,64,0,0,0,1600,1600,2560,2,8,4,0,0,1,0.0006850889999991949,0.00410112900000037,0.0048692769999991725,0.008097854999999043,0.0037146739999993628,0.002883369000000968
G342,deterministic structured generated case,generated,True,4,2,24,2,4,64,16,23609,4555,5.183095499451152,34,1559,9,128,1536,360,92,0,36,0,1664,1664,2768,4,6,2,1,0,0,0.0005536520000006817,0.0030277139999999036,0.005396355999998548,0.0062310099999987045,0.002014064999999121,0.001985937000000604
G343,deterministic structured generated case,generated,True,1,0,17,1,3,2,2,1386,1938,0.7151702786377709,20,953,3,2,34,4,2,0,0,0,36,36,48,2,2,1,0,0,0,0.00017076900000034811,0.00017946300000026838,0.0002851699999997237,0.00026744700000058685,0.00012694599999996115,0.00012281300000083206
G344,deterministic structured generated case,generated,True,2,0,22,2,7,4,2,2159,2524,0.8553882725832013,27,1408,6,8,88,18,1,0,3,4,92,96,146,2,2,1,0,5,5,0.0002513990000014843,0.000272498999999371,0.00045742999999909273,0.00046258599999937644,0.00024060199999986764,0.0002724609999997796
G345,deterministic structured generated case,generated,True,3,0,25,1,7,8,4,3476,3126,1.1119641714651312,35,1588,9,8,200,28,2,0,2,4,204,208,348,2,4,2,1,4,4,0.0003146799999989014,0.00043941799999913655,0.0011030820000001995,0.0008451009999994596,0.00024802799999967817,0.0003242649999997127
G346,deterministic structured generated case,generated,True,4,0,26,2,10,16,12,7685,5701,1.3480091212068057,55,2896,29,32,416,130,14,4,6,8,440,448,770,4,12,3,2,0,2,0.0003306139999992297,0.0011339989999985534,0.0016603889999995403,0.0019932489999998637,0.0008114619999997075,0.00105900400000003
G347,deterministic structured generated case,generated,True,5,0,25,1,8,32,24,11398,5239,2.175606031685436,41,1780,12,32,800,116,12,0,12,8,824,832,1380,2,6,3,1,3,3,0.00044237800000068717,0.0011186829999996206,0.0021538560000013973,0.002812235000000385,0.0006488219999987166,0.000696525000000392
G348,deterministic structured generated case,generated,True,6,0,35,2,8,64,32,27016,8866,3.0471464019851116,72,2958,29,128,2240,608,44,4,16,64,2304,2368,4640,4,10,3,1,0,3,0.0012650509999989623,0.0032843329999998616,0.007729195999999661,0.008756123999999588,0.0023356379999999177,0.0030709110000000095
G349,deterministic structured generated case,generated,True,1,1,22,1,4,4,2,2137,2873,0.7438217890706579,35,1354,7,4,88,12,3,1,0,0,92,92,140,2,2,1,0,0,0,0.00020224799999901677,0.0002750439999985588,0.0004994440000007927,0.0006528569999986189,0.00019951699999865014,0.00020595700000036743
G350,deterministic structured generated case,generated,True,2,1,25,2,7,8,2,3541,3118,1.1356638871071199,35,1738,10,16,200,42,2,2,4,8,208,216,338,2,2,1,0,4,5,0.00020760900000027505,0.0004499479999999778,0.0008540859999985884,0.0008229379999988851,0.00028250699999965434,0.0003276769999995821
G351,deterministic structured generated case,generated,True,4,1,23,1,17,32,16,12135,6291,1.9289461134954697,54,3002,31,32,736,160,32,0,0,0,768,768,1216,2,8,4,0,0,1,0.0003975919999987809,0.002543058000000542,0.003086941999999482,0.006307848000000504,0.0020713459999992523,0.002010626999998877
G352,deterministic structured generated case,generated,True,4,1,26,2,4,32,16,12719,4584,2.774650959860384,39,1648,10,64,832,196,30,0,34,0,896,896,1464,4,8,2,1,0,0,0.0005531590000007469,0.001440322000000549,0.0028305020000001235,0.0035250389999994525,0.0007636919999995939,0.0012092370000011954
G353,deterministic structured generated case,generated,True,5,1,32,1,8,64,24,22296,5964,3.738430583501006,53,2071,14,64,2048,256,24,0,24,16,2096,2112,3616,2,6,3,1,3,4,0.0006353499999995904,0.002408314000000189,0.005112415000001036,0.006590518999999517,0.0012655960000014232,0.0021343070000003905
G354,deterministic structured generated case,generated,True,6,1,38,2,14,128,32,57993,10771,5.384179741899545,86,4086,43,256,4864,1184,76,20,32,128,4992,5120,10016,4,13,4,2,0,0,0.0013098370000008686,0.009889978000000355,0.017280399000000557,0.020054209999999628,0.005451870999999997,0.007255233000000416
G355,deterministic structured generated case,generated,True,1,2,19,1,4,8,2,3242,2522,1.2854877081681206,27,1302,7,8,152,24,6,2,0,0,160,160,240,2,2,1,0,0,0,0.00016806300000027363,0.00040819399999847406,0.0005417510000000902,0.0007655779999993229,0.00023748799999978587,0.00029079700000167463
G356,deterministic structured generated case,generated,True,2,2,34,2,20,16,2,7503,4477,1.6758990395354032,48,2472,12,32,544,80,4,0,12,16,560,576,896,2,2,1,0,15,21,0.0006360160000014048,0.0007609100000003366,0.0014914909999994563,0.0019206640000000164,0.0005139520000003728,0.0005950839999986357
G357,deterministic structured generated case,generated,True,3,2,29,1,14,32,4,11625,4727,2.459276496720965,51,2582,21,32,928,128,7,1,8,16,944,960,1632,2,4,2,1,6,7,0.0003798020000012059,0.0013250700000000393,0.003039747999999065,0.0032200909999993144,0.000660011000000793,0.000906112999999209
G358,deterministic structured generated case,generated,True,4,2,35,2,17,64,12,26994,7920,3.408333333333333,76,3712,35,128,2240,512,56,24,16,32,2336,2368,4096,4,8,3,1,4,7,0.0006586619999993104,0.005921689000000896,0.006215019999999072,0.010195882999999739,0.0037180750000000984,0.005470223999999746
G359,deterministic structured generated case,generated,True,5,2,29,1,7,128,24,40028,6329,6.32453784168115,51,2300,19,128,3712,416,24,8,64,32,3808,3840,6368,2,4,2,0,0,1,0.0008936640000012375,0.0035672540000000197,0.009267960000000741,0.011325041999999286,0.0014531419999990192,0.0023643890000002443
G360,deterministic structured generated case,generated,True,6,2,41,2,30,256,32,103994,12677,8.203360416502328,101,5002,51,512,10496,2496,152,40,64,256,10752,11008,21952,4,10,4,1,12,16,0.003288729999999518,0.025164970999998815,0.03265797599999942,0.05268123899999999,0.017798310999999956,0.028588168000000636
G361,deterministic structured generated case,generated,True,4,0,22,1,17,16,16,7482,6211,1.2046369344710997,53,2968,31,16,352,80,16,0,0,0,368,368,576,2,8,4,0,0,1,0.00039599099999954035,0.0011627150000013131,0.0012101750000006462,0.002247275000000215,0.0012042000000000996,0.004477969999999942
G362,deterministic structured generated case,generated,True,4,0,32,2,10,16,16,8889,5454,1.62981298129813,48,2249,15,32,512,114,15,0,17,0,544,544,924,4,10,3,1,4,6,0.0004690360000001448,0.0009562800000004756,0.0026074300000011874,0.002215821000000062,0.0024411369999999266,0.0009444639999998117
G363,deterministic structured generated case,generated,True,3,0,19,1,4,8,4,2754,2579,1.0678557580457542,29,1315,9,8,152,28,2,0,2,4,156,160,268,2,4,2,1,1,1,0.00021664900000040177,0.0004973550000002547,0.0005824739999997774,0.0010912970000003241,0.00031880399999906217,0.0003983469999990774
G364,deterministic structured generated case,generated,True,4,0,31,2,17,16,12,9084,6621,1.371998187584957,62,3347,31,32,496,120,18,2,4,8,520,528,872,4,10,3,1,4,4,0.00040413600000022143,0.0013553120000011631,0.001818010999999231,0.0024781540000002877,0.0015937859999990422,0.001665600000000822
G365,deterministic structured generated case,generated,True,5,0,21,1,4,32,24,10362,4510,2.297560975609756,34,1526,11,32,672,120,8,4,12,8,696,704,1192,2,6,3,0,1,1,0.00039823000000005493,0.0010231730000000994,0.002230427999998952,0.002440024000000207,0.00045779899999942586,0.0006101510000000587
G366,deterministic structured generated case,generated,True,6,0,43,2,26,64,32,30173,11579,2.6058381552811123,107,4705,48,128,2752,608,40,8,16,64,2816,2880,5792,4,14,4,2,11,25,0.0009160179999998519,0.005764725000000581,0.00882160200000115,0.012543042999999088,0.0034773359999995535,0.00459437199999968
G367,deterministic structured generated case,generated,True,1,1,18,1,5,4,2,2064,2446,0.8438266557645135,25,1248,7,4,72,12,4,0,0,0,76,76,108,2,2,1,0,0,0,0.00022735000000118077,0.0002350230000001119,0.0004065889999989025,0.00041475399999946205,0.00017633799999927646,0.00029981199999973285
G368,deterministic structured generated case,generated,True,2,1,31,2,8,8,2,4286,3892,1.1012332990750258,45,2017,12,16,248,44,4,0,4,8,256,264,412,4,4,1,0,3,4,0.0004470879999995958,0.00043939000000037254,0.001066331000000531,0.0016405299999995293,0.0003743580000001856,0.0008389219999997977
G369,deterministic structured generated case,generated,True,3,1,26,1,7,16,4,5976,3498,1.7084048027444254,39,1823,12,16,416,56,3,1,4,8,424,432,728,2,4,2,1,3,3,0.00026845900000083134,0.0006352310000004024,0.0017251839999996577,0.0014346500000002038,0.0003365619999993186,0.0004381510000008859
G370,deterministic structured generated case,generated,True,4,1,27,2,9,32,12,13103,5554,2.3592005761613253,54,2633,24,64,864,232,26,14,8,16,912,928,1544,4,10,4,0,0,0,0.0006061939999995047,0.0019353740000003228,0.0030738790000004457,0.003908535000000768,0.0011853909999999246,0.001853831000000028
G371,deterministic structured generated case,generated,True,4,1,23,1,17,32,16,12135,6291,1.9289461134954697,54,3002,31,32,736,160,32,0,0,0,768,768,1216,2,8,4,0,0,1,0.00039583000000043,0.0020387200000016037,0.002193362999999948,0.0037505659999990115,0.0017383230000014294,0.0015515910000001298
G372,deterministic structured generated case,generated,True,4,1,34,2,10,32,16,15383,6621,2.323365050596587,62,2628,21,64,1088,244,46,0,18,0,1152,1152,1992,4,10,3,1,0,2,0.0004540309999985226,0.0020763259999991845,0.0030615669999995987,0.005098500000000783,0.0017130969999996637,0.001949424999999394
G373,deterministic structured generated case,generated,True,1,2,15,1,3,8,2,2698,1838,1.467899891186072,18,917,3,8,120,16,8,0,0,0,128,128,176,2,2,1,0,0,0,0.0001406629999998188,0.00045700000000081786,0.00043093600000077004,0.0005346490000004422,0.00019636999999939064,0.00020435499999926776
G374,deterministic structured generated case,generated,True,2,2,24,2,9,16,2,6025,3917,1.5381669645136584,44,2238,20,32,384,104,8,0,8,16,400,416,664,4,4,1,0,2,2,0.0004377389999987713,0.0010049219999999082,0.0012691579999994929,0.0022012180000015036,0.0008885410000001315,0.0005631350000001589
G375,deterministic structured generated case,generated,True,3,2,21,1,4,32,4,8345,2732,3.0545387994143485,31,1420,9,32,672,112,4,4,8,16,688,704,1200,2,2,1,1,2,2,0.000304248999999146,0.0010828690000010965,0.0021126779999995904,0.0026703980000011285,0.0004023990000003863,0.0006016080000001978
G376,deterministic structured generated case,generated,True,4,2,35,2,10,64,12,26979,7551,3.5729042510925706,69,3103,28,128,2240,528,58,22,16,32,2336,2368,4112,4,6,2,0,0,0,0.0007150530000004096,0.0036907839999997805,0.005917484999999445,0.009712675999999476,0.002805177999999131,0.0032763839999994104
G377,deterministic structured generated case,generated,True,5,2,25,1,5,128,24,36195,5185,6.980713596914176,39,1655,11,128,3200,384,32,0,64,32,3296,3328,5568,2,4,2,0,0,0,0.00110888300000056,0.0035162550000009674,0.008116442999998696,0.011215335000001048,0.0014522590000005664,0.0020193610000003304
G378,deterministic structured generated case,generated,True,6,2,39,2,8,256,32,109969,10471,10.502244293763729,74,3200,31,512,9984,2560,160,32,64,256,10240,10496,20736,4,6,2,0,0,5,0.0021253840000010626,0.01247075100000039,0.03606070799999905,0.04337201000000057,0.006935239999998899,0.012013578999999552
G379,deterministic structured generated case,generated,True,1,0,17,1,3,2,2,1388,1936,0.7169421487603306,20,953,3,2,34,4,2,0,0,0,36,36,48,2,2,1,0,0,0,0.000182978999999861,0.00023927099999987433,0.00028247200000031114,0.0002635709999996294,0.0001281720000001485,0.00012198900000015556
G380,deterministic structured generated case,generated,True,2,0,35,2,7,4,2,2861,3724,0.7682599355531686,47,1778,6,8,140,18,1,0,3,4,144,148,234,2,2,1,0,5,9,0.0002708139999985093,0.0002940210000001997,0.0006607970000001018,0.0007743859999997937,0.0002447920000001602,0.0003117310000000373
G381,deterministic structured generated case,generated,True,4,0,22,1,17,16,16,7482,6211,1.2046369344710997,53,2968,31,16,352,80,16,0,0,0,368,368,576,2,8,4,0,0,1,0.0004397899999997179,0.001262033999999801,0.0015090119999996432,0.0023133230000009775,0.0010053980000002127,0.0010427919999997926
G382,deterministic structured generated case,generated,True,4,0,27,2,6,16,16,7984,5077,1.5725822336025213,45,2076,17,32,432,122,15,0,17,0,464,464,788,4,10,3,1,0,2,0.00041515199999864194,0.0008613890000006563,0.001784027999999438,0.002310166999999197,0.000740614999999778,0.0007638249999999402
G383,deterministic structured generated case,generated,True,5,0,25,1,4,32,24,10893,4603,2.36650010862481,36,1481,8,32,800,104,8,4,12,8,824,832,1368,2,4,2,1,2,2,0.00046249700000089433,0.001071073000000311,0.00284223300000086,0.003673814999999081,0.0006152209999985558,0.0006944309999994402
G384,deterministic structured generated case,generated,True,6,0,35,2,11,64,32,28406,9308,3.0517834121186076,76,3501,37,128,2240,640,40,8,16,64,2304,2368,4672,4,12,3,1,0,0,0.0009801239999998046,0.00695433299999948,0.00936113499999891,0.014213780000000398,0.0027416230000003594,0.003595297000000386
G385,deterministic structured generated case,generated,True,1,1,24,1,4,4,2,2270,3031,0.7489277466182778,37,1415,7,4,96,12,3,1,0,0,100,100,152,2,2,1,0,0,0,0.000264185000000694,0.00041378000000058535,0.00045693800000101703,0.0006059809999996446,0.00029135099999955116,0.00034287599999949236
G386,deterministic structured generated case,generated,True,2,1,29,2,7,8,2,4189,3490,1.2002865329512895,39,1847,10,16,232,42,4,0,4,8,240,248,378,4,4,1,0,3,6,0.00031019200000059755,0.00045357099999954187,0.0008791129999998759,0.0011811930000007465,0.000333492000001101,0.0003743699999994021
G387,deterministic structured generated case,generated,True,3,1,22,1,5,16,4,4927,2857,1.7245362268113407,32,1445,9,16,352,56,4,0,4,8,360,368,616,2,4,2,1,2,2,0.0004328010000005378,0.0006847309999997719,0.0014159770000006233,0.0013298430000006078,0.0003100039999992532,0.0007787799999992018
G388,deterministic structured generated case,generated,True,4,1,33,2,11,32,12,13986,6562,2.1313623895153917,69,3137,30,64,1056,276,30,6,12,16,1104,1120,1908,4,12,3,2,0,0,0.0005409370000002411,0.0026050719999997085,0.0031101220000007146,0.005799590000000521,0.0015568109999986035,0.0017267010000008298
G389,deterministic structured generated case,generated,True,5,1,24,1,7,64,24,19596,5074,3.8620417816318486,40,1901,15,64,1536,304,18,6,24,16,1584,1600,2768,2,6,3,0,3,3,0.0004894679999996043,0.002264247999999469,0.005154462000000137,0.0058215270000001595,0.0014553960000007748,0.00134504499999899
G390,deterministic structured generated case,generated,True,6,1,32,2,10,128,32,48113,9017,5.335810136409005,72,3398,36,256,4096,1184,72,24,32,128,4224,4352,8736,4,12,3,1,0,0,0.0011107189999997047,0.007459552999998564,0.014303982999999576,0.016426972999999734,0.004125163999999515,0.0061829860000006676
G391,deterministic structured generated case,generated,True,4,2,24,1,17,64,16,21765,6372,3.4157250470809792,55,3037,31,64,1536,320,64,0,0,0,1600,1600,2560,2,8,4,0,0,1,0.0005477049999988992,0.003950951999998509,0.004665115999999969,0.0073827929999996655,0.0029042639999996567,0.002968268999998358
G392,deterministic structured generated case,generated,True,4,2,31,2,10,64,16,25577,6569,3.893591109757954,63,2891,29,128,1984,552,60,0,68,0,2112,2112,3664,4,10,3,1,0,0,0.0008288709999995092,0.0037656479999998993,0.007423972999999862,0.009481424000000516,0.0028528439999995214,0.0028613800000005796
G393,deterministic structured generated case,generated,True,3,2,23,1,4,32,4,9007,3296,2.7327063106796117,39,1768,15,32,736,128,6,2,8,16,752,768,1312,2,4,2,1,0,0,0.0003333869999995187,0.0010104579999996588,0.002392177000000828,0.0023762109999996284,0.00047341400000000533,0.0006934459999996534
G394,deterministic structured generated case,generated,True,4,2,31,2,11,64,12,26998,7142,3.7801736208345003,58,3008,28,128,1984,512,68,12,16,32,2080,2112,3648,4,6,2,2,0,12,0.00077606900000049,0.003998400000000402,0.005725660999999604,0.009002009000001365,0.0034320730000008126,0.005289119000000397
G395,deterministic structured generated case,generated,True,5,2,19,1,2,128,24,31957,3961,8.067912143398132,26,1103,5,128,2432,320,32,0,64,32,2528,2560,4352,2,2,1,0,0,0,0.001107422999998775,0.0054231849999997195,0.00801369900000104,0.008652389999999954,0.0013019380000010017,0.0016080200000008205
G396,deterministic structured generated case,generated,True,6,2,45,2,10,256,32,112649,9579,11.759995824198768,85,3394,30,512,11520,2432,144,48,64,256,11776,12032,23168,4,12,4,2,3,7,0.003321629999998521,0.017148754999999127,0.03370512200000064,0.04000587700000047,0.008267968000000181,0.013957315000000747
G397,deterministic structured generated case,generated,True,1,0,17,1,3,2,2,1386,1938,0.7151702786377709,20,953,3,2,34,4,2,0,0,0,36,36,48,2,2,1,0,0,0,0.00018946500000005528,0.000165588999999855,0.00023154199999986247,0.0003935589999990441,0.00014701099999925304,0.00011594299999906355
G398,deterministic structured generated case,generated,True,2,0,27,2,8,4,2,2404,2962,0.8116137744767049,35,1604,6,8,108,18,0,1,3,4,112,116,174,0,0,0,0,7,12,0.00028580099999864217,0.00028646500000029107,0.0005372109999992603,0.0005937970000005066,0.0003042380000000122,0.00024364999999981762
G399,deterministic structured generated case,generated,True,3,0,23,1,3,8,4,3047,2910,1.0470790378006873,35,1398,9,8,184,28,2,0,2,4,188,192,316,2,4,2,1,0,0,0.00023105999999906146,0.00036125399999953345,0.0007304010000002137,0.0008609140000004345,0.00022629200000068295,0.0002418889999997731
G400,deterministic structured generated case,generated,True,4,0,31,2,9,16,12,8459,5247,1.6121593291404612,48,2379,17,32,496,100,16,4,4,8,520,528,868,4,8,3,1,3,6,0.0003298449999995512,0.0015072880000008837,0.0013931570000007554,0.002116537999999224,0.0007690989999993292,0.0008991480000002383
G401,deterministic structured generated case,generated,True,4,0,22,1,17,16,16,7482,6211,1.2046369344710997,53,2968,31,16,352,80,16,0,0,0,368,368,576,2,8,4,0,0,1,0.00036748099999961426,0.0015085519999988861,0.001462302000000193,0.0019082319999998987,0.0009286580000011924,0.0010349320000013762
G402,deterministic structured generated case,generated,True,4,0,24,2,4,16,16,7959,4551,1.7488464073829928,34,1550,9,32,384,90,23,0,9,0,416,416,676,4,6,2,1,0,0,0.0006298139999998398,0.0008204569999996636,0.0012867679999999382,0.0016496490000008635,0.0005788169999991766,0.0007857050000001919
G403,deterministic structured generated case,generated,True,1,1,22,1,4,4,2,2331,2730,0.8538461538461538,30,1383,7,4,88,12,3,1,0,0,92,92,136,2,2,1,0,0,0,0.0001792460000000773,0.0002500320000002887,0.0003815920000000972,0.00046037900000150955,0.00018171299999991675,0.00019012499999959687
G404,deterministic structured generated case,generated,True,2,1,25,2,7,8,2,3429,3080,1.1133116883116883,36,1767,10,16,200,42,1,3,4,8,208,216,330,2,2,1,0,5,5,0.0004688810000015309,0.00048286400000030483,0.0008118919999997587,0.0009421510000002797,0.0003056420000007165,0.0003814040000005292
G405,deterministic structured generated case,generated,True,3,1,24,1,7,16,4,5648,3026,1.8664904163912757,34,1568,8,16,384,52,2,2,4,8,392,400,676,2,4,2,1,5,5,0.0003905339999992208,0.0007286820000000915,0.0012932159999987647,0.0017252220000010254,0.00033233900000162464,0.0007414059999995004
G406,deterministic structured generated case,generated,True,4,1,26,2,10,32,12,13071,5936,2.2019878706199463,56,2957,30,64,832,244,29,7,12,16,880,896,1524,4,10,3,2,0,1,0.0004133100000007772,0.0021329420000011368,0.002859370000001249,0.004172299000000379,0.0018350900000001502,0.001969002000000941
G407,deterministic structured generated case,generated,True,5,1,22,1,5,64,24,19286,5260,3.666539923954373,36,1665,13,64,1408,280,24,0,24,16,1456,1472,2552,2,4,2,0,0,0,0.0009417879999986667,0.002380086000000503,0.004381024999998928,0.0052533540000005985,0.0014779310000001544,0.0016959980000006425
G408,deterministic structured generated case,generated,True,6,1,39,2,20,128,32,59112,12398,4.767865784804001,102,5173,59,256,4992,1344,76,20,32,128,5120,5248,10304,4,14,4,1,0,8,0.0012703619999996363,0.008840446000000668,0.014797774999999902,0.024466767999999917,0.008144394000000332,0.01123929400000101
G409,deterministic structured generated case,generated,True,1,2,15,1,3,8,2,2732,1981,1.3791014639071175,19,912,3,8,120,16,8,0,0,0,128,128,176,2,0,0,0,0,0,0.00040040400000052045,0.00046618000000009374,0.0004082230000008735,0.0005587710000014567,0.0003511979999988313,0.00021361799999830566
G410,deterministic structured generated case,generated,True,2,2,28,2,7,16,2,6695,3778,1.7721016410799364,42,1957,13,32,448,92,8,0,8,16,464,480,764,4,2,1,0,2,2,0.00042033199999913506,0.0009136700000009768,0.0027293190000001744,0.0019186869999998635,0.0005583130000008651,0.0006758910000002061
G411,deterministic structured generated case,generated,True,4,2,24,1,17,64,16,21765,6372,3.4157250470809792,55,3037,31,64,1536,320,64,0,0,0,1600,1600,2560,2,8,4,0,0,1,0.0006517079999994735,0.00483722899999961,0.006983287000000615,0.010336260000000763,0.0030787130000007323,0.003175735000001012
G412,deterministic structured generated case,generated,True,4,2,26,2,6,64,16,23585,5123,4.603747804021081,41,1925,14,128,1664,424,60,0,68,0,1792,1792,3024,4,8,2,1,0,0,0.001103293999999977,0.0027186869999997754,0.005326606999998873,0.006647294000000414,0.0020005659999995373,0.0020419480000004597
G413,deterministic structured generated case,generated,True,5,2,31,1,14,128,24,40771,6568,6.207521315468941,57,2528,19,128,3968,416,28,4,64,32,4064,4096,7008,2,6,3,0,6,6,0.0011512570000000721,0.003999303000000509,0.010655647000000101,0.013361015999999282,0.0018051949999993155,0.00262769500000104
G414,deterministic structured generated case,generated,True,6,2,38,2,14,256,32,106703,10865,9.82080073630925,85,4099,44,512,9728,2368,152,40,64,256,9984,10240,20032,4,12,4,2,0,7,0.002569401999998888,0.014788026999999815,0.030661354999999446,0.03779642800000005,0.009630366999999751,0.01371432100000014
G415,deterministic structured generated case,generated,True,1,0,17,1,2,2,2,1303,1855,0.7024258760107817,20,954,3,2,34,4,1,1,0,0,36,36,48,2,2,1,0,0,0,0.00024132199999904458,0.00024407599999953788,0.000286945999999233,0.0006077570000009302,0.00017372900000012237,0.0001314850000007084
G416,deterministic structured generated case,generated,True,2,0,31,2,7,4,2,2576,3449,0.7468831545375472,44,1654,6,8,124,18,1,0,3,4,128,132,206,2,2,1,0,5,6,0.00018912500000034527,0.00025002900000004047,0.0006139950000001448,0.0006396649999995674,0.00024198700000077622,0.0002794739999991691
G417,deterministic structured generated case,generated,True,3,0,25,1,8,8,4,3540,3195,1.107981220657277,36,1620,9,8,200,28,2,0,2,4,204,208,348,2,4,2,1,5,5,0.0002447220000014738,0.0003789380000007725,0.0007550659999999709,0.0008232929999998362,0.00022982999999854314,0.00026008399999888354
G418,deterministic structured generated case,generated,True,4,0,27,2,6,16,12,7477,4888,1.5296644844517184,47,2164,18,32,432,124,15,3,6,8,456,464,764,4,8,2,1,0,0,0.00030392500000075984,0.0009200400000004549,0.0014307940000009012,0.0018470859999997202,0.0006845189999999945,0.0007152069999989408
G419,deterministic structured generated case,generated,True,5,0,21,1,4,32,24,10078,4302,2.3426313342631335,30,1349,8,32,672,104,8,0,16,8,696,704,1176,2,4,2,0,1,1,0.0003367870000001716,0.0008311479999996152,0.001839127000000218,0.0023605770000010295,0.0004134639999993084,0.0004909340000001094
G420,deterministic structured generated case,generated,True,6,0,40,2,15,64,32,31221,9942,3.1403138201569103,83,3748,37,128,2560,608,44,4,16,64,2624,2688,5088,4,10,4,1,6,9,0.0008086299999998658,0.004218802000000466,0.008562721999998857,0.010520255999999506,0.0030361259999995838,0.003697539999999222
G421,deterministic structured generated case,generated,True,4,1,23,1,17,32,16,12135,6291,1.9289461134954697,54,3002,31,32,736,160,32,0,0,0,768,768,1216,2,8,4,0,0,1,0.0011652570000002527,0.002364008999999001,0.002439688000000828,0.0036769060000008125,0.0017796229999991198,0.001964040000000722
G422,deterministic structured generated case,generated,True,4,1,23,2,4,32,16,12018,4303,2.792935161515222,34,1565,10,64,736,196,30,0,34,0,800,800,1368,4,8,2,1,0,0,0.0003910830000002363,0.00147664800000058,0.0025232679999991348,0.00368850899999984,0.0009252229999994199,0.0012771770000004068
G423,deterministic structured generated case,generated,True,3,1,26,1,4,16,4,5819,3133,1.8573252473667412,36,1541,9,16,416,56,4,0,4,8,424,432,728,2,4,2,1,1,1,0.0002634540000006069,0.0005318009999992768,0.001302474999999248,0.00157490899999857,0.0003445609999985777,0.0005096579999985806
G424,deterministic structured generated case,generated,True,4,1,30,2,7,32,12,13593,5350,2.540747663551402,51,2424,20,64,960,224,30,6,12,16,1008,1024,1696,4,8,2,1,1,5,0.0004644060000025263,0.001962750000000568,0.002645311000001982,0.003374649999997814,0.0013006390000001034,0.0014347159999985593
G425,deterministic structured generated case,generated,True,5,1,28,1,7,64,24,21409,6298,3.399333121625913,54,2450,23,64,1792,312,18,6,24,16,1840,1856,3160,2,6,3,1,0,1,0.0005777699999995889,0.002480680999997986,0.0058408990000025085,0.0066055479999995725,0.0013427469999989228,0.0017582750000002534
G426,deterministic structured generated case,generated,True,6,1,34,2,10,128,32,50134,8300,6.040240963855422,67,3079,29,256,4352,1152,56,40,32,128,4480,4608,9088,4,11,4,1,4,4,0.0009959199999975965,0.00768662400000153,0.014569631000000527,0.02883639699999918,0.007315861999998674,0.010045011999999076
G427,deterministic structured generated case,generated,True,1,2,21,1,5,8,2,3291,2677,1.229361225252148,28,1344,7,8,168,24,8,0,0,0,176,176,256,2,2,1,0,0,1,0.0001864729999994097,0.00046098499999658316,0.000805785000000725,0.002539121000001643,0.0003009500000032972,0.0003657429999996964
G428,deterministic structured generated case,generated,True,2,2,32,2,9,16,2,6760,3507,1.9275734245794125,40,1908,8,32,512,76,2,2,12,16,528,544,844,2,2,1,0,7,10,0.0015323090000016748,0.0010459350000004974,0.0014757339999995622,0.0021321580000019935,0.0005970130000001461,0.0006052449999991438
G429,deterministic structured generated case,generated,True,3,2,27,1,7,32,4,9857,3644,2.7049945115257956,41,1830,12,32,864,112,6,2,8,16,880,896,1488,2,2,1,1,3,4,0.0003785630000017193,0.0011016079999990325,0.0029369629999997926,0.0029919669999998177,0.000596570999999102,0.0023104230000008386
G430,deterministic structured generated case,generated,True,4,2,35,2,14,64,12,26654,7282,3.660258170832189,70,3151,27,128,2240,480,68,12,16,32,2336,2368,4128,4,8,2,1,3,9,0.0008235500000033369,0.004731590000002228,0.00819336899999712,0.010651125000002537,0.004661642999998605,0.004734539000001092
G431,deterministic structured generated case,generated,True,4,2,24,1,17,64,16,21765,6372,3.4157250470809792,55,3037,31,64,1536,320,64,0,0,0,1600,1600,2560,2,8,4,0,0,1,0.0005566170000008697,0.003883590000000936,0.004442950000001389,0.007113572000001511,0.0031760359999992716,0.003481445999998556
G432,deterministic structured generated case,generated,True,4,2,26,2,6,64,16,24669,5056,4.879153481012659,40,1879,13,128,1664,424,92,0,36,0,1792,1792,3024,4,8,2,1,0,0,0.0005504150000028574,0.0026291409999998905,0.00519423699999777,0.0063023860000015475,0.0019908489999984624,0.0024258999999986486
G433,deterministic structured generated case,generated,True,1,0,19,1,3,2,2,1482,2086,0.710450623202301,22,1013,3,2,38,4,2,0,0,0,40,40,54,2,2,1,0,0,1,0.00018583499999991204,0.00019128299999948695,0.0002688649999988968,0.0003664070000013453,0.0004134899999996833,0.00014281700000040587
G434,deterministic structured generated case,generated,True,2,0,29,2,6,4,2,2434,3249,0.7491535857186826,41,1567,6,8,116,18,1,0,3,4,120,124,194,2,2,1,0,4,5,0.00020539500000182898,0.00034337899999670185,0.0005666109999999946,0.0006432769999982213,0.00030568299999700344,0.00023795699999951125
G435,deterministic structured generated case,generated,True,3,0,19,1,4,8,4,2740,2536,1.0804416403785488,29,1347,9,8,152,28,1,1,2,4,156,160,268,2,4,2,1,2,2,0.00022487599999720942,0.0003698020000015845,0.0006838059999978441,0.0007242710000028296,0.00027711999999979753,0.0002933709999979328
G436,deterministic structured generated case,generated,True,4,0,38,2,13,16,12,9556,6884,1.388146426496223,72,3292,28,32,608,128,15,5,4,8,632,640,1072,4,12,3,2,3,7,0.00041736700000072346,0.0014847779999982436,0.0019045139999995797,0.0028566970000021286,0.0010297900000004745,0.0020162280000022292
G437,deterministic structured generated case,generated,True,5,0,23,1,8,32,24,11387,5292,2.1517384731670446,41,2019,17,32,736,132,10,2,12,8,760,768,1300,2,8,4,0,2,2,0.0005261119999993014,0.0014767430000013348,0.0030043219999988935,0.0031117810000012014,0.0009384610000005011,0.0010100959999981285
G438,deterministic structured generated case,generated,True,6,0,36,2,17,64,32,29736,9713,3.061464017296407,79,3870,40,128,2304,608,38,10,16,64,2368,2432,4832,4,13,4,2,6,7,0.0008812250000005406,0.004687537999998881,0.008697504000000578,0.012035550000000228,0.003006382999998891,0.0038172850000002256
G439,deterministic structured generated case,generated,True,1,1,18,1,4,4,2,2034,2394,0.849624060150376,25,1259,7,4,72,12,3,1,0,0,76,76,108,2,2,1,0,0,0,0.0001940609999984133,0.00036600900000038905,0.00041845299999820895,0.0004321589999989328,0.0002944020000015257,0.00020721299999948428
G440,deterministic structured generated case,generated,True,2,1,26,2,9,8,2,3683,3456,1.0656828703703705,39,1928,12,16,208,44,3,1,4,8,216,224,348,4,4,1,0,5,5,0.00029581100000086735,0.0004374269999978253,0.0007891760000013903,0.0009958840000017233,0.00035331299999796784,0.00041255300000031525
G441,deterministic structured generated case,generated,True,4,1,23,1,17,32,16,12135,6291,1.9289461134954697,54,3002,31,32,736,160,32,0,0,0,768,768,1216,2,8,4,0,0,1,0.00040166700000199285,0.0021198790000021006,0.0033533789999999897,0.0041898050000028775,0.0019545789999995122,0.0016692559999995638
G442,deterministic structured generated case,generated,True,4,1,27,2,6,32,16,13701,5208,2.6307603686635943,42,1954,14,64,864,212,30,0,34,0,928,928,1544,4,8,2,1,0,0,0.00041871799999881887,0.0016300999999998567,0.003993301000001281,0.0036212679999998443,0.0009184239999981969,0.0011253660000001275
G443,deterministic structured generated case,generated,True,5,1,26,1,8,64,24,21151,5592,3.7823676680972818,40,1862,13,64,1664,264,24,0,24,16,1712,1728,2920,2,4,2,1,3,4,0.0005744540000023335,0.0025209659999987366,0.005219804999999411,0.006947778000000682,0.0015007169999989856,0.0018320100000011053
G444,deterministic structured generated case,generated,True,6,1,36,2,11,128,32,50234,9429,5.327606320924806,78,3482,36,256,4608,1184,80,16,32,128,4736,4864,9504,4,13,4,2,0,0,0.0012719290000013928,0.007789294000001945,0.016761824999999675,0.017552132999998804,0.004426204000001377,0.0061247699999995575
G445,deterministic structured generated case,generated,True,1,2,23,1,4,8,2,3246,3013,1.0773315632260205,37,1397,7,8,184,24,6,2,0,0,192,192,296,2,2,1,0,0,0,0.00019206199999999285,0.0003999060000019483,0.0008686259999990398,0.0008115529999983551,0.0002593470000000764,0.0003260750000002588
G446,deterministic structured generated case,generated,True,2,2,33,2,9,16,2,6515,4005,1.626716604244694,50,2061,11,32,528,88,4,4,8,16,544,560,904,2,2,1,0,6,7,0.0003093669999998383,0.0008503050000001622,0.0014441610000019978,0.002055306999999118,0.0005761350000028642,0.0007989029999997399
G447,deterministic structured generated case,generated,True,3,2,19,1,3,32,4,7996,2426,3.2959604286892,27,1202,7,32,608,112,8,0,8,16,624,640,1104,2,2,1,0,1,1,0.00030862600000247653,0.0009734839999993028,0.0021089610000011305,0.0027124779999994075,0.00039237300000039,0.0005860830000017359
G448,deterministic structured generated case,generated,True,4,2,37,2,20,64,12,28092,8053,3.4883894200918912,78,3831,35,128,2368,512,64,16,16,32,2464,2496,4352,4,10,3,1,6,27,0.000796751999999401,0.006167242000000073,0.007914484999997029,0.012089181000000337,0.004090163000000757,0.005304264000002945
G449,deterministic structured generated case,generated,True,5,2,31,1,14,128,24,44202,5680,7.782042253521126,43,2135,11,128,3968,384,24,8,64,32,4064,4096,6848,2,4,2,0,10,11,0.0010104860000019755,0.004859049000000226,0.010723992999999155,0.013336304999999271,0.0014895139999993035,0.0029326079999982824
G450,deterministic structured generated case,generated,True,6,2,38,2,17,256,32,108313,14158,7.650303715214013,96,4704,54,512,9728,2688,152,40,64,256,9984,10240,20352,4,7,3,1,0,1,0.002389974999999822,0.01833790799999946,0.032321450999997836,0.04080581899999913,0.014007482000000238,0.019503925999998728
G451,deterministic structured generated case,generated,True,4,0,22,1,17,16,16,7482,6211,1.2046369344710997,53,2968,31,16,352,80,16,0,0,0,368,368,576,2,8,4,0,0,1,0.0005620129999996948,0.0014966389999990781,0.001901199999998937,0.0021835649999992768,0.0023286760000011952,0.00132797299999865
G452,deterministic structured generated case,generated,True,4,0,25,2,4,16,16,7593,4437,1.711291413116971,36,1619,10,32,400,98,15,0,17,0,432,432,716,4,8,2,1,0,0,0.00035787799999909,0.0007765139999982296,0.0017271160000014163,0.00385432500000249,0.0006765249999993728,0.0010170619999989583
G453,deterministic structured generated case,generated,True,3,0,19,1,4,8,4,2772,2588,1.071097372488408,30,1357,9,8,152,28,1,1,2,4,156,160,268,2,4,2,1,2,2,0.00016921499999966727,0.0005723270000004277,0.0006671999999987577,0.0006847599999986187,0.0006293089999971357,0.0004446250000000873
G454,deterministic structured generated case,generated,True,4,0,29,2,7,16,12,7811,5010,1.5590818363273453,46,2216,17,32,464,108,16,2,6,8,488,496,828,4,8,2,0,1,6,0.0007081329999998331,0.0013636140000024,0.001558818999999545,0.002310215000001392,0.0007114249999986555,0.000919091000000094
G455,deterministic structured generated case,generated,True,5,0,25,1,4,32,24,11841,4557,2.598420013166557,36,1551,9,32,800,120,4,8,12,8,824,832,1416,2,4,2,0,2,2,0.00043743599999856997,0.001192860999999823,0.0024629979999986062,0.002780612999998766,0.0005823540000022831,0.0007522130000019445
G456,deterministic structured generated case,generated,True,6,0,41,2,13,64,32,29074,10941,2.6573439356548763,105,4332,48,128,2624,640,36,12,16,64,2688,2752,5568,4,15,4,2,0,4,0.0009130520000013576,0.004628025999998897,0.008810283000002528,0.011978463000001938,0.0026335410000015713,0.0045074289999966766
G457,deterministic structured generated case,generated,True,1,1,20,1,5,4,2,2226,2614,0.8515684774292273,27,1314,7,4,80,12,4,0,0,0,84,84,120,2,2,1,0,0,1,0.00029352900000034765,0.00026693599999916273,0.00044140500000011684,0.0005235940000005712,0.00020225900000170327,0.00025968599999970365
G458,deterministic structured generated case,generated,True,2,1,26,2,6,8,2,3635,3131,1.1609709358032578,35,1746,10,16,208,42,2,2,4,8,216,224,346,2,2,1,0,3,3,0.00021569100000107255,0.00045148899999958303,0.0008292530000026943,0.0009568930000014575,0.00030711099999791713,0.0007261330000005728
G459,deterministic structured generated case,generated,True,3,1,22,1,7,16,4,5046,3230,1.5622291021671826,36,1740,13,16,352,60,3,1,4,8,360,368,620,2,4,2,1,3,3,0.00023248900000183426,0.0008269209999980376,0.0012007210000000157,0.0016986830000007558,0.00041008899999894766,0.000473097000000422
G460,deterministic structured generated case,generated,True,4,1,28,2,10,32,12,13395,5845,2.2917023096663813,55,2708,24,64,896,240,26,14,8,16,944,960,1616,4,8,2,2,2,2,0.00045215400000131467,0.0019966199999998935,0.0027671660000017084,0.0038699309999969955,0.001312385000002081,0.0017726799999984166
G461,deterministic structured generated case,generated,True,4,1,23,1,17,32,16,12135,6291,1.9289461134954697,54,3002,31,32,736,160,32,0,0,0,768,768,1216,2,8,4,0,0,1,0.00040257899999929236,0.0026431709999990005,0.002480432999998783,0.0038687240000001566,0.0016525030000025254,0.0016739209999983018
G462,deterministic structured generated case,generated,True,4,1,25,2,4,32,16,13357,4618,2.8923776526634906,35,1582,9,64,800,180,46,0,18,0,864,864,1416,4,6,2,1,0,0,0.0003925500000008242,0.0020408230000015237,0.0025634120000006533,0.003588667000002488,0.0010051179999983617,0.0009574169999986282
G463,deterministic structured generated case,generated,True,1,2,15,1,3,8,2,2613,1862,1.4033297529538131,19,912,3,8,120,16,8,0,0,0,128,128,176,2,2,1,0,0,0,0.00013267900000002442,0.00029264000000139845,0.0003870370000029766,0.0005232060000004424,0.00022169500000046582,0.0001986999999985528
G464,deterministic structured generated case,generated,True,2,2,34,2,11,16,2,7031,4144,1.6966698841698842,48,2219,12,32,544,80,3,1,12,16,560,576,912,2,2,1,0,7,16,0.0003207620000011957,0.0007922160000006784,0.0026131530000021996,0.001757869999998718,0.00048534200000105443,0.0006908070000015698
G465,deterministic structured generated case,generated,True,3,2,29,1,7,32,4,11104,4516,2.4588131089459697,53,2479,23,32,928,136,6,2,8,16,944,960,1640,2,4,2,1,0,1,0.0003297770000010303,0.0011102800000024615,0.0027680200000013144,0.0035024310000011383,0.000603520999998608,0.0009663100000025793
G466,deterministic structured generated case,generated,True,4,2,31,2,7,64,12,26402,5887,4.484797010361814,51,2480,20,128,1984,464,64,16,16,32,2080,2112,3472,4,6,2,1,0,4,0.0007544260000003078,0.0034648839999995573,0.0062358580000001496,0.007369683000000293,0.0026334460000008164,0.0029426439999973297
G467,deterministic structured generated case,generated,True,5,2,25,1,8,128,24,36790,4677,7.866153517211888,33,1548,7,128,3200,352,32,0,64,32,3296,3328,5536,2,4,2,0,5,5,0.0008947789999993461,0.0036668999999989182,0.008874542999997459,0.010620160999998518,0.0014211510000023964,0.002240019000002036
G468,deterministic structured generated case,generated,True,6,2,35,2,6,256,32,100473,8520,11.792605633802816,65,2735,25,512,8960,2432,176,16,64,256,9216,9472,18816,4,9,3,1,0,0,0.002455555999997472,0.012840802000003038,0.03416802399999952,0.03465618300000273,0.006572891000001135,0.010205855999998903
G469,deterministic structured generated case,generated,True,1,0,13,1,3,2,2,1237,1699,0.7280753384343731,17,842,3,2,26,4,2,0,0,0,28,28,36,2,2,1,0,0,0,0.00012442300000259365,0.0005799300000006724,0.00026160599999869305,0.00024017699999845377,0.00024438899999879027,0.00011337300000135997
G470,deterministic structured generated case,generated,True,2,0,29,2,6,4,2,2623,2979,0.8804968110104062,33,1599,6,8,116,18,1,0,3,4,120,124,190,2,2,1,0,4,7,0.0002032659999997577,0.0003625890000016341,0.0005482400000005327,0.0005206649999998092,0.0002177970000012408,0.00023846899999924176
G471,deterministic structured generated case,generated,True,4,0,22,1,17,16,16,7482,6211,1.2046369344710997,53,2968,31,16,352,80,16,0,0,0,368,368,576,2,8,4,0,0,1,0.00027118800000280885,0.0010968130000001963,0.0014787369999993416,0.0023379869999970992,0.0008437109999981374,0.0008658619999977191
G472,deterministic structured generated case,generated,True,4,0,23,2,6,16,16,7433,4362,1.7040348464007335,34,1627,10,32,368,98,15,0,17,0,400,400,668,4,8,2,1,2,2,0.0003899609999997722,0.0009880909999999687,0.0015072859999989419,0.0019604809999975714,0.0010010660000006055,0.001220599999999905
G473,deterministic structured generated case,generated,True,5,0,29,1,8,32,24,13249,6300,2.103015873015873,56,2623,26,32,928,152,11,1,12,8,952,960,1640,2,8,4,1,0,1,0.00038167599999994195,0.001223696000000274,0.0028831240000002367,0.0035677770000006603,0.0006983200000014733,0.0008650820000006831
G474,deterministic structured generated case,generated,True,6,0,32,2,7,64,32,26711,8467,3.1547183181764495,68,2899,29,128,2048,640,36,12,16,64,2112,2176,4352,4,11,4,1,0,0,0.0006497980000013115,0.003458244000000832,0.00830359300000083,0.008844557999999836,0.002528913000002575,0.004784739000001537
G475,deterministic structured generated case,generated,True,1,1,20,1,4,4,2,2139,2527,0.8464582508903838,27,1315,7,4,80,12,3,1,0,0,84,84,120,2,2,1,0,0,1,0.0002552979999990157,0.00032922000000112916,0.0004323909999968123,0.0007631349999996928,0.00020708199999930343,0.00019763399999916942
G476,deterministic structured generated case,generated,True,2,1,33,2,9,8,2,4105,4016,1.0221613545816732,50,2024,10,16,264,42,3,1,4,8,272,280,450,4,4,1,0,6,9,0.00032231199999799287,0.0004862359999968646,0.0010936020000009705,0.0011418899999995347,0.0003935870000013608,0.00040172499999968636
G477,deterministic structured generated case,generated,True,3,1,20,1,5,16,4,4581,2646,1.7312925170068028,29,1336,8,16,320,52,4,0,4,8,328,336,564,2,4,2,1,2,2,0.0005833859999988533,0.0016445189999991783,0.0015022500000014816,0.0014012659999984578,0.0003930170000003841,0.00036656300000004194
G478,deterministic structured generated case,generated,True,4,1,40,2,20,32,12,16600,8618,1.9262009747041078,91,4459,45,64,1280,272,28,8,12,16,1328,1344,2320,4,12,3,1,3,10,0.0005116940000000625,0.004072904000000932,0.0038339490000005583,0.005607862000001518,0.002125796999997931,0.0027514519999982667
G479,deterministic structured generated case,generated,True,5,1,30,1,7,64,24,21348,5887,3.626295226770851,49,1922,12,64,1920,232,20,4,24,16,1968,1984,3400,2,4,2,1,3,3,0.000563664999997826,0.0028462979999979154,0.004880536000001712,0.007334739000000923,0.0014882130000017924,0.0018868189999992069
G480,deterministic structured generated case,generated,True,6,1,37,2,10,128,32,54575,9503,5.742923287382932,75,3452,34,256,4736,1120,72,24,32,128,4864,4992,9696,4,10,3,2,0,2,0.001240398000000198,0.006602094000001557,0.01471069500000155,0.018901322000001386,0.004687997000001332,0.006028704999998524
G481,deterministic structured generated case,generated,True,4,2,24,1,17,64,16,21765,6372,3.4157250470809792,55,3037,31,64,1536,320,64,0,0,0,1600,1600,2560,2,8,4,0,0,1,0.0005701219999991736,0.004124000000000905,0.005104955999996719,0.008694471000001869,0.0035643370000002506,0.0036387050000001864
G482,deterministic structured generated case,generated,True,4,2,34,2,10,64,16,28176,6745,4.1773165307635285,64,2994,29,128,2176,552,60,0,68,0,2304,2304,4048,4,10,3,1,0,2,0.0006473130000017591,0.003431943999999021,0.006833281999998775,0.008403361999999248,0.00251295099999993,0.0028621260000001314
G483,deterministic structured generated case,generated,True,3,2,29,1,8,32,4,10024,3710,2.70188679245283,45,1722,9,32,928,112,8,0,8,16,944,960,1648,2,2,1,1,5,5,0.000509497999999553,0.00119623600000196,0.002786886999999183,0.0036543009999974174,0.0004998369999995589,0.0007518040000000781
G484,deterministic structured generated case,generated,True,4,2,33,2,11,64,12,27393,5821,4.705892458340491,51,2611,19,128,2112,432,64,16,16,32,2208,2240,3760,4,8,2,1,4,9,0.000663063000001074,0.004358780000000451,0.006790532000000127,0.00929176300000023,0.0033608009999994692,0.003725628999998065
G485,deterministic structured generated case,generated,True,5,2,29,1,7,128,24,38678,5631,6.868762209199077,48,1869,11,128,3712,384,24,8,64,32,3808,3840,6592,2,4,2,0,3,3,0.0009409890000000587,0.0040861379999981295,0.012245412999998706,0.012937223000001552,0.001332237000003289,0.0022607409999970685
G486,deterministic structured generated case,generated,True,6,2,38,2,8,256,32,97936,9775,10.019028132992327,76,3055,28,512,9728,2432,160,32,64,256,9984,10240,20352,4,7,3,1,0,2,0.0034421090000016363,0.013187709000000325,0.03066470299999935,0.035586907999999084,0.007413666000001484,0.010575310000000115
G487,deterministic structured generated case,generated,True,1,0,19,1,3,2,2,1498,2098,0.7140133460438512,22,1017,3,2,38,4,2,0,0,0,40,40,54,2,2,1,0,0,1,0.00013475499999771046,0.00017132900000049744,0.00024416599999810273,0.000301714000002562,0.00012467999999898893,0.00011899800000136906
G488,deterministic structured generated case,generated,True,2,0,22,2,5,4,2,2104,2493,0.8439630966706779,28,1351,6,8,88,18,1,0,3,4,92,96,138,2,2,1,0,3,3,0.00015326799999826335,0.00021770100000040316,0.0003928420000001154,0.00048299100000193107,0.00020190400000075215,0.00019729999999995584
G489,deterministic structured generated case,generated,True,3,0,15,1,2,8,4,2429,2143,1.1334577694820345,24,1050,7,8,120,28,2,0,2,4,124,128,220,2,2,1,0,0,0,0.0001346689999977002,0.0003081340000008481,0.0004789179999988846,0.0005436830000000725,0.00015791899999939574,0.00018150400000038758
G490,deterministic structured generated case,generated,True,4,0,31,2,9,16,12,8626,5231,1.649015484610973,46,2272,16,32,496,98,18,0,6,8,520,528,866,4,8,3,2,2,2,0.000295994000001798,0.0008808579999985966,0.0015046439999970573,0.002445825999998874,0.0007991410000016685,0.0007483979999989288
G491,deterministic structured generated case,generated,True,4,0,22,1,17,16,16,7482,6211,1.2046369344710997,53,2968,31,16,352,80,16,0,0,0,368,368,576,2,8,4,0,0,1,0.0002720439999990276,0.0017354290000000105,0.0014395799999995518,0.0018486140000000262,0.0008486360000006243,0.0008749409999992963
G492,deterministic structured generated case,generated,True,4,0,29,2,10,16,16,9356,6061,1.5436396634218776,51,2504,21,32,464,122,23,0,9,0,496,496,852,4,10,3,1,0,1,0.0003184950000019171,0.0014798450000022,0.0017826820000017563,0.0023875490000015986,0.00136748099999906,0.0013114939999994135
G493,deterministic structured generated case,generated,True,1,1,16,1,3,4,2,1896,1997,0.9494241362043064,19,931,3,4,64,8,4,0,0,0,68,68,92,2,0,0,0,0,0,0.00028644600000049536,0.00023614199999855146,0.0003224800000012351,0.0004142149999992739,0.00015058099999976093,0.0001494840000013653
G494,deterministic structured generated case,generated,True,2,1,27,2,6,8,2,3632,3118,1.1648492623476587,36,1628,8,16,216,40,4,0,4,8,224,232,360,4,4,1,0,3,8,0.00021731200000019157,0.00048329999999907614,0.0007702209999997933,0.0010703139999996836,0.0005039540000026932,0.00041868699999980663
G495,deterministic structured generated case,generated,True,3,1,28,1,7,16,4,5563,3602,1.5444197667962243,45,1669,9,16,448,56,4,0,4,8,456,464,792,2,4,2,1,4,4,0.000390945000003029,0.0006145370000005812,0.001284033000001017,0.0015264319999985787,0.0003050530000017204,0.0004272780000000864
G496,deterministic structured generated case,generated,True,4,1,26,2,9,32,12,12533,5201,2.4097288982887908,48,2527,23,64,832,248,30,6,12,16,880,896,1496,4,8,3,1,1,1,0.0004592199999997604,0.0022772320000008506,0.003910724000000698,0.004061470999999983,0.0019057609999997283,0.0015835879999990254
G497,deterministic structured generated case,generated,True,5,1,26,1,8,64,24,21569,5366,4.01956764815505,42,1920,14,64,1664,256,24,0,24,16,1712,1728,2976,2,6,3,1,3,3,0.0005421659999989004,0.002099613000002165,0.0051294259999998815,0.005944388999999717,0.0011614310000034322,0.001367030000000824
G498,deterministic structured generated case,generated,True,6,1,35,2,11,128,32,51870,9101,5.69937369519833,66,2979,27,256,4480,1152,80,16,32,128,4608,4736,9216,4,10,3,2,3,7,0.0012040130000023908,0.007654360000000082,0.014328365999997317,0.017205898000000275,0.004328269999998469,0.009066891999999882
G499,deterministic structured generated case,generated,True,1,2,21,1,3,8,2,3047,2348,1.2977001703577513,27,1076,3,8,168,16,8,0,0,0,176,176,248,2,2,1,0,0,0,0.0002734410000009291,0.00036098500000036893,0.0023238339999984703,0.0008922600000005332,0.0004489410000019234,0.000251932000001176
G500,deterministic structured generated case,generated,True,2,2,24,2,6,16,2,5319,2875,1.850086956521739,32,1552,8,32,384,76,4,0,12,16,400,416,636,2,2,1,0,3,3,0.00024069399999859797,0.0007710379999998906,0.0014563779999967608,0.0019714180000001136,0.00046434299999731365,0.0005656710000003784
G501,deterministic structured generated case,generated,True,4,2,24,1,17,64,16,21765,6372,3.4157250470809792,55,3037,31,64,1536,320,64,0,0,0,1600,1600,2560,2,8,4,0,0,1,0.0006913019999998937,0.005793083000000365,0.00540625100000014,0.008283344000002302,0.003278697000002495,0.003732321999997623
G502,deterministic structured generated case,generated,True,4,2,28,2,10,64,16,24707,5149,4.798407457758788,43,2099,14,128,1792,424,60,0,68,0,1920,1920,3216,4,10,3,1,4,4,0.0005690699999973958,0.004097039999997776,0.006434251999998253,0.009232708999999062,0.0018306619999997054,0.0025393390000019167
G503,deterministic structured generated case,generated,True,5,2,23,1,3,128,24,35519,4617,7.693090751570284,31,1346,7,128,2944,352,32,0,64,32,3040,3072,5152,2,2,1,0,0,0,0.0012784029999970414,0.003616849000000144,0.008852786999998585,0.010109615000001071,0.0014154779999984157,0.002888463000001451
G504,deterministic structured generated case,generated,True,6,2,47,2,27,256,32,122013,14697,8.301898346601348,105,5053,50,512,12032,2368,176,16,64,256,12288,12544,24384,4,10,3,2,8,36,0.003659658000000121,0.02174083999999965,0.034824726000000084,0.05052302700000055,0.015101345000001487,0.018819433000000885
G505,deterministic structured generated case,generated,True,1,0,21,1,2,2,2,1460,2210,0.6606334841628959,26,1064,3,2,42,4,1,1,0,0,44,44,60,2,2,1,0,0,1,0.00019690299999908234,0.00020249800000016194,0.00035710099999874956,0.0003888559999971619,0.00015066300000299293,0.00014854600000191454
G506,deterministic structured generated case,generated,True,2,0,25,2,5,4,2,2355,2733,0.8616904500548848,31,1448,6,8,100,18,1,0,3,4,104,108,162,2,2,1,0,3,4,0.00031840100000124494,0.0003703920000006633,0.00048566999999977156,0.0006383680000006109,0.0002263509999984592,0.0002679690000029211
G507,deterministic structured generated case,generated,True,3,0,21,1,8,8,4,3081,2862,1.0765199161425576,31,1501,9,8,168,28,2,0,2,4,172,176,292,2,4,2,1,5,5,0.0003520379999990553,0.00038399800000021855,0.0007522699999995552,0.000918632000001196,0.00024323499999923115,0.00037358100000162153
G508,deterministic structured generated case,generated,True,4,0,36,2,14,16,12,10009,7193,1.3914917280689558,71,3657,35,32,576,128,16,4,4,8,600,608,1040,4,14,4,1,0,11,0.0003753400000015006,0.0013518139999995071,0.0019306679999999687,0.0028804449999988435,0.001046407000000471,0.001380328999999847
G509,deterministic structured generated case,generated,True,5,0,27,1,7,32,24,12317,5143,2.3949056970639706,40,1823,12,32,864,112,8,0,16,8,888,896,1504,2,6,3,0,2,2,0.00032641299999980333,0.0009482999999974595,0.002313860000001,0.0028708709999989424,0.0005333229999990863,0.0007806660000007071
G510,deterministic structured generated case,generated,True,6,0,35,2,26,64,32,29282,11768,2.4882732834806256,103,5445,64,128,2240,640,38,10,16,64,2304,2368,4736,4,16,4,2,6,33,0.0008279880000010564,0.007004169000001781,0.008643136999999967,0.013074150000001339,0.005214225999999655,0.005009188999999026
G511,deterministic structured generated case,generated,True,4,1,23,1,17,32,16,12135,6291,1.9289461134954697,54,3002,31,32,736,160,32,0,0,0,768,768,1216,2,8,4,0,0,1,0.0004056329999997388,0.0020060470000018427,0.002714926999999534,0.003713418000000246,0.0016505970000011416,0.0018997919999996782
G512,deterministic structured generated case,generated,True,4,1,27,2,10,32,16,13416,5281,2.5404279492520354,42,2059,14,64,864,212,30,0,34,0,928,928,1576,4,8,2,1,4,4,0.00043562300000132836,0.0017552820000013014,0.002873191999999136,0.004220821000000541,0.0014815540000014948,0.001694697999997885
G513,deterministic structured generated case,generated,True,3,1,24,1,8,16,4,5449,3403,1.6012342051131354,37,1748,12,16,384,56,4,0,4,8,392,400,664,2,4,2,1,3,4,0.00041355699999812146,0.0006526040000025546,0.0015863930000001858,0.0016284730000002412,0.00039943200000180923,0.000599816000001141
G514,deterministic structured generated case,generated,True,4,1,29,2,14,32,12,14240,6503,2.189758572966323,58,3136,30,64,928,256,28,8,12,16,976,992,1664,4,8,2,2,3,6,0.0004506820000003131,0.0025309340000028158,0.004157711000001285,0.007007684000001291,0.0029258120000008603,0.0021354239999986646
G515,deterministic structured generated case,generated,True,5,1,24,1,4,64,24,19320,4492,4.300979519145147,34,1512,9,64,1536,256,12,12,24,16,1584,1600,2720,2,4,2,0,2,2,0.0005659310000005746,0.002257698000001085,0.005191253000003115,0.006121454999998832,0.0010354230000011455,0.0015151760000016168
G516,deterministic structured generated case,generated,True,6,1,38,2,17,128,32,55225,10165,5.43285784554845,78,3780,37,256,4864,1184,88,8,32,128,4992,5120,10144,4,12,4,2,6,11,0.001655643999999512,0.008922134999998832,0.021897664000000816,0.02668304199999838,0.007022116999998218,0.00967661299999989
G517,deterministic structured generated case,generated,True,1,2,21,1,5,8,2,3291,2677,1.229361225252148,28,1344,7,8,168,24,8,0,0,0,176,176,256,2,2,1,0,0,1,0.00019362300000125288,0.0003942580000000362,0.0008016190000006418,0.0009441949999988708,0.00038981300000173746,0.0003243600000004676
G518,deterministic structured generated case,generated,True,2,2,22,2,6,16,2,5435,3547,1.5322808006766282,41,2111,20,32,352,104,7,1,8,16,368,384,616,4,4,1,0,0,0,0.0003105709999999817,0.0008023440000002324,0.001237808000002616,0.001344421999998957,0.000490202999998246,0.0007516390000006368
G519,deterministic structured generated case,generated,True,3,2,19,1,3,32,4,8168,2388,3.420435510887772,26,1165,6,32,608,96,8,0,8,16,624,640,1088,2,2,1,1,1,1,0.0002867490000006967,0.001088429999999363,0.0019707699999997885,0.002422502000001714,0.0004904859999967925,0.000648776000002016
G520,deterministic structured generated case,generated,True,4,2,29,2,10,64,12,24832,5994,4.142809476142809,56,2901,27,128,1856,464,52,28,16,32,1952,1984,3344,4,8,2,1,0,3,0.0005976030000027777,0.004386406999998371,0.006052966000002158,0.008258185999999057,0.002635550999997349,0.0033589660000004073
G521,deterministic structured generated case,generated,True,4,2,24,1,17,64,16,21765,6372,3.4157250470809792,55,3037,31,64,1536,320,64,0,0,0,1600,1600,2560,2,8,4,0,0,1,0.0005480260000005899,0.0039114340000026004,0.005048915999999792,0.007730807000001505,0.0032943989999978385,0.0033258770000017535
G522,deterministic structured generated case,generated,True,4,2,27,2,6,64,16,25817,5174,4.989756474681098,41,1919,13,128,1728,424,92,0,36,0,1856,1856,3152,4,8,2,1,0,1,0.0005992849999998384,0.003423736999998539,0.009273648000000634,0.007867258000000987,0.0024154860000002998,0.002450086999999712
G523,deterministic structured generated case,generated,True,1,0,19,1,3,2,2,1498,2098,0.7140133460438512,22,1017,3,2,38,4,2,0,0,0,40,40,54,2,2,1,0,0,1,0.00018170799999950304,0.0002559299999980169,0.0004926559999987035,0.00028656000000282233,0.00013680700000051615,0.00019117800000145735
G524,deterministic structured generated case,generated,True,2,0,28,2,7,4,2,2594,2969,0.8736948467497474,34,1636,6,8,112,18,0,1,3,4,116,120,178,0,0,0,0,6,6,0.0002266479999981641,0.00027687099999695874,0.0006599800000017808,0.0005254669999992245,0.00028976100000122074,0.00027938499999891064
G525,deterministic structured generated case,generated,True,3,0,21,1,4,8,4,3048,2754,1.1067538126361656,31,1385,9,8,168,28,2,0,2,4,172,176,292,2,4,2,1,1,1,0.0002096979999990367,0.00038849400000273704,0.0006528570000021716,0.0007381640000012624,0.000300603999999538,0.0002786099999987357
G526,deterministic structured generated case,generated,True,4,0,33,2,17,16,12,8488,6326,1.3417641479607967,64,3071,25,32,528,118,12,6,6,8,552,560,950,4,12,4,1,8,11,0.00036398700000006556,0.0016088150000008739,0.002046053000000825,0.0027011289999983035,0.0012151980000005835,0.0015511840000002053
G527,deterministic structured generated case,generated,True,5,0,29,1,14,32,24,12372,6476,1.910438542310068,57,2527,20,32,928,128,11,1,12,8,952,960,1648,2,8,4,1,6,6,0.000511691000003367,0.001420947999999811,0.0034260159999988105,0.004261584999998291,0.0016278289999966944,0.001084511000001953
G528,deterministic structured generated case,generated,True,6,0,33,2,8,64,32,26113,8212,3.1798587433024843,67,2904,28,128,2112,576,28,20,16,64,2176,2240,4288,2,6,3,1,0,0,0.0007825419999996086,0.00496362399999839,0.0070425249999992445,0.009104223999997885,0.002028587999998166,0.0028948859999999854
G529,deterministic structured generated case,generated,True,1,1,18,1,4,4,2,1986,2368,0.8386824324324325,25,1249,7,4,72,12,3,1,0,0,76,76,108,2,2,1,0,0,0,0.0002147539999981518,0.00039958300000009217,0.00037326900000067553,0.0004933300000011798,0.00018874199999885377,0.00019378500000044596
G530,deterministic structured generated case,generated,True,2,1,30,2,7,8,2,4062,3443,1.179785071158873,39,1891,10,16,240,42,2,2,4,8,248,256,402,2,2,1,0,4,9,0.0005895329999994203,0.0005726369999976555,0.0009748919999985617,0.0012439969999995526,0.0005555040000011502,0.0006073499999992293
G531,deterministic structured generated case,generated,True,4,1,23,1,17,32,16,12135,6291,1.9289461134954697,54,3002,31,32,736,160,32,0,0,0,768,768,1216,2,8,4,0,0,1,0.00047506399999974747,0.0025973469999982512,0.0024504729999996755,0.003596514999998135,0.0015638710000018818,0.0017460840000005362
G532,deterministic structured generated case,generated,True,4,1,34,2,18,32,16,14970,6876,2.1771378708551485,63,2902,22,64,1088,228,30,0,34,0,1152,1152,1976,4,10,3,1,8,10,0.0006613269999995453,0.0028292109999981108,0.003609647000001104,0.0060554310000000555,0.0019917929999984096,0.0022239589999983878
G533,deterministic structured generated case,generated,True,5,1,26,1,14,64,24,21057,6262,3.362663685723411,54,2747,27,64,1664,336,22,2,24,16,1712,1728,2992,2,8,4,1,6,7,0.0005261009999983912,0.002215529000000771,0.004584987000001206,0.005891835999999984,0.0015173789999991527,0.001770306000000943
G534,deterministic structured generated case,generated,True,6,1,36,2,9,128,32,50683,9491,5.340111684753977,73,3169,31,256,4608,1120,80,16,32,128,4736,4864,9312,4,9,3,2,0,3,0.0012823980000007396,0.007562679000002959,0.014440847000003032,0.018411055000001397,0.004370892000000737,0.0062682200000026
G535,deterministic structured generated case,generated,True,1,2,25,1,7,8,2,3617,3874,0.9336602994321115,46,1974,15,8,200,32,6,2,0,0,208,208,328,2,2,1,0,0,0,0.00042337100000011674,0.0004888950000001557,0.000910896000000605,0.0009788380000017582,0.0003840369999998927,0.0003880490000014447
G536,deterministic structured generated case,generated,True,2,2,31,2,7,16,2,5944,3577,1.6617277047805423,45,1801,8,32,496,76,2,2,12,16,512,528,844,2,2,1,0,5,5,0.0002791660000021068,0.0006021629999999334,0.0014935059999992006,0.0020481859999996743,0.0003901030000008632,0.000526492999998851
G537,deterministic structured generated case,generated,True,3,2,29,1,14,32,4,11413,4735,2.410348468848997,51,2535,21,32,928,128,8,0,8,16,944,960,1632,2,4,2,1,5,6,0.00041783800000061433,0.001301569000002445,0.0027090610000009008,0.003263841999999073,0.0007200050000015779,0.000999827000001119
G538,deterministic structured generated case,generated,True,4,2,33,2,17,64,12,29226,7796,3.748845561826578,61,3269,28,128,2112,512,72,8,16,32,2208,2240,3904,4,8,4,0,6,11,0.0008185000000011655,0.004767560000001225,0.006525848000002554,0.010118248000001273,0.0033676780000000406,0.004162140000001813
G539,deterministic structured generated case,generated,True,5,2,31,1,14,128,24,45100,6158,7.323806430659305,51,2596,19,128,3968,416,24,8,64,32,4064,4096,6880,2,8,4,0,7,8,0.0010626140000020712,0.00467912199999887,0.01216735099999866,0.012865413000000103,0.0014900420000003578,0.0027807419999987815
G540,deterministic structured generated case,generated,True,6,2,34,2,10,256,32,96632,9285,10.40732364028002,77,3634,40,512,8704,2560,144,48,64,256,8960,9216,18688,4,13,4,1,0,3,0.002409738999997302,0.013905940000000783,0.029399104000003007,0.03899673900000167,0.010663652999998163,0.014853511999998403
G541,deterministic structured generated case,generated,True,4,0,22,1,17,16,16,7482,6211,1.2046369344710997,53,2968,31,16,352,80,16,0,0,0,368,368,576,2,8,4,0,0,1,0.0003028610000015419,0.0011630429999982539,0.0013325420000001031,0.0020968339999996033,0.0010206060000008677,0.0011504490000007195
G542,deterministic structured generated case,generated,True,4,0,28,2,6,16,16,7948,4820,1.6489626556016597,42,1803,11,32,448,106,15,0,17,0,480,480,804,4,8,2,1,2,3,0.00037287500000005025,0.0013046220000028086,0.0017887590000000841,0.002089489999999472,0.0021545699999983015,0.0010308770000015954
G543,deterministic structured generated case,generated,True,3,0,21,1,4,8,4,2907,2688,1.0814732142857142,31,1411,9,8,168,28,1,1,2,4,172,176,292,2,4,2,1,2,2,0.00019806199999905516,0.0003542379999998957,0.0009575329999975679,0.0010176350000001833,0.00022100099999988743,0.0002904390000004753
G544,deterministic structured generated case,generated,True,4,0,28,2,9,16,12,8403,5101,1.6473240541070377,43,2147,15,32,448,96,20,0,4,8,472,480,784,4,8,3,2,2,2,0.0003351460000011741,0.0012335859999978993,0.0029734750000010024,0.0027759559999971373,0.0009301810000010846,0.0011690099999981385
G545,deterministic structured generated case,generated,True,5,0,19,1,2,32,24,9673,4006,2.4146280579131303,28,1261,8,32,608,116,6,6,12,8,632,640,1092,2,4,2,0,0,0,0.00037771599999913974,0.0018962929999979394,0.002134361999999612,0.002641903000000667,0.0004596819999989066,0.0010549429999997528
G546,deterministic structured generated case,generated,True,6,0,33,2,17,64,32,27121,9655,2.8090108751942,78,3888,43,128,2112,672,44,4,16,64,2176,2240,4512,4,12,4,0,6,11,0.0007293409999995504,0.00490740000000045,0.007364734999999456,0.009279618000000767,0.003484982999999886,0.003771967999998793
G547,deterministic structured generated case,generated,True,1,1,14,1,3,4,2,1701,1789,0.9508105086640581,18,879,3,4,56,8,4,0,0,0,60,60,80,2,2,1,0,0,0,0.0005730039999995995,0.00023598900000010303,0.0002617649999976379,0.000296136999999419,0.0001255450000030578,0.00012995799999870883
G548,deterministic structured generated case,generated,True,2,1,24,2,8,8,2,3543,3250,1.0901538461538463,36,1841,12,16,192,44,3,1,4,8,200,208,324,4,4,1,0,4,6,0.0002478499999973849,0.00039180499999957874,0.000820783999998298,0.0009031199999967043,0.0003550449999991656,0.00037097699999932843
G549,deterministic structured generated case,generated,True,3,1,22,1,4,16,4,4978,2791,1.7835901110713006,32,1404,8,16,352,52,2,2,4,8,360,368,612,2,2,1,1,2,2,0.0002573699999999235,0.0006204909999993902,0.0012121819999997285,0.001322331000000787,0.0005858449999998072,0.00044766199999912715
G550,deterministic structured generated case,generated,True,4,1,30,2,7,32,12,13956,5042,2.7679492264974215,47,2246,17,64,960,232,32,8,8,16,1008,1024,1704,4,8,2,2,1,1,0.00037332999999861727,0.0019393030000003364,0.002698548000001466,0.003737068999999593,0.0013315089999998975,0.001588511000001347
G551,deterministic structured generated case,generated,True,4,1,23,1,17,32,16,12135,6291,1.9289461134954697,54,3002,31,32,736,160,32,0,0,0,768,768,1216,2,8,4,0,0,1,0.0006329919999998879,0.0019454809999999156,0.002537021000001971,0.0034378520000011292,0.0016072409999985382,0.0015712990000018578
G552,deterministic structured generated case,generated,True,4,1,22,2,4,32,16,12609,4419,2.8533604887983706,32,1497,9,64,704,180,46,0,18,0,768,768,1288,4,6,2,1,0,0,0.00040980899999709663,0.001453557000001382,0.002189952999998468,0.003101943000000773,0.0009443960000012908,0.0011364839999998821
G553,deterministic structured generated case,generated,True,1,2,19,1,4,8,2,3180,2616,1.2155963302752293,26,1285,7,8,152,24,6,2,0,0,160,160,232,2,0,0,0,0,0,0.00020705900000095312,0.000425789000001231,0.0006578479999994613,0.0006677030000012962,0.0002259190000017952,0.0002482120000024679
G554,deterministic structured generated case,generated,True,2,2,27,2,6,16,2,6083,3165,1.9219589257503948,34,1642,8,32,432,80,8,0,8,16,448,464,704,4,0,0,0,3,3,0.0004145520000022884,0.0005721650000012346,0.0015529729999990138,0.0015942090000002906,0.0005053279999991389,0.0005053369999998836
G555,deterministic structured generated case,generated,True,3,2,21,1,2,32,4,8416,2743,3.068173532628509,32,1227,7,32,672,112,8,0,8,16,688,704,1200,2,0,0,0,0,0,0.0002562990000001264,0.001013069000002531,0.00234251399999863,0.0024535320000005356,0.00036165000000210057,0.0005672879999991665
G556,deterministic structured generated case,generated,True,4,2,26,2,5,64,12,22991,4437,5.181654270903763,40,1817,11,128,1664,352,48,32,16,32,1760,1792,2912,4,4,1,2,2,3,0.000726970999998855,0.0026638640000022917,0.0045811460000031445,0.007080235000000101,0.0016135370000007754,0.002136090000000479
G557,deterministic structured generated case,generated,True,5,2,25,1,5,128,24,38201,4925,7.756548223350253,37,1673,11,128,3200,384,32,0,64,32,3296,3328,5568,2,6,3,0,0,0,0.0007725530000008973,0.0034242710000000898,0.00868055499999798,0.010854624000000257,0.001416258000002557,0.0020856020000010744
G558,deterministic structured generated case,generated,True,6,2,39,2,11,256,32,110696,10754,10.29347219639204,77,3522,34,512,9984,2432,160,32,64,256,10240,10496,20352,4,8,3,1,0,0,0.0027692410000028644,0.016145009999998905,0.03256005199999734,0.04134745700000053,0.008547250999999534,0.012177471999997636
G559,deterministic structured generated case,generated,True,1,0,17,1,3,2,2,1386,2013,0.6885245901639344,22,949,3,2,34,4,2,0,0,0,36,36,48,2,2,1,0,0,0,0.00015637899999987326,0.0001795999999991693,0.00041911900000002333,0.0002791919999971526,0.0001274080000008837,0.00012574200000159408
G560,deterministic structured generated case,generated,True,2,0,31,2,6,4,2,2695,3184,0.8464195979899497,37,1647,6,8,124,18,1,0,3,4,128,132,202,2,2,1,0,4,4,0.0002170029999994938,0.0003242249999999558,0.0005549249999994288,0.0011212570000012079,0.000620677000000569,0.0004729979999993361
G561,deterministic structured generated case,generated,True,4,0,22,1,17,16,16,7482,6211,1.2046369344710997,53,2968,31,16,352,80,16,0,0,0,368,368,576,2,8,4,0,0,1,0.00027852399999872546,0.0013931779999971639,0.0014661189999998214,0.0019331760000014242,0.0008957729999998776,0.0008042089999982238
G562,deterministic structured generated case,generated,True,4,0,20,2,3,16,16,6787,3874,1.7519359834796076,29,1343,8,32,320,90,15,0,17,0,352,352,580,4,6,2,1,0,0,0.00020570999999947048,0.0006961189999969974,0.001589392999999717,0.00205695100000014,0.0006124009999979307,0.00045220100000165075
G563,deterministic structured generated case,generated,True,5,0,27,1,4,32,24,12392,5094,2.4326658814291324,40,1675,11,32,864,120,12,0,12,8,888,896,1512,2,6,3,0,0,0,0.0005910570000011717,0.0012086769999974933,0.0023816630000013106,0.0026476450000032514,0.000526887999999559,0.000573065000001094
G564,deterministic structured generated case,generated,True,6,0,39,2,11,64,32,28185,9746,2.891955674122717,84,3556,36,128,2496,608,40,8,16,64,2560,2624,5152,4,13,4,2,0,4,0.0008989620000008358,0.0046036649999976476,0.008395992000000518,0.010554566999999793,0.004738300999999723,0.003287829999997882
G565,deterministic structured generated case,generated,True,1,1,18,1,4,4,2,1983,2365,0.8384778012684989,25,1249,7,4,72,12,3,1,0,0,76,76,108,2,2,1,0,0,0,0.0001539709999995864,0.002012011999998009,0.0004350690000016755,0.002797757999999817,0.0006533829999995078,0.00018996900000090022
G566,deterministic structured generated case,generated,True,2,1,31,2,7,8,2,3876,3898,0.9943560800410467,48,2000,12,16,248,44,3,1,4,8,256,264,428,4,4,1,0,3,8,0.0008692030000005957,0.0006111530000012522,0.0009522789999998338,0.0012203219999982196,0.0004523270000014179,0.0004202540000015631
G567,deterministic structured generated case,generated,True,3,1,22,1,5,16,4,5028,2891,1.7391905914908337,33,1446,9,16,352,56,4,0,4,8,360,368,616,2,4,2,1,2,2,0.000286400000000242,0.0005964789999985953,0.0012009650000024408,0.0015020389999982342,0.00037940199999653146,0.0005170939999992186
G568,deterministic structured generated case,generated,True,4,1,34,2,20,32,12,14412,6955,2.072178289000719,69,3404,29,64,1088,252,26,10,12,16,1136,1152,1980,4,10,3,0,10,10,0.0006438729999977966,0.0037811539999985655,0.0050106169999999395,0.008123926999999753,0.0023263739999990207,0.0029289450000007378
G569,deterministic structured generated case,generated,True,5,1,20,1,3,64,24,17735,4371,4.057423930450698,30,1340,9,64,1280,256,24,0,24,16,1328,1344,2336,2,4,2,0,0,0,0.0006681479999990358,0.0017806330000027515,0.004364789000000258,0.004590663000001882,0.0008887490000013543,0.0011777269999981854
G570,deterministic structured generated case,generated,True,6,1,38,2,7,128,32,56353,9360,6.020619658119658,69,3035,28,256,4864,1120,72,24,32,128,4992,5120,9824,4,8,3,1,0,0,0.0014464550000035103,0.006725870000000356,0.015484374999999773,0.017970982000001356,0.004018023000000426,0.006192393999999268
G571,deterministic structured generated case,generated,True,4,2,24,1,17,64,16,21765,6372,3.4157250470809792,55,3037,31,64,1536,320,64,0,0,0,1600,1600,2560,2,8,4,0,0,1,0.0005654570000004355,0.004471012999999857,0.005418001999998978,0.007532706999999306,0.003564007999997898,0.0031530120000020645
G572,deterministic structured generated case,generated,True,4,2,27,2,6,64,16,24563,5749,4.272569142459558,43,1999,15,128,1728,456,60,0,68,0,1856,1856,3184,4,6,2,1,0,0,0.0006253080000000466,0.0025865650000014284,0.005931750999998542,0.00677820299999965,0.003181525000002239,0.002284145000000848
G573,deterministic structured generated case,generated,True,3,2,25,1,8,32,4,9853,3639,2.7076119813135477,41,1923,15,32,800,128,8,0,8,16,816,832,1408,2,4,2,1,3,4,0.0003396729999991521,0.0010603129999999794,0.002870030000000412,0.003263118999999648,0.0006984560000020679,0.0017898380000005432
G574,deterministic structured generated case,generated,True,4,2,36,2,11,64,12,29223,6718,4.349955343852337,61,2905,23,128,2304,464,64,16,16,32,2400,2432,3984,4,8,2,0,2,2,0.0008648780000015677,0.006583993999999649,0.006384745000001857,0.00936396900000247,0.0031020909999988078,0.0050211120000014375
G575,deterministic structured generated case,generated,True,5,2,29,1,7,128,24,43443,5252,8.271706016755521,42,1890,11,128,3712,384,24,8,64,32,3808,3840,6464,2,6,3,0,3,3,0.0008990989999979604,0.004673606999997304,0.011316429000000738,0.013459727000000754,0.0015356000000004144,0.0024498649999991073
G576,deterministic structured generated case,generated,True,6,2,34,2,13,256,32,99302,12244,8.110258085592944,80,3947,43,512,8704,2560,144,48,64,256,8960,9216,18688,4,8,3,1,0,3,0.0022444360000015706,0.014664467999999431,0.027561021000000352,0.03655665000000141,0.008173779999999908,0.01300973900000102
G577,deterministic structured generated case,generated,True,1,0,19,1,3,2,2,1470,2158,0.6811862835959221,24,1007,3,2,38,4,2,0,0,0,40,40,54,2,2,1,0,0,0,0.00021075700000139364,0.0001892399999974259,0.0002681459999998026,0.00034147999999945,0.00017718499999830328,0.0001352449999991734
G578,deterministic structured generated case,generated,True,2,0,28,2,8,4,2,2534,3111,0.8145290903246545,36,1616,6,8,112,18,1,0,3,4,116,120,182,2,2,1,0,6,12,0.00020891200000150434,0.00039635899999979074,0.000545910999999677,0.0006007950000004314,0.00026995700000043144,0.00023911299999923585
G579,deterministic structured generated case,generated,True,3,0,21,1,3,8,4,2877,2770,1.0386281588447654,33,1341,9,8,168,28,2,0,2,4,172,176,292,2,4,2,1,0,0,0.00025185399999827496,0.00035562000000055605,0.0007081629999987626,0.0010823989999977357,0.0002320780000033551,0.0002841800000012995
G580,deterministic structured generated case,generated,True,4,0,31,2,15,16,12,8294,6619,1.2530593745278742,68,3289,31,32,496,120,14,6,4,8,520,528,904,4,12,4,1,3,3,0.00033851999999967575,0.0014704109999996717,0.0017730710000023464,0.0027799460000004217,0.0009576339999988193,0.0012036349999995366
G581,deterministic structured generated case,generated,True,4,0,22,1,17,16,16,7482,6211,1.2046369344710997,53,2968,31,16,352,80,16,0,0,0,368,368,576,2,8,4,0,0,1,0.00030583000000206084,0.001231534999998729,0.0012721130000024061,0.0023206199999989963,0.0009466879999990852,0.000955678999996934
G582,deterministic structured generated case,generated,True,4,0,26,2,6,16,16,8370,5043,1.6597263533610946,40,1870,13,32,416,106,23,0,9,0,448,448,740,4,8,2,1,0,0,0.0002852430000004347,0.0008242590000016037,0.0015483910000000378,0.0019006599999968898,0.0006392399999981535,0.0008119319999977392
G583,deterministic structured generated case,generated,True,1,1,24,1,4,4,2,2376,2806,0.8467569493941554,31,1429,7,4,96,12,3,1,0,0,100,100,148,2,2,1,0,0,1,0.00030903900000112117,0.0006125620000005938,0.00045616600000286667,0.0005691699999985644,0.00024369400000168184,0.0001951939999997876
G584,deterministic structured generated case,generated,True,2,1,36,2,14,8,2,4430,4613,0.960329503576848,57,2342,12,16,288,44,3,1,4,8,296,304,516,4,4,1,0,10,17,0.00031179499999822724,0.0005423580000005757,0.0009326769999979945,0.001102818999999755,0.0003822259999992639,0.0006323310000020399
G585,deterministic structured generated case,generated,True,3,1,22,1,4,16,4,4885,2883,1.6944155393687133,33,1360,8,16,352,52,4,0,4,8,360,368,612,2,2,1,1,1,1,0.00019682299999956854,0.0006494629999984625,0.0015857600000011018,0.0017775550000003193,0.000353975999999534,0.001284108000000117
G586,deterministic structured generated case,generated,True,4,1,31,2,10,32,12,14414,5867,2.4567922277143346,57,2863,26,64,992,264,30,6,12,16,1040,1056,1800,4,10,3,2,1,1,0.00044158700000096474,0.0024844850000000918,0.0035773869999999874,0.004275064999998079,0.0016200409999989063,0.0019584679999979926
G587,deterministic structured generated case,generated,True,5,1,26,1,5,64,24,20261,4983,4.066024483243027,39,1569,9,64,1664,256,24,0,24,16,1712,1728,2912,2,4,2,0,2,2,0.0006138839999998424,0.002090759000001441,0.004330280000001352,0.006900058999999459,0.0009927979999986292,0.0014221340000020177
G588,deterministic structured generated case,generated,True,6,1,38,2,14,128,32,53864,11082,4.860494495578416,87,4045,43,256,4864,1248,80,16,32,128,4992,5120,9952,4,14,5,2,0,7,0.0012721200000029853,0.008283718000001272,0.016477046000002105,0.019600320999998644,0.004778935999997458,0.00910215200000053
G589,deterministic structured generated case,generated,True,1,2,17,1,4,8,2,3081,2502,1.2314148681055155,24,1234,7,8,136,24,6,2,0,0,144,144,208,2,0,0,0,0,0,0.00019142700000074342,0.0008479000000001236,0.0004849249999985261,0.0008367179999986263,0.0005040970000003142,0.00024556199999992145
G590,deterministic structured generated case,generated,True,2,2,31,2,7,16,2,7049,3856,1.8280601659751037,42,1945,11,32,496,88,8,0,8,16,512,528,840,4,0,0,0,3,7,0.00035982700000047885,0.0007980730000021197,0.0013933749999992529,0.0018788900000004105,0.00046128400000000624,0.0006388080000014895
G591,deterministic structured generated case,generated,True,4,2,24,1,17,64,16,21765,6372,3.4157250470809792,55,3037,31,64,1536,320,64,0,0,0,1600,1600,2560,2,8,4,0,0,1,0.0004881870000019717,0.004451630999998457,0.005342001999999013,0.00717769100000254,0.0029500059999989503,0.0032001749999999163
G592,deterministic structured generated case,generated,True,4,2,31,2,18,64,16,28206,6961,4.052004022410573,54,2855,22,128,1984,456,60,0,68,0,2112,2112,3632,4,8,2,1,8,10,0.0007892190000013954,0.00477670299999744,0.006883335000001267,0.013744864999999606,0.005384174999999658,0.005514467999997663
G593,deterministic structured generated case,generated,True,5,2,25,1,4,128,24,36812,4437,8.296596799639396,33,1466,7,128,3200,352,16,16,64,32,3296,3328,5536,2,4,2,0,2,2,0.0009870210000002544,0.0038699450000017066,0.00926528700000162,0.010378403000000702,0.0010530290000012599,0.002477621000000596
G594,deterministic structured generated case,generated,True,6,2,40,2,20,256,32,114232,13268,8.609586976183298,110,5522,66,512,10240,2688,152,40,64,256,10496,10752,21120,4,13,4,2,0,4,0.002643307999999678,0.0194877379999987,0.033373982000000524,0.04106667799999997,0.011913876000001267,0.017887901000001705
G595,deterministic structured generated case,generated,True,1,0,15,1,2,2,2,1256,1771,0.7092038396386222,19,906,3,2,30,4,1,1,0,0,32,32,42,2,2,1,0,0,0,0.00012304000000185056,0.00026192099999988727,0.00030185099999968656,0.00029752400000049306,0.00012617599999842355,0.00012682700000254954
G596,deterministic structured generated case,generated,True,2,0,32,2,7,4,2,2860,3321,0.8611863896416742,38,1715,6,8,128,18,1,0,3,4,132,136,214,2,2,1,0,5,11,0.00025988299999823994,0.0002891609999977618,0.0005745819999987134,0.0008273189999989938,0.0002677260000005788,0.00024538200000279176
G597,deterministic structured generated case,generated,True,3,0,27,1,5,8,4,3343,3408,0.9809272300469484,43,1566,9,8,216,28,2,0,2,4,220,224,380,2,4,2,1,2,2,0.0003700649999984762,0.0004354160000019647,0.0008635689999998419,0.000885473000000303,0.0002607929999989267,0.00029575399999970386
G598,deterministic structured generated case,generated,True,4,0,27,2,6,16,12,7638,4585,1.665866957470011,40,1890,13,32,432,104,18,0,6,8,456,464,744,4,6,2,1,1,1,0.0004832060000019567,0.0009635279999997692,0.001512309999998962,0.0018183690000022068,0.001056496000000351,0.0007798229999984585
G599,deterministic structured generated case,generated,True,5,0,23,1,4,32,24,11159,4687,2.3808406229997865,36,1648,12,32,736,112,6,2,16,8,760,768,1312,2,6,3,0,0,0,0.0003455169999995178,0.0010044270000015842,0.00206256800000304,0.0030197550000004014,0.00045813799999905314,0.0006084219999991092
G600,deterministic structured generated case,generated,True,6,0,43,2,20,64,32,29919,11270,2.6547471162377994,107,4590,48,128,2752,608,36,12,16,64,2816,2880,5792,4,14,4,2,7,14,0.0010861540000028924,0.005199878000002656,0.008914195999999208,0.01073999600000164,0.0034494139999985407,0.0060912389999998595
P001,manual public projection: Reflection1 Class.forName,public_manual,False,0,0,10,1,2,1,1,1027,1377,0.7458242556281772,10,699,1,1,10,1,1,0,0,0,11,11,12,2,0,0,0,0,0,0.00010017600000011839,0.001003440999998162,0.00014449700000085386,0.00034607499999950164,0.0001136909999992497,7.847199999844179e-05
P002,manual public projection: Reflection1 Class.newInstance,public_manual,False,0,0,10,1,2,1,1,1019,1369,0.7443389335281227,10,696,1,1,10,1,1,0,0,0,11,11,12,2,0,0,0,0,0,0.0001992790000002742,0.00012141499999884786,0.00013161100000047554,0.0001487000000004457,7.343299999718056e-05,0.00011398699999887185
P003,manual public projection: Reflection2 Class.forName,public_manual,False,0,0,10,1,2,1,1,1027,1377,0.7458242556281772,10,699,1,1,10,1,1,0,0,0,11,11,12,2,0,0,0,0,0,0.0001172039999985941,0.00011598699999737505,0.00017667499999873826,0.00014399200000170254,7.258900000195467e-05,0.0001863110000002166
P004,manual public projection: Reflection2 method reached through reflective instance,public_manual,False,0,0,10,1,2,1,1,995,1345,0.7397769516728625,10,687,1,1,10,1,1,0,0,0,11,11,12,2,0,0,0,0,0,0.00022844700000135276,0.00011140400000186901,0.0002040579999977865,0.00014414700000031644,0.00013227999999898543,0.0001988070000003006
P005,manual public projection: Reflection3 Class.forName,public_manual,False,0,0,10,1,2,1,1,1043,1393,0.7487437185929648,10,705,1,1,10,1,1,0,0,0,11,11,12,2,0,0,0,0,0,8.438200000071561e-05,0.00010645200000070076,0.00012011800000166772,0.00013708599999873172,7.113899999922069e-05,6.94440000010843e-05
P006,manual public projection: Reflection3 Class.newInstance,public_manual,False,0,0,10,1,2,1,1,1035,1385,0.7472924187725631,10,702,1,1,10,1,1,0,0,0,11,11,12,2,0,0,0,0,0,8.86489999984974e-05,0.0001693179999975314,0.0001264640000009365,0.00021000399999948627,7.708599999745047e-05,7.264000000262172e-05
P007,manual public projection: Reflection3 Class.getMethod,public_manual,False,0,0,12,1,2,1,1,1156,1602,0.7215980024968789,13,775,1,1,12,1,1,0,0,0,13,13,14,2,0,0,0,0,0,0.00012762599999760482,0.00012624400000049718,0.00014665899999855014,0.00015252400000065336,7.522499999979004e-05,7.319999999921833e-05
P008,manual public projection: Reflection3 Class.getMethod,public_manual,False,0,0,10,1,2,1,1,1043,1393,0.7487437185929648,10,705,1,1,10,1,1,0,0,0,11,11,12,2,0,0,0,0,0,0.00012940199999889046,9.780999999975393e-05,0.00011239899999893055,0.0001998480000011682,6.719900000007328e-05,6.54569999980481e-05
P009,manual public projection: Reflection4 Class.forName,public_manual,False,0,0,10,1,2,1,1,1027,1377,0.7458242556281772,10,699,1,1,10,1,1,0,0,0,11,11,12,2,0,0,0,0,0,8.099800000138657e-05,9.895200000187288e-05,0.0002461919999987572,0.00012920799999704968,6.478599999937273e-05,6.366099999866037e-05
P010,manual public projection: Reflection4 member reached through reflective instance,public_manual,False,0,0,10,1,2,1,1,1051,1435,0.732404181184669,11,708,1,1,10,1,1,0,0,0,11,11,12,2,0,0,0,0,0,8.245099999726335e-05,0.00010082000000011249,0.00025760400000152117,0.00013781999999906702,6.692600000235416e-05,6.682400000102007e-05
P011,manual public projection: Reflection4 member reached through reflective instance,public_manual,False,0,0,10,1,2,1,1,1043,1427,0.7309039943938332,11,705,1,1,10,1,1,0,0,0,11,11,12,2,0,0,0,0,0,9.084399999892412e-05,0.0001115510000033737,0.0001093769999975791,0.0001652159999991909,6.519600000132186e-05,6.524600000190617e-05
P012,source-extracted public case: Reflection5 Class.forName,public_source_extracted,False,0,0,5,1,2,1,1,968,1201,0.8059950041631974,6,606,1,1,5,1,1,0,0,0,6,6,7,2,0,0,0,0,0,7.08819999992727e-05,9.013600000074007e-05,8.608699999967939e-05,0.00010613899999967202,9.678400000012743e-05,6.630500000071038e-05
P013,source-extracted public case: Reflection5 Class.getConstructor,public_source_extracted,False,0,0,5,1,2,1,1,1008,1241,0.8122481869460113,6,621,1,1,5,1,1,0,0,0,6,6,7,2,0,0,0,0,0,9.518399999919325e-05,9.2476000002506e-05,0.00017575800000102504,0.00011222899999907554,5.5849999998969224e-05,5.623400000231982e-05
P014,source-extracted public case: Reflection6 Class.forName,public_source_extracted,False,0,0,5,1,2,1,1,968,1201,0.8059950041631974,6,606,1,1,5,1,1,0,0,0,6,6,7,2,0,0,0,0,0,0.00021670499999970616,0.00013450000000148066,9.081199999982914e-05,0.00010195800000190047,5.389200000038841e-05,0.00011041599999828122
P015,source-extracted public case: Reflection6 Class.getConstructors,public_source_extracted,False,0,0,5,1,2,1,1,1024,1257,0.8146380270485283,6,627,1,1,5,1,1,0,0,0,6,6,7,2,0,0,0,0,0,7.458400000004417e-05,9.892899999996985e-05,0.00012524199999930374,0.00011958400000011693,6.586099999950079e-05,0.0003811900000023627
P016,source-extracted public case: Reflection7 Class.forName,public_source_extracted,False,0,0,5,1,2,1,1,968,1201,0.8059950041631974,6,606,1,1,5,1,1,0,0,0,6,6,7,2,0,0,0,0,0,7.494100000116077e-05,9.746099999929925e-05,9.309900000076254e-05,0.00018443899999809332,6.154700000138291e-05,5.986000000035574e-05
P017,source-extracted public case: Reflection7 Class.getConstructor,public_source_extracted,False,0,0,5,1,2,1,1,1008,1241,0.8122481869460113,6,621,1,1,5,1,1,0,0,0,6,6,7,2,0,0,0,0,0,0.00014057499999964307,0.00010068899999993164,9.544299999930672e-05,0.00011578199999817684,6.145699999748899e-05,6.53469999996048e-05
P018,source-extracted public case: Reflection7 Class.getMethod,public_source_extracted,False,0,0,5,1,2,1,1,1016,1249,0.8134507606084868,6,624,1,1,5,1,1,0,0,0,6,6,7,2,0,0,0,0,0,7.282600000024786e-05,9.686099999939302e-05,9.50529999990124e-05,0.0001959680000034325,6.293000000212601e-05,9.900800000295362e-05
P019,source-extracted public case: Reflection7 Class.getMethod,public_source_extracted,False,0,0,5,1,2,1,1,968,1201,0.8059950041631974,6,606,1,1,5,1,1,0,0,0,6,6,7,2,0,0,0,0,0,7.606100000145943e-05,9.964099999848486e-05,0.0006601699999997379,0.0001308559999984027,0.00018485600000062163,6.578900000064891e-05
P020,source-extracted public case: Reflection8 ClassLoader.loadClass,public_source_extracted,False,0,0,5,1,2,1,1,936,1169,0.8006843455945253,6,594,1,1,5,1,1,0,0,0,6,6,7,2,0,0,0,0,0,0.00022309199999881457,0.00016190199999854826,0.00013476200000184235,0.00011687499999979423,6.325600000067766e-05,6.302300000271543e-05
P021,source-extracted public case: Reflection8 Class.newInstance,public_source_extracted,False,0,0,5,1,2,1,1,928,1161,0.7993109388458226,6,591,1,1,5,1,1,0,0,0,6,6,7,2,0,0,0,0,0,0.00017118499999924097,0.00017700000000075988,9.12979999974084e-05,0.00010193499999999744,5.639000000101646e-05,5.7604999998517314e-05
P022,source-extracted public case: Reflection9 ClassLoader.loadClass,public_source_extracted,False,0,0,5,1,2,1,1,936,1169,0.8006843455945253,6,594,1,1,5,1,1,0,0,0,6,6,7,2,0,0,0,0,0,0.0001580180000004816,8.446500000047763e-05,8.795699999808448e-05,0.00015315299999940635,5.915799999911542e-05,5.765899999943258e-05
P023,source-extracted public case: Reflection9 Class.newInstance,public_source_extracted,False,0,0,5,1,2,1,1,928,1161,0.7993109388458226,6,591,1,1,5,1,1,0,0,0,6,6,7,2,0,0,0,0,0,9.441799999976297e-05,0.00011127600000193638,8.62169999997775e-05,9.920199999768897e-05,5.51479999977289e-05,5.508599999970443e-05
P024,source-extracted public case: Reflection9 Class.getField,public_source_extracted,False,0,0,5,1,2,1,1,936,1169,0.8006843455945253,6,594,1,1,5,1,1,0,0,0,6,6,7,2,0,0,0,0,0,7.103099999739015e-05,8.99270000012109e-05,8.777300000062382e-05,0.00010155800000077875,5.379300000285525e-05,5.49180000000149e-05
P025,source-extracted public case: Reflection9 Class.getMethod,public_source_extracted,False,0,0,5,1,2,1,1,936,1169,0.8006843455945253,6,594,1,1,5,1,1,0,0,0,6,6,7,2,0,0,0,0,0,9.539599999897064e-05,0.00024157700000060345,9.427100000181099e-05,0.00010796299999782377,5.69679999991024e-05,5.8131999999488926e-05
P026,source-extracted public case: Reflection10 ClassLoader.loadClass,public_source_extracted,False,0,0,5,1,2,1,1,944,1177,0.8020390824129142,6,597,1,1,5,1,1,0,0,0,6,6,7,2,0,0,0,0,0,0.00010048900000114713,9.3559999999826e-05,8.735199999776455e-05,0.00010456299999717089,5.701799999968671e-05,5.645100000251091e-05
P027,source-extracted public case: Reflection10 Class.getConstructor,public_source_extracted,False,0,0,5,1,2,1,1,984,1217,0.8085456039441249,6,612,1,1,5,1,1,0,0,0,6,6,7,2,0,0,0,0,0,7.066400000255157e-05,9.454499999961286e-05,0.00011912800000146717,0.000114112999998639,5.794100000144908e-05,5.699399999770094e-05
P028,source-extracted public case: Reflection10 Class.getField,public_source_extracted,False,0,0,5,1,2,1,1,944,1177,0.8020390824129142,6,597,1,1,5,1,1,0,0,0,6,6,7,2,0,0,0,0,0,7.699500000057924e-05,0.00010303100000186305,9.858399999984613e-05,0.00011343199999913622,6.148599999988846e-05,9.412100000005807e-05
P029,source-extracted public case: Reflection11 Class.forName,public_source_extracted,False,0,0,5,1,2,1,1,992,1225,0.809795918367347,6,615,1,1,5,1,1,0,0,0,6,6,7,2,0,0,0,0,0,0.00015876500000189253,0.000104205999999607,0.0002313590000007082,0.00012188099999832502,6.365300000155116e-05,0.00010024000000186106
P030,source-extracted public case: Reflection11 Class.newInstance,public_source_extracted,False,0,0,5,1,2,1,1,984,1217,0.8085456039441249,6,612,1,1,5,1,1,0,0,0,6,6,7,2,0,0,0,0,0,7.032599999945433e-05,9.154299999991622e-05,8.733599999999342e-05,0.00010585500000104275,5.6197999999341164e-05,5.9322999998556725e-05
P031,source-extracted public case: Reflection11 Class.getMethod,public_source_extracted,False,0,0,5,1,2,1,1,1040,1273,0.816967792615868,6,633,1,1,5,1,1,0,0,0,6,6,7,2,0,0,0,0,0,6.91769999967562e-05,0.000532873000000933,9.546600000120975e-05,0.00010821299999719258,5.5365999998002735e-05,5.6560999997401495e-05
P032,source-extracted public case: Reflection11 Class.getMethod,public_source_extracted,False,0,0,5,1,2,1,1,992,1225,0.809795918367347,6,615,1,1,5,1,1,0,0,0,6,6,7,2,0,0,0,0,0,7.751300000080619e-05,9.803100000027598e-05,9.407599999988747e-05,0.00015614100000149733,6.23280000020543e-05,6.325800000084314e-05
P033,source-extracted public case: Reflection12 Class.forName,public_source_extracted,False,0,0,5,1,2,1,1,976,1209,0.8072787427626137,6,609,1,1,5,1,1,0,0,0,6,6,7,2,0,0,0,0,0,0.0002106740000016316,0.00014759000000097444,0.00010230100000185871,0.00011892999999929543,6.042000000050507e-05,9.221800000247526e-05
P034,source-extracted public case: Reflection12 Class.getConstructor,public_source_extracted,False,0,0,5,1,2,1,1,1016,1249,0.8134507606084868,6,624,1,1,5,1,1,0,0,0,6,6,7,2,0,0,0,0,0,7.717600000134439e-05,0.00010121400000073777,9.789699999984691e-05,0.00011537199999978043,5.930300000045463e-05,6.007200000013313e-05
P035,source-extracted public case: Reflection12 Class.getField,public_source_extracted,False,0,0,5,1,2,1,1,976,1209,0.8072787427626137,6,609,1,1,5,1,1,0,0,0,6,6,7,2,0,0,0,0,0,6.690300000045113e-05,8.851399999798559e-05,8.796299999858093e-05,0.0002557769999995685,0.00011066799999781551,0.0001349109999999598
P036,source-extracted public case: Reflection12 Class.getField,public_source_extracted,False,0,0,5,1,2,1,1,976,1209,0.8072787427626137,6,609,1,1,5,1,1,0,0,0,6,6,7,2,0,0,0,0,0,7.709999999860884e-05,0.0001010550000017929,9.446099999976809e-05,0.00011505699999858621,6.504899999981717e-05,6.511900000205628e-05
P037,source-extracted public case: Reflection13 Class.forName,public_source_extracted,False,0,0,5,1,2,1,1,976,1209,0.8072787427626137,6,609,1,1,5,1,1,0,0,0,6,6,7,2,0,0,0,0,0,7.000200000106815e-05,8.996600000088506e-05,0.0002496680000021456,0.00017991800000061176,6.377500000098735e-05,6.311499999966941e-05
P038,source-extracted public case: Reflection13 Class.getConstructor,public_source_extracted,False,0,0,5,1,2,1,1,1016,1249,0.8134507606084868,6,624,1,1,5,1,1,0,0,0,6,6,7,2,0,0,0,0,0,8.236699999741859e-05,0.0001030699999979845,0.0001749659999994435,0.00015021700000161786,6.45030000008262e-05,6.517799999983254e-05
P039,source-extracted public case: Reflection13 Class.getFields,public_source_extracted,False,0,0,5,1,2,1,1,1032,1265,0.8158102766798419,6,630,1,1,5,1,1,0,0,0,6,6,7,2,0,0,0,0,0,7.153900000034241e-05,0.000244899000001908,9.578899999951318e-05,0.00014617000000072267,6.274000000061619e-05,5.999500000086755e-05
P040,source-extracted public case: Reflection13 Class.getField,public_source_extracted,False,0,0,5,1,2,1,1,976,1209,0.8072787427626137,6,609,1,1,5,1,1,0,0,0,6,6,7,2,0,0,0,0,0,7.645299999836652e-05,0.00010126000000099111,9.549899999683475e-05,0.00011413800000070751,5.991399999771829e-05,9.580800000108525e-05
