case,label,category,generated,external_bits,choice_bits,nodes,sites,table_entries,assignments,feasible_worlds,flat_bytes,factor_bytes,compression_ratio,diagram_nodes,dispatch_bytes,dispatch_nodes,dispatch_trace_events,dispatch_semantic_steps,dispatch_diagram_steps,dispatch_invocations,dispatch_lookup_errors,dispatch_skipped,dispatch_infeasible,flat_checker_steps,factor_semantic_steps,factor_diagram_steps,missing_target_witnesses,witness_target_base_pairs,witness_unique_within_case,witness_duplicate_records,witness_selected_total,witness_selected_max,alternative_witness_pairs,string_set_extra_targets,constant_extra_targets,flat_producer_cpu_seconds,flat_checker_cpu_seconds,factor_producer_cpu_seconds,factor_checker_cpu_seconds,dispatch_transformer_cpu_seconds,dispatch_checker_cpu_seconds
F01,constant lookup,fixture,False,0,0,6,1,2,1,1,615,878,0.7004555808656037,7,484,1,1,6,1,1,0,0,0,7,7,8,2,1,1,1,0,0,0,0,0,7.377999999999552e-05,9.306000000000592e-05,0.00011161799999999389,9.452199999999966e-05,5.340100000000847e-05,5.0545999999998537e-05
F02,concatenated method,fixture,False,0,0,9,1,1,1,1,706,1059,0.6666666666666666,10,546,1,1,9,1,1,0,0,0,10,10,11,2,1,1,1,0,0,0,0,0,7.334000000000507e-05,9.31499999999863e-05,9.912900000000335e-05,0.00010647999999999214,5.398099999998074e-05,5.3690999999994604e-05
F03,branch through alias,fixture,False,1,0,9,1,2,2,2,935,1276,0.7327586206896551,12,672,3,2,18,4,2,0,0,0,20,20,30,2,1,1,1,2,1,0,0,0,8.388599999997748e-05,0.00012234399999999646,0.00014620000000001299,0.0001566050000000041,8.230400000000526e-05,7.923900000000872e-05
F04,joint class-method correlation,fixture,False,1,0,10,1,4,2,2,1008,1420,0.7098591549295775,14,737,3,2,20,4,2,0,0,0,22,22,32,2,1,1,1,2,1,0,2,2,8.942500000000408e-05,0.00012920399999999388,0.0001780470000000145,0.00017173799999997685,9.249899999999589e-05,8.800300000000316e-05
F05,typed equality,fixture,False,1,0,10,1,2,2,2,976,1348,0.7240356083086054,13,698,3,2,20,4,2,0,0,0,22,22,32,2,1,1,1,2,1,0,0,0,8.814299999998498e-05,0.00012919399999999914,0.00016645000000001242,0.0001933509999999805,8.309400000000577e-05,8.510700000000093e-05
F06,incomparable sufficient observations,fixture,False,2,0,10,1,2,4,2,1243,1596,0.7788220551378446,18,843,6,4,40,12,2,0,0,2,42,44,84,2,1,2,0,2,1,1,0,0,9.188800000001218e-05,0.00016332600000001918,0.0002511669999999966,0.00024905399999999855,0.00011112700000001641,0.00013203900000000046
F07,one-deletion minimality trap,fixture,False,3,0,16,1,2,8,3,2334,2264,1.0309187279151943,27,1139,9,8,128,30,3,0,0,5,131,136,296,2,1,2,0,2,1,1,0,0,0.00012821199999998867,0.0002528289999999822,0.0005949539999999809,0.0005464709999999928,0.00018147300000001532,0.0001953729999999987
F08,choice permutation preserves target sets,fixture,False,1,1,10,1,2,4,2,1388,1696,0.8183962264150944,19,791,5,4,40,12,4,0,0,0,44,44,80,2,1,1,1,0,0,0,0,0,9.10570000000055e-05,0.00017867799999998768,0.00025025600000000425,0.00027797800000001205,0.00011882900000001473,0.00012083100000001568
F09,internal nondeterminism only,fixture,False,0,1,8,1,2,2,1,889,1236,0.7192556634304207,12,646,3,2,16,4,2,0,0,0,18,18,26,2,1,1,1,0,0,0,0,0,7.472199999997153e-05,0.00012626900000001218,0.0001369860000000056,0.00014356599999998387,7.485200000001413e-05,7.153699999995489e-05
F10,loader identity,fixture,False,1,0,9,1,2,2,2,934,1308,0.7140672782874617,13,671,3,2,18,4,2,0,0,0,20,20,28,2,1,1,1,2,1,0,0,0,7.952999999999433e-05,0.00013159800000001054,0.00014026000000000316,0.00015224799999996597,7.707600000000925e-05,7.52930000000318e-05
F11,signature identity,fixture,False,1,0,9,1,2,2,2,947,1316,0.7196048632218845,13,674,3,2,18,4,2,0,0,0,20,20,28,2,1,1,1,2,1,0,0,0,7.798700000000158e-05,0.00011487300000001532,0.00016655000000004305,0.00015614499999999643,7.77059999999552e-05,7.530400000005377e-05
F12,lookup error is not a target,fixture,False,1,0,8,1,1,2,2,851,1198,0.7103505843071787,12,647,3,2,16,4,1,1,0,0,18,18,26,2,1,1,1,2,1,0,0,0,7.252899999998785e-05,0.00011671499999998947,0.0001296050000000326,0.00013758699999999457,7.014499999996593e-05,7.05859999999836e-05
F13,guarded skipped site,fixture,False,1,0,7,1,2,2,2,804,1113,0.7223719676549866,11,608,3,2,14,4,1,0,1,0,16,16,22,2,1,1,1,2,1,0,0,0,6.553799999997612e-05,9.58239999999666e-05,0.00011776699999999085,0.00012337600000000837,6.099100000001023e-05,6.003099999996042e-05
F14,infeasible world excluded,fixture,False,1,0,8,1,2,2,1,795,1162,0.6841652323580034,12,639,3,2,16,4,1,0,0,1,17,18,28,2,1,1,1,0,0,0,1,1,7.119700000002283e-05,9.636499999998716e-05,0.00012739099999997672,0.00012798299999999818,6.472699999998666e-05,6.385599999997327e-05
F15,empty feasible world family,fixture,False,0,0,7,1,2,1,0,515,828,0.6219806763285024,8,504,1,1,7,1,0,0,0,1,7,8,9,0,0,0,0,0,0,0,0,0,5.375100000004629e-05,5.9248999999983454e-05,7.522300000001314e-05,7.782699999997478e-05,4.1092000000020334e-05,3.952900000003812e-05
F16,syntactic but not semantic dependency,fixture,False,1,0,8,1,2,2,2,900,1088,0.8272058823529411,9,545,1,2,16,2,2,0,0,0,18,18,22,2,1,1,1,0,0,0,0,0,7.542399999999061e-05,0.00010669000000002038,0.0001138409999999479,0.0001313479999999756,5.885799999999497e-05,6.094200000000827e-05
F17,48-byte boundary,fixture,False,0,0,9,1,1,1,1,1058,1411,0.7498228206945429,10,634,1,1,9,1,1,0,0,0,10,10,11,2,1,1,1,0,0,0,0,0,6.497699999996609e-05,8.178300000000194e-05,9.071700000001792e-05,9.990099999995783e-05,6.88630000000301e-05,5.0556000000034906e-05
F18,noncommutative concatenation,fixture,False,0,0,9,1,1,1,1,698,1051,0.6641294005708849,10,544,1,1,9,1,1,0,0,0,10,10,11,2,1,1,1,0,0,0,0,0,6.954500000000419e-05,8.144199999998714e-05,8.984500000003282e-05,0.00010081200000000567,4.979500000001913e-05,4.975399999995744e-05
F19,two site-indexed outcomes,fixture,False,1,0,9,2,2,2,2,1166,1513,0.7706543291473893,14,777,4,4,18,8,4,0,0,0,22,22,34,4,2,2,2,4,1,0,0,0,9.19879999999873e-05,0.00013784699999996874,0.00015945000000000542,0.0001797099999999996,0.00012244399999999933,9.774699999998138e-05
F20,repeated variable correlation,fixture,False,1,0,9,1,4,2,2,985,1436,0.685933147632312,15,714,3,2,18,4,2,0,0,0,20,20,30,2,1,1,1,2,1,0,2,2,8.688100000003862e-05,0.00012707100000003413,0.00016882299999998462,0.0001682319999999904,8.98449999999773e-05,8.641000000003674e-05
F21,method alias,fixture,False,1,0,10,1,2,2,2,968,1336,0.7245508982035929,13,697,3,2,20,4,2,0,0,0,22,22,32,2,1,1,1,2,1,0,0,0,8.683100000000943e-05,0.00012086099999997213,0.00014518899999999002,0.0001550319999999994,7.958000000002352e-05,7.618399999997916e-05
F22,guard-name correlation,fixture,False,1,0,8,1,2,2,2,840,1187,0.7076663858466723,12,636,3,2,16,4,1,0,1,0,18,18,26,2,1,1,1,2,1,0,1,1,7.393099999997155e-05,9.983000000002296e-05,0.00012700099999995995,0.00013107699999992395,6.482699999998953e-05,6.249400000002403e-05
F23,robust versus conditional target,fixture,False,1,1,10,1,2,4,2,1349,1525,0.8845901639344262,16,748,4,4,40,10,4,0,0,0,44,44,74,2,1,1,1,2,1,0,0,0,8.880300000002617e-05,0.00017512299999999925,0.00022236500000005766,0.0002331299999999148,0.0001033649999999664,9.862800000004501e-05
F24,bounded largest pilot probe,fixture,False,8,4,64,8,256,4096,256,3321733,121568,27.324073769413005,210,9141,25,32768,262144,425984,32768,0,0,0,294912,294912,2551808,16,8,8,8,0,0,0,0,2032,0.11489336500000003,0.4396070660000001,0.9283602939999998,1.1442399,0.2705858720000003,0.46947531699999967
G001,deterministic structured generated case,generated,True,4,0,22,1,17,16,16,7252,6073,1.1941379878149185,53,2930,31,16,352,80,16,0,0,0,368,368,576,2,1,1,1,8,4,0,0,1,0.00025131700000002866,0.0009190300000003759,0.0011721310000005758,0.0015209350000002786,0.0008348140000000726,0.0007350949999995748
G002,deterministic structured generated case,generated,True,4,0,22,2,4,16,16,6971,4026,1.7314952806756085,31,1421,8,32,352,90,15,0,17,0,384,384,644,4,2,3,1,6,2,1,1,1,0.00020505799999970264,0.0005379680000006104,0.0012092870000000033,0.0012747860000006384,0.00039344099999993887,0.0003897559999996858
G003,deterministic structured generated case,generated,True,3,0,17,1,3,8,4,2646,2312,1.1444636678200693,26,1136,7,8,136,28,2,0,2,4,140,144,244,2,1,1,1,2,1,0,1,1,0.00011959900000046986,0.0002432359999993139,0.0005116579999997484,0.0004945929999999876,0.00014793199999996176,0.00017467199999998684
G004,deterministic structured generated case,generated,True,4,0,37,2,20,16,12,10006,7248,1.3805187637969094,70,3876,35,32,592,128,15,5,4,8,616,624,1072,4,2,3,1,14,4,1,7,28,0.0003046879999999419,0.001599283000000007,0.0016743650000003996,0.0025859340000007336,0.001233081999999719,0.0014332729999999572
G005,deterministic structured generated case,generated,True,5,0,29,1,14,32,24,11958,6044,1.9784910655195236,53,2328,17,32,928,132,10,2,12,8,952,960,1652,2,1,1,1,8,4,0,8,8,0.00032382699999988773,0.001122706999999501,0.0023133650000000117,0.0026779330000001877,0.000705640000000507,0.0008392709999993642
G006,deterministic structured generated case,generated,True,6,0,41,2,10,64,32,28869,9470,3.048468848996832,85,3180,28,128,2624,608,36,12,16,64,2688,2752,5536,4,2,4,0,12,4,2,3,3,0.0006970070000003048,0.0027822600000000364,0.006992234000000153,0.007540638000000044,0.0016342050000002217,0.002380767000000006
G007,deterministic structured generated case,generated,True,1,1,16,1,3,4,2,1907,1994,0.9563691073219659,19,930,3,4,64,8,4,0,0,0,68,68,92,2,1,1,1,0,0,0,0,0,0.00010716100000074391,0.00017693600000079357,0.0002827649999996851,0.0002836859999995056,0.00012125199999957204,0.00011670600000002196
G008,deterministic structured generated case,generated,True,2,1,31,2,11,8,2,3998,4000,0.9995,48,2111,12,16,248,44,3,1,4,8,256,264,428,4,2,2,2,4,1,0,7,11,0.00019086599999962317,0.0003772770000001202,0.0007769070000005485,0.0009256200000002934,0.00031052699999989386,0.00034633000000017233
G009,deterministic structured generated case,generated,True,3,1,28,1,7,16,4,6107,3661,1.6681234635345534,41,1836,12,16,448,56,4,0,4,8,456,464,776,2,1,2,0,4,2,1,2,3,0.00020232399999997597,0.0005021950000001496,0.0012453810000003784,0.0012789120000000764,0.0003072810000004367,0.0003498049999999253
G010,deterministic structured generated case,generated,True,4,1,35,2,10,32,12,14458,6224,2.322943444730077,63,2641,20,64,1120,240,30,10,8,16,1168,1184,2000,4,2,2,2,8,3,0,3,3,0.0003660600000001679,0.0018689180000004413,0.002712725999999499,0.0037819920000004004,0.0013035890000008266,0.0016622770000003229
G011,deterministic structured generated case,generated,True,4,1,23,1,17,32,16,11956,6222,1.9215686274509804,54,2983,31,32,736,160,32,0,0,0,768,768,1216,2,1,1,1,8,4,0,0,1,0.0002965149999996086,0.0015823880000001012,0.0019614859999999013,0.0027991749999998206,0.00136970799999947,0.0012866529999993048
G012,deterministic structured generated case,generated,True,4,1,29,2,6,32,16,15487,5754,2.6915189433437607,43,1968,13,64,928,212,46,0,18,0,992,992,1672,4,2,3,1,6,2,1,0,0,0.000311819000000213,0.0013305790000002204,0.0024306220000003265,0.003097654000000283,0.00098622199999987,0.000993502000000035
G013,deterministic structured generated case,generated,True,1,2,25,1,4,8,2,3357,3098,1.0836023240800516,38,1445,7,8,200,24,6,2,0,0,208,208,320,2,1,1,1,2,1,0,0,0,0.0001644970000000967,0.00031837900000031283,0.0005867110000004061,0.0006620550000002723,0.00021762700000049762,0.00024700099999996894
G014,deterministic structured generated case,generated,True,2,2,35,2,14,16,2,7818,5288,1.4784417549167927,61,2905,24,32,560,108,8,0,8,16,576,592,940,4,2,2,2,4,1,0,5,13,0.00025068700000030475,0.0006543529999998299,0.0014901990000000254,0.0016189629999994182,0.0005812330000001253,0.0005767160000003102
G015,deterministic structured generated case,generated,True,3,2,25,1,7,32,4,9763,3205,3.0461778471138845,35,1600,9,32,800,112,8,0,8,16,816,832,1392,2,1,2,0,2,1,1,4,5,0.00023812700000025444,0.0007855210000000667,0.0020273159999995016,0.0021263650000005185,0.00039991100000058566,0.0006001820000003377
G016,deterministic structured generated case,generated,True,4,2,34,2,10,64,12,26392,6998,3.7713632466418976,68,3097,28,128,2176,512,60,20,16,32,2272,2304,3968,4,2,2,2,8,3,0,0,0,0.0005732009999999121,0.00307053299999982,0.005243087000000202,0.0067877670000005,0.0021048420000004953,0.0026585639999998634
G017,deterministic structured generated case,generated,True,5,2,23,1,5,128,24,35858,4446,8.065227170490328,31,1405,7,128,2944,352,32,0,64,32,3040,3072,5152,2,1,1,1,4,2,0,2,2,0.0005994009999996663,0.002574336999999538,0.0070354090000002145,0.007780739000000203,0.0011528420000006534,0.0015161980000000241
G018,deterministic structured generated case,generated,True,6,2,39,2,20,256,32,107848,11702,9.216202358571184,97,4807,54,512,9984,2560,168,24,64,256,10240,10496,20736,4,2,3,1,12,4,1,2,2,0.00190277899999991,0.013337628000000379,0.027140402999999758,0.03198865700000031,0.01000521100000018,0.01300563900000018
G019,deterministic structured generated case,generated,True,1,0,15,1,3,2,2,1332,1845,0.7219512195121951,19,901,3,2,30,4,2,0,0,0,32,32,42,2,1,1,1,2,1,0,0,0,9.422200000042125e-05,0.00012745100000000065,0.000180011000000313,0.0002125890000002073,9.455200000019204e-05,8.648999999927298e-05
G020,deterministic structured generated case,generated,True,2,0,26,2,6,4,2,2399,2811,0.8534329420135183,32,1495,6,8,104,18,1,0,3,4,108,112,166,2,1,1,1,2,1,0,4,4,0.00013431200000013632,0.00019145799999975566,0.00040544900000050177,0.00039231999999955747,0.0001674910000000196,0.0001723089999998706
G021,deterministic structured generated case,generated,True,4,0,22,1,17,16,16,7367,6142,1.1994464343861935,53,2949,31,16,352,80,16,0,0,0,368,368,576,2,1,1,1,8,4,0,0,1,0.0002665909999999272,0.0008804830000004316,0.0010618549999996674,0.0016526630000006648,0.0007999009999997142,0.000711388000000035
G022,deterministic structured generated case,generated,True,4,0,26,2,6,16,16,7840,4896,1.6013071895424837,42,1955,15,32,416,114,15,0,17,0,448,448,748,4,2,3,1,10,3,1,0,0,0.0002155740000002737,0.0006004119999998281,0.0012523619999997848,0.0013724420000000848,0.0004946630000004504,0.0004429660000004887
G023,deterministic structured generated case,generated,True,5,0,23,1,8,32,24,11199,5055,2.2154302670623145,38,1811,14,32,736,128,12,0,12,8,760,768,1296,2,1,2,0,6,3,1,3,4,0.0002511169999994678,0.0009210340000000983,0.001937661000000368,0.002170341000000242,0.0006138419999999201,0.0005890749999997169
G024,deterministic structured generated case,generated,True,6,0,42,2,20,64,32,32973,11408,2.8903401122019634,102,5002,56,128,2688,672,38,10,16,64,2752,2816,5472,4,2,3,1,15,4,1,3,5,0.0007315890000008096,0.0036481809999999726,0.007137952999999975,0.008471856999999972,0.002483180999999668,0.0032363120000002965
G025,deterministic structured generated case,generated,True,1,1,18,1,4,4,2,2006,2376,0.8442760942760943,25,1252,7,4,72,12,3,1,0,0,76,76,108,2,1,1,1,2,1,0,0,0,0.00010847300000005333,0.00022610999999983505,0.00029294999999951443,0.0003174370000005311,0.00014124299999984657,0.00014388600000003748
G026,deterministic structured generated case,generated,True,2,1,34,2,10,8,2,4641,4077,1.1383370125091978,46,2163,12,16,272,44,4,0,4,8,280,288,444,4,2,2,2,4,1,0,5,5,0.0001863700000006574,0.00045335099999999073,0.001308456000000291,0.001249826999999648,0.0004789790000003791,0.0006122200000007183
G027,deterministic structured generated case,generated,True,3,1,22,1,8,16,4,5234,3350,1.5623880597014925,37,1739,13,16,352,60,4,0,4,8,360,368,620,2,1,2,0,4,2,1,3,3,0.00017016600000019366,0.0005757649999997838,0.0013520910000002218,0.0011204140000007357,0.00031398099999968565,0.0003280119999997666
G028,deterministic structured generated case,generated,True,4,1,28,2,6,32,12,13405,4863,2.7565288916306807,42,2023,14,64,896,212,28,8,12,16,944,960,1556,4,2,2,2,6,2,0,1,1,0.00035277000000011327,0.0012035579999993828,0.002146864999999387,0.0027915329999999017,0.0008557350000000241,0.000994975000000231
G029,deterministic structured generated case,generated,True,5,1,20,1,3,64,24,18196,4400,4.135454545454546,30,1304,8,64,1280,208,24,0,24,16,1328,1344,2288,2,1,2,0,4,2,1,0,0,0.0003034660000000855,0.0012969790000001424,0.003290332999999812,0.0035268489999999986,0.0006742429999997412,0.00069786800000049
G030,deterministic structured generated case,generated,True,6,1,37,2,10,128,32,52306,9346,5.596618874384763,77,3447,34,256,4736,1152,72,24,32,128,4864,4992,9728,4,2,4,0,13,4,2,0,8,0.0010581400000004848,0.005572821999999533,0.012453479000000378,0.014465150999999565,0.0035308640000000224,0.004863406000000126
G031,deterministic structured generated case,generated,True,4,2,24,1,17,64,16,21458,6303,3.4044105981278756,55,3018,31,64,1536,320,64,0,0,0,1600,1600,2560,2,1,1,1,8,4,0,0,1,0.00045975100000017477,0.0030299120000005786,0.0037298929999991515,0.005504208999999705,0.002573696999999875,0.0024430600000000524
G032,deterministic structured generated case,generated,True,4,2,30,2,10,64,16,26267,6062,4.333058396568789,46,2205,15,128,1920,456,60,0,68,0,2048,2048,3504,4,2,3,1,6,2,1,4,6,0.0005575369999997193,0.002204973000000443,0.004960162000000601,0.005765391999999814,0.0016493879999996963,0.0018043410000005977
G033,deterministic structured generated case,generated,True,3,2,25,1,8,32,4,9973,3759,2.653099228518223,41,1923,15,32,800,128,8,0,8,16,816,832,1408,2,1,2,0,2,1,1,3,4,0.00024382600000016907,0.0008161969999997964,0.0021119829999998174,0.0021655929999999657,0.0005204509999998663,0.0005738220000006677
G034,deterministic structured generated case,generated,True,4,2,36,2,20,64,12,28875,9785,2.950945324476239,93,4705,51,128,2304,560,62,18,16,32,2400,2432,4208,4,2,3,1,8,2,1,0,7,0.0006678730000002631,0.004736955999999459,0.005584609000000462,0.008688552999999821,0.003472275999999219,0.004359530000000333
G035,deterministic structured generated case,generated,True,5,2,25,1,7,128,24,37311,5626,6.631887664415215,45,2189,19,128,3200,416,24,8,64,32,3296,3328,5600,2,1,1,1,6,3,0,0,0,0.0006686650000000682,0.0027517040000004656,0.007563202999999241,0.008255201999999962,0.0012015650000005706,0.001678892000000154
G036,deterministic structured generated case,generated,True,6,2,41,2,26,256,32,114355,14364,7.961222500696185,105,5418,60,512,10496,2752,152,40,64,256,10752,11008,21696,4,2,4,0,12,4,2,6,19,0.0021035300000002977,0.01674806099999948,0.02743489599999993,0.03658753499999978,0.011197441999999391,0.015798664000000073
G037,deterministic structured generated case,generated,True,1,0,13,1,3,2,2,1207,1642,0.7350791717417783,16,834,3,2,26,4,2,0,0,0,28,28,36,2,1,1,1,2,1,0,0,0,9.093600000031898e-05,0.00012824199999972308,0.0001658889999998081,0.0002026949999995864,9.135799999970828e-05,8.47970000004139e-05
G038,deterministic structured generated case,generated,True,2,0,31,2,8,4,2,2765,3254,0.8497234173325138,37,1704,6,8,124,18,1,0,3,4,128,132,202,2,1,1,1,2,1,0,6,11,0.00016488699999950285,0.00022747099999964604,0.0004955349999997694,0.0004700460000002238,0.0002208919999997505,0.0002547130000003506
G039,deterministic structured generated case,generated,True,3,0,25,1,4,8,4,3177,3277,0.9694842844064693,42,1481,9,8,200,28,2,0,2,4,204,208,356,2,1,2,0,4,2,1,1,1,0.00015599399999999264,0.00029070599999947433,0.0006689350000002037,0.0006629460000002751,0.00020332500000019849,0.0002131499999995512
G040,deterministic structured generated case,generated,True,4,0,29,2,7,16,12,7805,4879,1.5997130559540889,47,2187,16,32,464,112,13,7,4,8,488,496,800,4,2,3,1,8,2,1,2,2,0.0002347830000006823,0.0008976690000004339,0.0013238089999996205,0.0017218169999999589,0.0005964660000001842,0.0007332819999996687
G041,deterministic structured generated case,generated,True,4,0,22,1,17,16,16,7367,6142,1.1994464343861935,53,2949,31,16,352,80,16,0,0,0,368,368,576,2,1,1,1,8,4,0,0,1,0.0002140920000002211,0.0009147340000001947,0.0011315200000003856,0.0015524320000004366,0.0008059710000001274,0.0007440279999997301
G042,deterministic structured generated case,generated,True,4,0,23,2,6,16,16,7771,4800,1.6189583333333333,37,1776,13,32,368,106,23,0,9,0,400,400,676,4,2,3,1,8,2,1,0,0,0.00021520300000066328,0.0007499669999999625,0.0012440189999995965,0.0015059720000003551,0.0006000919999999965,0.0005725300000003486
G043,deterministic structured generated case,generated,True,1,1,20,1,4,4,2,2111,2509,0.8413710641689917,27,1308,7,4,80,12,3,1,0,0,84,84,120,2,1,1,1,2,1,0,0,1,0.00011861800000012579,0.00020321499999997883,0.00032536900000046387,0.00037566399999988676,0.00015220899999945914,0.00015184799999978793
G044,deterministic structured generated case,generated,True,2,1,22,2,4,8,2,3268,2833,1.1535474761736675,32,1528,10,16,176,42,4,0,4,8,184,192,282,4,2,2,2,4,1,0,0,0,0.00013230900000049672,0.00028292500000048904,0.00056294599999962,0.0006223050000002672,0.00022635000000015282,0.00021677599999936348
G045,deterministic structured generated case,generated,True,3,1,26,1,4,16,4,5264,3178,1.6563876651982379,40,1381,6,16,416,48,4,0,4,8,424,432,736,2,1,2,0,2,1,1,2,2,0.0001863200000000731,0.0004491450000001507,0.0011138139999999908,0.0012637179999996917,0.00022836299999973164,0.00030862300000045195
G046,deterministic structured generated case,generated,True,4,1,28,2,13,32,12,13704,6500,2.1083076923076924,62,3318,34,64,896,260,29,7,12,16,944,960,1668,4,2,3,1,12,3,1,1,8,0.0003908370000003103,0.0017787020000001874,0.0026608770000002835,0.0034507839999999845,0.0014300989999993519,0.0015682960000003021
G047,deterministic structured generated case,generated,True,5,1,26,1,8,64,24,20968,6403,3.2747149773543653,53,2406,23,64,1664,328,21,3,24,16,1712,1728,2984,2,1,1,1,6,3,0,0,0,0.00042876400000047,0.0018219369999998847,0.0041954529999994605,0.004969145000000452,0.0010004530000005118,0.001159821999999977
G048,deterministic structured generated case,generated,True,6,1,30,2,8,128,32,46538,8238,5.649186695799951,57,2516,23,256,3840,1056,96,0,32,128,3968,4096,8224,4,2,4,0,9,3,2,1,1,0.0008871930000005079,0.004728713999999634,0.011626246000000506,0.012575261000000282,0.0035066580000000513,0.003954239999999665
G049,deterministic structured generated case,generated,True,1,2,23,1,7,8,2,3579,3591,0.9966583124477861,40,1926,15,8,184,32,6,2,0,0,192,192,288,2,1,1,1,2,1,0,0,1,0.00015731600000012946,0.0004026250000004339,0.0006005829999997658,0.0007178479999998544,0.00028385699999944336,0.00031888900000076603
G050,deterministic structured generated case,generated,True,2,2,34,2,9,16,2,7447,4324,1.7222479185938946,49,2189,13,32,544,92,8,0,8,16,560,576,908,4,2,2,2,2,1,0,4,7,0.0002429040000002658,0.0005596299999997001,0.0015335839999996992,0.0015434389999997578,0.00046646100000025115,0.0004715680000000333
G051,deterministic structured generated case,generated,True,4,2,24,1,17,64,16,21458,6303,3.4044105981278756,55,3018,31,64,1536,320,64,0,0,0,1600,1600,2560,2,1,1,1,8,4,0,0,1,0.0004821839999999966,0.0031405580000001265,0.0037963230000004344,0.005767904999999907,0.0026697210000001803,0.002525544000000046
G052,deterministic structured generated case,generated,True,4,2,24,2,4,64,16,22410,4595,4.877040261153428,35,1599,10,128,1536,392,60,0,68,0,1664,1664,2800,4,2,3,1,6,2,1,0,0,0.00042951499999954734,0.0017862239999999474,0.004292959999999901,0.004774993000000727,0.0012843489999996294,0.0013401140000004474
G053,deterministic structured generated case,generated,True,5,2,27,1,14,128,24,39519,5401,7.316978337344936,39,2014,11,128,3456,384,24,8,64,32,3552,3584,5952,2,1,1,1,4,2,0,10,11,0.000764659000000556,0.0033302329999997937,0.008019828000000118,0.009366240999999498,0.0013711399999998264,0.0021208259999996315
G054,deterministic structured generated case,generated,True,6,2,32,2,6,256,32,92355,9155,10.08793009284544,59,2542,23,512,8192,2496,160,32,64,256,8448,8704,17344,4,2,2,2,4,1,0,0,0,0.0015112510000001578,0.0114532159999996,0.029117313000000422,0.027867864000000075,0.00652438100000019,0.008049742999999943
G055,deterministic structured generated case,generated,True,1,0,17,1,2,2,2,1290,1922,0.6711758584807492,22,947,3,2,34,4,1,1,0,0,36,36,48,2,1,1,1,2,1,0,0,0,0.00010710100000022038,0.000217606999999731,0.0004297859999997655,0.00021410200000016033,0.00040688099999997007,0.00014263400000036341
G056,deterministic structured generated case,generated,True,2,0,25,2,7,4,2,2299,2690,0.8546468401486988,30,1531,6,8,100,18,0,1,3,4,104,108,162,0,0,0,0,0,0,0,6,9,0.00014523799999999198,0.00020697099999988922,0.00042209399999926234,0.0004765649999995958,0.00019211800000018542,0.00019531399999994647
G057,deterministic structured generated case,generated,True,3,0,25,1,5,8,4,3240,3107,1.0428065658191181,37,1511,9,8,200,28,2,0,2,4,204,208,340,2,1,2,0,4,2,1,2,3,0.0001750529999995365,0.0003968869999999569,0.0009943239999996578,0.001000633000000306,0.00025535400000009645,0.00030033100000004254
G058,deterministic structured generated case,generated,True,4,0,34,2,8,16,12,8259,5481,1.5068418171866447,56,2373,17,32,544,116,14,4,6,8,568,576,964,4,2,2,2,8,2,0,2,4,0.0002618730000003566,0.0010401029999993483,0.00165026899999976,0.0021482370000001083,0.0007764269999999129,0.0007875229999996236
G059,deterministic structured generated case,generated,True,5,0,29,1,7,32,24,11450,5330,2.148217636022514,48,1918,12,32,928,112,4,4,16,8,952,960,1632,2,1,1,1,6,3,0,4,4,0.0002993300000007082,0.001115745999999973,0.002696830999999733,0.0024810579999998694,0.00044349599999993217,0.0006069020000003533
G060,deterministic structured generated case,generated,True,6,0,32,2,10,64,32,26297,9126,2.881547227701074,76,3550,40,128,2048,576,36,12,16,64,2112,2176,4352,4,2,4,0,12,4,2,0,4,0.0005759249999996996,0.002942261000000279,0.0064322130000000755,0.007123692000000403,0.0021627989999997155,0.006112442000000051
G061,deterministic structured generated case,generated,True,4,1,23,1,17,32,16,11956,6222,1.9215686274509804,54,2983,31,32,736,160,32,0,0,0,768,768,1216,2,1,1,1,8,4,0,0,1,0.0003725790000004281,0.0017974409999998997,0.002252093000000066,0.003182771999999723,0.0018694589999999067,0.0015294680000002003
G062,deterministic structured generated case,generated,True,4,1,27,2,10,32,16,13214,5074,2.604256996452503,42,2065,14,64,864,212,30,0,34,0,928,928,1576,4,2,3,1,10,3,1,4,4,0.0003281529999998867,0.001357299000000367,0.0026902520000007257,0.0032277590000004963,0.0010078749999999914,0.0009639779999996989
G063,deterministic structured generated case,generated,True,3,1,24,1,8,16,4,5362,3527,1.5202721859937625,40,1789,13,16,384,60,4,0,4,8,392,400,668,2,1,2,0,4,2,1,3,3,0.00026191400000019627,0.0006806020000000856,0.0014362569999999408,0.0014530620000003935,0.0003791499999996617,0.0005097660000004112
G064,deterministic structured generated case,generated,True,4,1,23,2,4,32,12,11915,4340,2.7453917050691246,38,1802,14,64,736,232,24,12,12,16,784,800,1352,4,2,2,2,4,1,0,0,0,0.00030700099999947383,0.0013389310000002652,0.002785816000000274,0.0032802579999993142,0.0007930310000006102,0.0008783799999996234
G065,deterministic structured generated case,generated,True,5,1,32,1,14,64,24,22858,7008,3.261700913242009,61,2697,22,64,2048,280,20,4,24,16,2096,2112,3640,2,1,2,0,6,3,1,6,7,0.0005939619999999479,0.0021903910000000693,0.004848112999999543,0.005751940999999761,0.0012457320000001104,0.0015902389999995492
G066,deterministic structured generated case,generated,True,6,1,45,2,10,128,32,60610,9923,6.108031845208102,82,3280,27,256,5760,1152,72,24,32,128,5888,6016,11520,4,2,4,0,10,3,2,3,7,0.0012995820000005764,0.0061442699999991746,0.015309800000000706,0.016975082000000086,0.003667599999999993,0.005155904999999628
G067,deterministic structured generated case,generated,True,1,2,19,1,3,8,2,3083,2229,1.383131449080305,22,1027,3,8,152,16,8,0,0,0,160,160,224,2,1,1,1,0,0,0,0,0,0.0001266900000000959,0.00027166799999989166,0.000490355999999359,0.0005135720000000177,0.00017364099999994664,0.0001852890000000329
G068,deterministic structured generated case,generated,True,2,2,25,2,8,16,2,5577,3001,1.85838053982006,32,1650,8,32,400,76,4,0,12,16,416,432,684,2,1,1,1,2,1,0,5,5,0.00019261899999989396,0.000452759999999941,0.0011309989999999104,0.0011750759999999971,0.00032705100000018916,0.0003751239999996159
G069,deterministic structured generated case,generated,True,3,2,25,1,7,32,4,10041,3026,3.318241903502974,33,1582,8,32,800,104,4,4,8,16,816,832,1416,2,1,2,0,2,1,1,5,5,0.00026333599999972535,0.0008322510000002836,0.0020378909999996253,0.0022937849999999926,0.0003665310000000588,0.000642344999999267
G070,deterministic structured generated case,generated,True,4,2,28,2,14,64,12,24982,6515,3.834535686876439,56,3007,28,128,1792,512,68,12,16,32,1888,1920,3328,4,2,4,0,8,2,2,3,7,0.0005220039999995763,0.004062924000000301,0.004990987000000224,0.007313567999999826,0.003283151999999845,0.00368811100000066
G071,deterministic structured generated case,generated,True,4,2,24,1,17,64,16,21458,6303,3.4044105981278756,55,3018,31,64,1536,320,64,0,0,0,1600,1600,2560,2,1,1,1,8,4,0,0,1,0.0004997810000002545,0.00314523599999994,0.003863905000000223,0.005742867000000373,0.002659314999999829,0.002522278999999905
G072,deterministic structured generated case,generated,True,4,2,25,2,6,64,16,24446,5463,4.4748306791140395,39,1850,13,128,1600,424,92,0,36,0,1728,1728,2960,4,2,3,1,6,2,1,0,0,0.0004658299999995563,0.0024400259999994844,0.004453590999999868,0.00554872600000067,0.0019068750000004187,0.0019267240000004904
G073,deterministic structured generated case,generated,True,1,0,15,1,3,2,2,1309,1799,0.7276264591439688,18,896,3,2,30,4,2,0,0,0,32,32,42,2,1,1,1,2,1,0,0,0,0.0001062799999997921,0.00012743200000020494,0.00017923900000038628,0.0001916880000001342,9.09670000002194e-05,8.602900000020952e-05
G074,deterministic structured generated case,generated,True,2,0,28,2,7,4,2,2551,3001,0.850049983338887,34,1586,6,8,112,18,1,0,3,4,116,120,182,2,1,1,1,2,1,0,5,5,0.00015415200000035156,0.00021168800000026522,0.00045654599999966905,0.0004380179999996514,0.00018166300000022062,0.00017197800000001706
G075,deterministic structured generated case,generated,True,3,0,27,1,7,8,4,3402,3506,0.9703365658870508,44,1626,9,8,216,28,2,0,2,4,220,224,380,2,1,2,0,4,2,1,4,4,0.00017284900000014147,0.00032352600000074005,0.0007320489999997903,0.0007174669999994165,0.00020395600000000513,0.00024347600000051983
G076,deterministic structured generated case,generated,True,4,0,26,2,7,16,12,7576,4833,1.5675563831988413,43,2142,17,32,416,104,16,4,4,8,440,448,744,4,2,2,2,8,3,0,0,5,0.000245968999999846,0.0007994719999997457,0.001255746000000002,0.0015728529999998742,0.0005883940000002141,0.0006379079999998538
G077,deterministic structured generated case,generated,True,5,0,19,1,3,32,24,9982,4352,2.293658088235294,30,1309,9,32,608,120,12,0,12,8,632,640,1096,2,1,2,0,4,2,1,0,0,0.00022196399999963035,0.0007476730000002263,0.0017437289999993055,0.001896197999999849,0.0003856300000002477,0.00041477300000014594
G078,deterministic structured generated case,generated,True,6,0,35,2,14,64,32,28148,9322,3.019523707358936,74,3547,36,128,2240,608,40,8,16,64,2304,2368,4640,4,2,4,0,13,4,2,3,10,0.0006684439999995462,0.0032706139999998385,0.006683371000000271,0.007581749999999943,0.00239274399999978,0.002819456000000109
G079,deterministic structured generated case,generated,True,1,1,26,1,4,4,2,2365,3169,0.7462922057431366,39,1470,7,4,104,12,3,1,0,0,108,108,164,2,1,1,1,2,1,0,0,1,0.00014368599999947662,0.00023086699999996796,0.0004357440000006818,0.00042649999999966326,0.00017089700000028074,0.00017439199999991217
G080,deterministic structured generated case,generated,True,2,1,30,2,10,8,2,4221,3635,1.1612104539202202,40,1953,10,16,240,42,4,0,4,8,248,256,402,4,2,2,2,4,1,0,6,9,0.00018662100000010895,0.0003886539999999883,0.0008132619999994262,0.0008207630000001132,0.00033978999999995096,0.00032090200000034486
G081,deterministic structured generated case,generated,True,4,1,23,1,17,32,16,11956,6222,1.9215686274509804,54,2983,31,32,736,160,32,0,0,0,768,768,1216,2,1,1,1,8,4,0,0,1,0.00029439300000078106,0.0017088269999998573,0.0020583429999998515,0.0029191250000000224,0.001433654000000395,0.0013265630000001138
G082,deterministic structured generated case,generated,True,4,1,31,2,10,32,16,15286,6243,2.4485023226013136,54,2605,22,64,992,228,30,0,34,0,1056,1056,1784,4,2,3,1,10,3,1,0,0,0.0003459299999999388,0.0012768579999997698,0.0026286889999997953,0.0031295309999999077,0.0010108479999999531,0.001028235000000599
G083,deterministic structured generated case,generated,True,5,1,24,1,8,64,24,19627,5083,3.8613023804839663,40,1929,15,64,1536,288,16,8,24,16,1584,1600,2752,2,1,2,0,6,3,1,4,4,0.00040984600000015803,0.0017851620000000068,0.003982043000000601,0.0045310869999992676,0.0009282550000007106,0.0011772289999996133
G084,deterministic structured generated case,generated,True,6,1,30,2,6,128,32,47587,8737,5.446606386631567,57,2499,23,256,3840,1120,64,32,32,128,3968,4096,8160,4,2,3,1,4,2,1,0,0,0.0008848299999995035,0.004838117999999447,0.011546115999999884,0.012689383000000554,0.0032191060000004157,0.004116984999999573
G085,deterministic structured generated case,generated,True,1,2,25,1,7,8,2,3970,3696,1.074134199134199,40,2002,15,8,200,32,6,2,0,0,208,208,320,2,1,1,1,2,1,0,0,1,0.00015895899999929242,0.0004013629999999324,0.0006378680000000969,0.0007520689999997998,0.0002918980000004012,0.0003230150000002041
G086,deterministic structured generated case,generated,True,2,2,29,2,10,16,2,6335,4195,1.5101311084624554,49,2361,18,32,464,100,5,3,8,16,480,496,788,4,2,2,2,2,1,0,5,9,0.00022320500000017063,0.0006832659999993496,0.00136421999999925,0.0015106090000003292,0.0005031859999995447,0.0005992900000002521
G087,deterministic structured generated case,generated,True,3,2,23,1,8,32,4,9298,3377,2.753331359194551,37,1766,13,32,736,120,8,0,8,16,752,768,1304,2,1,2,0,4,2,1,3,4,0.00023756600000002237,0.0008049789999997614,0.002012373000000345,0.0021101899999997897,0.00043643599999931837,0.0005800510000000259
G088,deterministic structured generated case,generated,True,4,2,33,2,17,64,12,27635,6631,4.167546373096064,61,3240,28,128,2112,496,60,20,16,32,2208,2240,3760,4,2,4,0,10,3,2,6,6,0.0005845080000002056,0.0038739000000003188,0.005116586999999839,0.007703412000000576,0.0024920840000000055,0.003508610999999995
G089,deterministic structured generated case,generated,True,5,2,21,1,3,128,24,34144,4520,7.553982300884956,30,1290,7,128,2688,352,32,0,64,32,2784,2816,4768,2,1,1,1,2,1,0,0,0,0.0005827850000006407,0.0024230599999999214,0.0071315140000001165,0.007529521000000372,0.0010270430000005604,0.0013078339999994526
G090,deterministic structured generated case,generated,True,6,2,39,2,10,256,32,99787,10099,9.880879294979701,87,3663,38,512,9984,2560,144,48,64,256,10240,10496,20992,4,2,4,0,12,4,2,0,1,0.001963550000000147,0.011312433999999705,0.027885262000000743,0.030918409999999952,0.007283300999999298,0.009795444999999958
G091,deterministic structured generated case,generated,True,4,0,22,1,17,16,16,7367,6142,1.1994464343861935,53,2949,31,16,352,80,16,0,0,0,368,368,576,2,1,1,1,8,4,0,0,1,0.00021881899999964816,0.000908094000000581,0.0011440489999996473,0.001543017999999563,0.0008214549999996379,0.000736976999999861
G092,deterministic structured generated case,generated,True,4,0,21,2,3,16,16,6935,3949,1.7561407951380097,30,1369,8,32,336,90,15,0,17,0,368,368,612,4,2,3,1,6,2,1,0,0,0.0001834960000000052,0.0005384989999992484,0.0011165879999994743,0.0012504089999998413,0.00036083199999925597,0.00042089200000017257
G093,deterministic structured generated case,generated,True,3,0,23,1,8,8,4,3343,2996,1.1158210947930574,33,1552,9,8,184,28,2,0,2,4,188,192,324,2,1,2,0,4,2,1,5,5,0.00015242899999989845,0.00029085699999953363,0.0006318590000002899,0.0006397109999998207,0.00020079200000022723,0.00021363100000026947
G094,deterministic structured generated case,generated,True,4,0,22,2,6,16,12,6818,4198,1.6241067174845165,35,1741,13,32,352,106,18,0,6,8,376,384,634,4,2,3,1,6,2,1,1,1,0.0002129900000005236,0.000599510999999886,0.0011121709999999396,0.0012843199999998944,0.0004895660000006075,0.00047401200000063426
G095,deterministic structured generated case,generated,True,5,0,25,1,4,32,24,11843,5083,2.329923273657289,41,1796,14,32,800,128,10,2,12,8,824,832,1424,2,1,2,0,6,3,1,0,0,0.0002615730000004035,0.0008182899999997773,0.0020497989999999078,0.00224703599999998,0.00044884500000019756,0.0004964759999994683
G096,deterministic structured generated case,generated,True,6,0,34,2,7,64,32,27955,8599,3.2509594138853357,69,3051,31,128,2176,640,36,12,16,64,2240,2304,4608,4,2,2,2,10,3,0,0,6,0.0006047190000000313,0.002617051999999731,0.006404290999999951,0.0068453640000001315,0.001725922000000324,0.0022250320000001267
G097,deterministic structured generated case,generated,True,1,1,20,1,3,4,2,2002,2276,0.8796133567662566,26,1042,3,4,80,8,4,0,0,0,84,84,116,2,1,1,1,2,1,0,0,0,0.00011723600000035361,0.0001900460000001658,0.00031730600000035025,0.0003356150000000113,0.00012527800000050604,0.00012657999999987624
G098,deterministic structured generated case,generated,True,2,1,25,2,8,8,2,3648,3337,1.0931974827689541,37,1878,12,16,200,44,3,1,4,8,208,216,332,4,2,2,2,4,1,0,4,4,0.00015653499999945808,0.0003465610000006336,0.0006445689999994286,0.0007186189999996984,0.00027754600000040597,0.0003066800000004477
G099,deterministic structured generated case,generated,True,3,1,24,1,4,16,4,5278,2977,1.7729257641921397,34,1476,9,16,384,56,4,0,4,8,392,400,664,2,1,2,0,4,2,1,1,2,0.00017512299999999925,0.0004564460000002768,0.0010892870000001054,0.0011271429999997196,0.0002452189999999632,0.0003180880000002162
G100,deterministic structured generated case,generated,True,4,1,31,2,15,32,12,15619,6801,2.2965740332304074,61,3240,30,64,992,240,36,4,8,16,1040,1056,1744,4,2,3,1,8,3,1,3,4,0.00038099200000019096,0.0023366409999994175,0.0024931150000000457,0.004038607000000027,0.0020269850000005363,0.0021049429999999703
G101,deterministic structured generated case,generated,True,4,1,23,1,17,32,16,12135,6291,1.9289461134954697,54,3002,31,32,736,160,32,0,0,0,768,768,1216,2,1,1,1,8,4,0,0,1,0.00029103700000021604,0.001651992000000213,0.0020786330000008846,0.0029672879999997903,0.0015088170000003842,0.0013691969999998221
G102,deterministic structured generated case,generated,True,4,1,32,2,18,32,16,16565,7777,2.12999871415713,70,3665,37,64,1024,276,46,0,18,0,1088,1088,1896,4,2,3,1,12,4,1,0,2,0.00038974600000063475,0.002326243999999811,0.0028396860000006185,0.004188141000000201,0.0021610760000001505,0.0020300500000001165
G103,deterministic structured generated case,generated,True,1,2,15,1,3,8,2,2644,1862,1.4199785177228785,19,913,3,8,120,16,8,0,0,0,128,128,176,2,1,1,1,2,1,0,0,0,0.00010681000000012375,0.00024813200000028957,0.00036415699999992057,0.0004625149999997191,0.00014509799999995465,0.0001550229999995878
G104,deterministic structured generated case,generated,True,2,2,29,2,9,16,2,6345,3305,1.91981845688351,36,1794,8,32,464,76,4,0,12,16,480,496,780,2,1,1,1,2,1,0,6,7,0.00020794200000029406,0.0005166260000004641,0.0011382299999995737,0.0013985309999995366,0.0004089039999994881,0.0004203120000001448
G105,deterministic structured generated case,generated,True,3,2,29,1,7,32,4,11104,4516,2.4588131089459697,53,2479,23,32,928,136,6,2,8,16,944,960,1640,2,1,2,0,4,2,1,0,1,0.0002954839999995684,0.0008980489999999008,0.0024325450000004523,0.0024844929999998655,0.0005089540000007275,0.000642243999999792
G106,deterministic structured generated case,generated,True,4,2,31,2,26,64,12,26981,9110,2.961690450054885,89,5153,59,128,1984,576,68,12,16,32,2080,2112,3712,4,2,2,2,16,4,0,2,29,0.0006349740000004545,0.0052733030000000625,0.005223337000000328,0.008815833999999967,0.004161962999999602,0.004882865999999986
G107,deterministic structured generated case,generated,True,5,2,19,1,2,128,24,31615,3902,8.102255253716043,25,1099,5,128,2432,320,32,0,64,32,2528,2560,4352,2,1,1,1,2,1,0,0,0,0.00047993100000010003,0.0021907920000003855,0.006315037000000245,0.006672984999999798,0.0008078540000004963,0.001156016999999565
G108,deterministic structured generated case,generated,True,6,2,40,2,11,256,32,107685,10611,10.148430873621713,77,3368,31,512,10240,2624,160,32,64,256,10496,10752,21056,4,2,2,2,6,2,0,2,6,0.002010239999999719,0.011019174000000298,0.026853302000000134,0.029992297999999806,0.006652544000000482,0.009350577000000193
G109,deterministic structured generated case,generated,True,1,0,17,1,3,2,2,1420,1995,0.7117794486215538,21,961,3,2,34,4,2,0,0,0,36,36,48,2,1,1,1,2,1,0,0,0,9.849799999983588e-05,0.00013157799999952147,0.0001948519999999121,0.00021754700000009564,9.824800000046707e-05,9.040599999998733e-05
G110,deterministic structured generated case,generated,True,2,0,27,2,7,4,2,2397,3067,0.7815454841865015,37,1546,6,8,108,18,1,0,3,4,112,116,178,2,1,1,1,2,1,0,5,10,0.00014821200000003643,0.00023153699999944877,0.0006119390000005609,0.0005393400000004434,0.0002584289999996159,0.00016971500000018125
G111,deterministic structured generated case,generated,True,4,0,22,1,17,16,16,7482,6211,1.2046369344710997,53,2968,31,16,352,80,16,0,0,0,368,368,576,2,1,1,1,8,4,0,0,1,0.0002091339999994446,0.0009468529999994146,0.0010576190000000096,0.001483869000000304,0.0007780389999991755,0.0007103370000001163
G112,deterministic structured generated case,generated,True,4,0,31,2,10,16,16,8269,5564,1.4861610352264558,52,2163,14,32,496,106,15,0,17,0,528,528,900,4,2,3,1,10,3,1,4,4,0.0002514879999999664,0.00078637100000023,0.0013934439999996329,0.0017067839999995726,0.0006281740000000369,0.0006290450000001613
G113,deterministic structured generated case,generated,True,5,0,29,1,8,32,24,13246,6297,2.103541368905828,56,2623,26,32,928,152,11,1,12,8,952,960,1640,2,1,2,0,8,4,1,0,1,0.0003139110000001111,0.0009091659999995727,0.0022813370000003275,0.0024608270000001653,0.0005825449999994348,0.0006088750000001752
G114,deterministic structured generated case,generated,True,6,0,41,2,14,64,32,31324,9995,3.133966983491746,87,3943,40,128,2624,640,36,12,16,64,2688,2752,5312,4,2,2,2,12,3,0,4,11,0.0007352339999995294,0.003338095000000152,0.007374387999999676,0.008471125999999884,0.002262318999999735,0.00301925599999997
G115,deterministic structured generated case,generated,True,1,1,20,1,4,4,2,2235,2591,0.8626013122346584,28,1327,7,4,80,12,3,1,0,0,84,84,124,2,1,1,1,2,1,0,0,0,0.00012309500000018403,0.00021189799999987713,0.0003626549999999895,0.0003620340000001221,0.00015314000000010708,0.00015505299999940547
G116,deterministic structured generated case,generated,True,2,1,24,2,7,8,2,3597,3255,1.1050691244239632,36,1830,12,16,192,44,3,1,4,8,200,208,324,4,2,2,2,4,1,0,3,3,0.00016090200000018484,0.000335374000000499,0.0006403119999998097,0.000720411999999726,0.0002694039999999731,0.0002873220000001453
G117,deterministic structured generated case,generated,True,3,1,22,1,5,16,4,5088,2819,1.8048953529620433,31,1407,8,16,352,52,4,0,4,8,360,368,612,2,1,2,0,4,2,1,2,2,0.00017117699999946723,0.00046598000000042106,0.0010930929999997119,0.0011247689999995814,0.00024999499999989183,0.0003076430000001906
G118,deterministic structured generated case,generated,True,4,1,35,2,8,32,12,15220,5581,2.727109836946784,54,2479,18,64,1120,240,32,4,12,16,1168,1184,1968,4,2,4,0,8,2,2,2,4,0.00037173800000012136,0.0014706300000000283,0.002706746000000315,0.003483162000000206,0.0011447389999998947,0.0013125309999999502
G119,deterministic structured generated case,generated,True,5,1,32,1,14,64,24,22833,7591,3.007904096956923,71,3258,32,64,2048,312,18,6,24,16,2096,2112,3672,2,1,1,1,8,4,0,4,5,0.0005835169999999223,0.00208655499999999,0.004798448999999927,0.005586802999999918,0.001166261999999918,0.0014794120000001243
G120,deterministic structured generated case,generated,True,6,1,35,2,17,128,32,49818,10549,4.7225329415110435,91,4432,50,256,4480,1184,72,24,32,128,4608,4736,9376,4,2,4,0,14,4,2,0,3,0.0010910390000002934,0.006879945999999748,0.013109174000000223,0.015665094000000046,0.004623857000000342,0.006170390000000303
G121,deterministic structured generated case,generated,True,4,2,24,1,17,64,16,21765,6372,3.4157250470809792,55,3037,31,64,1536,320,64,0,0,0,1600,1600,2560,2,1,1,1,8,4,0,0,1,0.00048360699999960843,0.003083763000000239,0.003770996000000082,0.00556993799999983,0.0025792049999999733,0.0024615279999995465
G122,deterministic structured generated case,generated,True,4,2,31,2,10,64,16,25577,6569,3.893591109757954,63,2891,29,128,1984,552,60,0,68,0,2112,2112,3664,4,2,3,1,10,3,1,0,0,0.0005679829999998276,0.0022252930000004056,0.005150587000000151,0.005912761999999461,0.0017667240000003304,0.0017957979999998486
G123,deterministic structured generated case,generated,True,3,2,21,1,4,32,4,8539,2851,2.995089442300947,32,1391,9,32,672,112,8,0,8,16,688,704,1200,2,1,2,0,2,1,1,1,1,0.00020392600000018746,0.0007292050000007322,0.0018670949999997077,0.0019203949999999637,0.0003893149999996126,0.000457477000000317
G124,deterministic structured generated case,generated,True,4,2,37,2,14,64,12,30505,7007,4.353503639217925,65,3313,28,128,2368,512,56,24,16,32,2464,2496,4224,4,2,4,0,8,2,2,4,8,0.0006089039999999102,0.0039042350000002557,0.005252441000000552,0.008011245999999694,0.002544762999999506,0.0035473089999999985
G125,deterministic structured generated case,generated,True,5,2,27,1,7,128,24,39124,4795,8.159332638164756,35,1578,7,128,3456,352,32,0,64,32,3552,3584,5920,2,1,1,1,4,2,0,4,5,0.000717958000000074,0.002641597999999412,0.011100347000000177,0.00854899300000067,0.0010503279999998227,0.0015358079999998608
G126,deterministic structured generated case,generated,True,6,2,39,2,13,256,32,108530,9839,11.030592539892265,77,3603,34,512,9984,2432,144,48,64,256,10240,10496,20608,4,2,3,1,10,3,1,3,9,0.001878851999999931,0.011621288999999813,0.0274041089999999,0.0331002370000002,0.007531394999999996,0.010613224000000088
G127,deterministic structured generated case,generated,True,1,0,13,1,3,2,2,1250,1706,0.7327080890973037,17,845,3,2,26,4,2,0,0,0,28,28,36,2,1,1,1,2,1,0,0,0,8.792200000051764e-05,0.00014104199999920297,0.0001696550000005459,0.00017849800000035998,8.769099999916818e-05,8.230400000019955e-05
G128,deterministic structured generated case,generated,True,2,0,31,2,8,4,2,2578,3402,0.7577895355673133,43,1714,6,8,124,18,0,1,3,4,128,132,206,0,0,0,0,0,0,0,7,12,0.0001660900000004517,0.0002470309999997866,0.0004890450000001323,0.00048406699999947733,0.00019355100000062464,0.00024449799999981536
G129,deterministic structured generated case,generated,True,3,0,25,1,4,8,4,3318,2975,1.1152941176470588,35,1525,9,8,200,28,1,1,2,4,204,208,348,2,1,2,0,4,2,1,2,2,0.00014866300000004884,0.000290225999999727,0.0006851100000000443,0.0006680240000003224,0.00018459700000050816,0.00021439200000017422
G130,deterministic structured generated case,generated,True,4,0,28,2,6,16,12,8069,4921,1.6397073765494818,45,2169,17,32,448,112,16,2,6,8,472,480,784,4,2,4,0,8,2,2,0,0,0.00022696100000008101,0.0007541729999998026,0.0012318000000002272,0.0015269039999994405,0.0005871319999997127,0.0005879730000000194
G131,deterministic structured generated case,generated,True,4,0,22,1,17,16,16,7482,6211,1.2046369344710997,53,2968,31,16,352,80,16,0,0,0,368,368,576,2,1,1,1,8,4,0,0,1,0.00021650500000003348,0.000915656000000098,0.0011400330000004288,0.001557309999999923,0.0008255500000000637,0.0007460710000000148
G132,deterministic structured generated case,generated,True,4,0,22,2,4,16,16,7753,4422,1.7532790592492085,32,1495,9,32,352,90,23,0,9,0,384,384,628,4,2,3,1,6,2,1,0,0,0.0001951330000000695,0.00063572500000042,0.0011193110000000672,0.0013561580000001072,0.0004450489999996421,0.0004604920000002011
G133,deterministic structured generated case,generated,True,1,1,20,1,4,4,2,2139,2527,0.8464582508903838,27,1315,7,4,80,12,3,1,0,0,84,84,120,2,1,1,1,2,1,0,0,1,0.00011477299999995694,0.00020069100000075224,0.00034404700000045807,0.0003477729999996626,0.000150225999999698,0.00015231799999959605
G134,deterministic structured generated case,generated,True,2,1,21,2,4,8,2,3091,2726,1.1338958180484227,31,1534,10,16,168,42,3,1,4,8,176,184,274,4,2,2,2,4,1,0,1,1,0.00014594899999931243,0.0002665210000003526,0.0005438070000005624,0.0006102269999992416,0.0002226240000000601,0.00021926999999966057
G135,deterministic structured generated case,generated,True,3,1,28,1,4,16,4,5491,3478,1.5787809085681426,44,1577,9,16,448,56,4,0,4,8,456,464,792,2,1,2,0,4,2,1,1,1,0.00019706600000013452,0.0004696759999998079,0.0012264019999994602,0.0012586509999996665,0.00025653600000019594,0.00032822299999946125
G136,deterministic structured generated case,generated,True,4,1,33,2,9,32,12,14985,4987,3.0048125125325846,49,2390,16,64,1056,224,12,24,12,16,1104,1120,1856,2,1,1,1,6,3,0,5,10,0.00033875899999991077,0.0017736350000001622,0.002594757999999864,0.003591404999999881,0.0009357860000003271,0.0015640700000005836
G137,deterministic structured generated case,generated,True,5,1,22,1,5,64,24,19432,5043,3.853261947253619,39,1760,15,64,1408,304,24,0,24,16,1456,1472,2576,2,1,1,1,6,3,0,0,0,0.00034715099999971244,0.0014916610000001995,0.003630813999999205,0.003953529999999539,0.0007888850000004055,0.0008549550000003237
G138,deterministic structured generated case,generated,True,6,1,39,2,16,128,32,51782,9268,5.587181700474752,78,3333,29,256,4992,1088,64,32,32,128,5120,5248,10176,2,1,2,0,6,3,1,7,7,0.0011135229999998941,0.006987807000000679,0.013501552999999333,0.016824415000000315,0.004142643999999862,0.0062235400000005825
G139,deterministic structured generated case,generated,True,1,2,25,1,7,8,2,3882,3660,1.060655737704918,40,1991,15,8,200,32,6,2,0,0,208,208,320,2,1,1,1,2,1,0,0,1,0.00016070199999962398,0.0003830150000005972,0.0006325400000006809,0.0007320600000007005,0.00029586500000000626,0.00030533900000051517
G140,deterministic structured generated case,generated,True,2,2,28,2,7,16,2,5913,3239,1.8255634455078729,39,1725,8,32,448,76,2,2,12,16,464,480,716,2,1,1,1,2,1,0,5,5,0.00020267499999970795,0.0004965160000001134,0.0012033379999998317,0.001368666000000296,0.00033848800000058077,0.0004323599999995764
G141,deterministic structured generated case,generated,True,4,2,24,1,17,64,16,21765,6372,3.4157250470809792,55,3037,31,64,1536,320,64,0,0,0,1600,1600,2560,2,1,1,1,8,4,0,0,1,0.00048483900000029223,0.0031816399999993195,0.0038546309999993866,0.005755487000000059,0.0026886490000004315,0.0025145270000006548
G142,deterministic structured generated case,generated,True,4,2,25,2,6,64,16,22974,4511,5.092884061183773,36,1691,10,128,1600,392,60,0,68,0,1728,1728,2928,4,2,3,1,8,2,1,2,2,0.0004742029999995623,0.0022479970000004457,0.0043632950000001,0.0054051899999993935,0.001732803000000338,0.0019114819999996868
G143,deterministic structured generated case,generated,True,5,2,29,1,14,128,24,43037,7799,5.518271573278626,65,3383,35,128,3712,448,26,6,64,32,3808,3840,6528,2,1,1,1,6,3,0,0,0,0.0008438379999997636,0.00347986800000033,0.008904756999999819,0.010178952000000407,0.0017293479999995753,0.0023671470000001804
G144,deterministic structured generated case,generated,True,6,2,29,2,5,256,32,88419,8485,10.420624631703005,56,2424,23,512,7424,2176,160,32,64,256,7680,7936,16000,4,2,3,1,5,2,1,0,0,0.0014000429999994068,0.008183283999999347,0.023494225999999507,0.023836119000000267,0.005587234000000052,0.006714236999999734
G145,deterministic structured generated case,generated,True,1,0,13,1,2,2,2,1147,1614,0.7106567534076828,17,842,3,2,26,4,1,1,0,0,28,28,36,2,1,1,1,2,1,0,0,0,8.53979999995147e-05,0.00012135299999993521,0.00019445199999967855,0.00017413199999971596,7.984999999965936e-05,8.268399999966647e-05
G146,deterministic structured generated case,generated,True,2,0,36,2,7,4,2,2859,3705,0.7716599190283401,47,1839,6,8,144,18,0,1,3,4,148,152,242,0,0,0,0,0,0,0,6,12,0.00017810699999998292,0.00023687599999977493,0.0005476330000000473,0.0005192799999997888,0.0002326299999992898,0.00022542900000033228
G147,deterministic structured generated case,generated,True,3,0,23,1,5,8,4,3066,3185,0.9626373626373627,40,1461,9,8,184,28,2,0,2,4,188,192,332,2,1,2,0,4,2,1,2,2,0.0001438959999999767,0.0002812929999995717,0.0006219740000004137,0.0006104569999996201,0.00018255400000022348,0.00022259399999935425
G148,deterministic structured generated case,generated,True,4,0,30,2,9,16,12,8533,5367,1.5899012483696664,49,2467,19,32,480,108,16,4,4,8,504,512,844,4,2,3,1,8,2,1,2,5,0.00023604400000021286,0.0009563870000004471,0.0012966280000004105,0.0017295089999995739,0.0007081539999997943,0.0007603419999995253
G149,deterministic structured generated case,generated,True,5,0,23,1,4,32,24,10631,4309,2.467161754467394,30,1309,6,32,736,96,8,0,16,8,760,768,1264,2,1,1,1,2,1,0,2,2,0.00023929999999960927,0.00074320700000019,0.0017800640000000811,0.0019768400000002018,0.00033648599999924755,0.00040514900000054865
G150,deterministic structured generated case,generated,True,6,0,34,2,10,64,32,26942,9375,2.8738133333333336,80,3612,40,128,2176,640,36,12,16,64,2240,2304,4544,4,2,3,1,13,4,1,0,1,0.0005873530000002347,0.0027720950000000855,0.006340384999999671,0.006898974999999474,0.0020737949999993788,0.0024895800000006574
G151,deterministic structured generated case,generated,True,4,1,23,1,17,32,16,12135,6291,1.9289461134954697,54,3002,31,32,736,160,32,0,0,0,768,768,1216,2,1,1,1,8,4,0,0,1,0.00028323599999957594,0.0016102389999996802,0.0019830089999999245,0.0029643740000002694,0.0013930730000000224,0.0013012649999994963
G152,deterministic structured generated case,generated,True,4,1,26,2,6,32,16,13201,5129,2.5737960616104503,41,1918,14,64,832,212,30,0,34,0,896,896,1512,4,2,3,1,8,2,1,0,0,0.0002843470000000181,0.0010225159999999178,0.002353086000000282,0.002615158999999423,0.0007770970000002819,0.0007852299999999701
G153,deterministic structured generated case,generated,True,3,1,18,1,3,16,4,4396,2526,1.7403008709422012,27,1227,8,16,288,52,4,0,4,8,296,304,516,2,1,2,0,2,1,1,0,0,0.00013888799999950407,0.0004141820000000962,0.000890027000000515,0.0009236679999995445,0.00021999000000061386,0.00026059200000005944
G154,deterministic structured generated case,generated,True,4,1,24,2,7,32,12,12025,5132,2.343141075604053,48,2450,24,64,768,264,30,6,12,16,816,832,1448,4,2,4,0,8,2,2,0,0,0.0003114370000005806,0.0012302680000004784,0.0021171010000005097,0.002615838999999731,0.0009872330000000318,0.0010247689999998144
G155,deterministic structured generated case,generated,True,5,1,24,1,4,64,24,20205,5188,3.8945643793369316,38,1721,13,64,1536,264,20,4,24,16,1584,1600,2728,2,1,2,0,4,2,1,0,0,0.00035874900000010257,0.0014502090000005907,0.0037122869999999253,0.0040237249999997005,0.0007511290000001836,0.0008658910000001185
G156,deterministic structured generated case,generated,True,6,1,32,2,10,128,32,48197,9116,5.287077665642826,67,3166,32,256,4096,1152,64,32,32,128,4224,4352,8704,4,2,4,0,9,3,2,2,2,0.000951189000000241,0.005266140999999891,0.011544762999999847,0.013487032999999649,0.003285486000000226,0.00456149299999975
G157,deterministic structured generated case,generated,True,1,2,23,1,8,8,2,3574,3866,0.9244697361614072,45,1921,15,8,184,32,7,1,0,0,192,192,304,2,1,1,1,2,1,0,0,0,0.0001527299999999343,0.00037127800000025246,0.0006131710000003565,0.000705470000000652,0.00029136800000006957,0.00029410199999979625
G158,deterministic structured generated case,generated,True,2,2,27,2,11,16,2,6027,3672,1.6413398692810457,42,2102,14,32,432,96,6,2,8,16,448,464,736,4,2,2,2,4,1,0,7,8,0.00020576899999991127,0.0005897660000000471,0.001206443000000057,0.0013563479999998407,0.0004762450000006524,0.0005035570000000433
G159,deterministic structured generated case,generated,True,3,2,23,1,4,32,4,8937,3125,2.85984,35,1637,12,32,736,112,6,2,8,16,752,768,1296,2,1,2,0,4,2,1,0,0,0.0002149530000004063,0.0007658010000000104,0.001882128000000094,0.0021860650000000703,0.0003841969999998085,0.0005282439999998445
G160,deterministic structured generated case,generated,True,4,2,36,2,10,64,12,30068,6740,4.4611275964391695,62,3011,25,128,2304,448,56,24,16,32,2400,2432,4032,4,2,2,2,6,2,0,1,1,0.0005851789999997692,0.003393809000000303,0.005039561000000248,0.007417764000000382,0.0022678570000005394,0.0030355799999997046
G161,deterministic structured generated case,generated,True,4,2,24,1,17,64,16,21765,6372,3.4157250470809792,55,3037,31,64,1536,320,64,0,0,0,1600,1600,2560,2,1,1,1,8,4,0,0,1,0.0004792299999998306,0.0029882500000004697,0.0037124280000000454,0.005463887999999528,0.0025753489999997825,0.002419614999999986
G162,deterministic structured generated case,generated,True,4,2,27,2,10,64,16,25715,6334,4.059835806757183,49,2437,21,128,1728,488,92,0,36,0,1856,1856,3216,4,2,3,1,8,2,1,0,0,0.0005204020000002529,0.002976902999999531,0.004746439999999907,0.006268237000000454,0.0024712119999996673,0.002505364000000121
G163,deterministic structured generated case,generated,True,1,0,19,1,3,2,2,1439,2134,0.6743205248359887,24,1000,3,2,38,4,2,0,0,0,40,40,54,2,1,1,1,2,1,0,0,0,0.00010457700000010561,0.00013765700000067937,0.00021195800000040066,0.0002343219999998425,0.00010096100000023256,9.681600000011059e-05
G164,deterministic structured generated case,generated,True,2,0,28,2,7,4,2,2466,3064,0.8048302872062664,36,1579,6,8,112,18,1,0,3,4,116,120,186,2,1,1,1,2,1,0,5,11,0.0001530300000007756,0.00020961500000016287,0.00044541900000005796,0.0004286740000001288,0.0001791400000001886,0.00022723100000021645
G165,deterministic structured generated case,generated,True,3,0,25,1,4,8,4,3473,3049,1.1390619875368972,35,1505,9,8,200,28,2,0,2,4,204,208,348,2,1,2,0,4,2,1,1,2,0.00014525799999987044,0.0002765860000000231,0.0006408530000001633,0.000620791999999426,0.00017970000000033792,0.00020987600000044182
G166,deterministic structured generated case,generated,True,4,0,30,2,10,16,12,7877,5517,1.427768714881276,56,2503,20,32,480,120,14,4,6,8,504,512,872,4,2,3,1,10,3,1,4,4,0.0002420240000002849,0.0008397719999999609,0.00134044399999933,0.0016754770000000363,0.000591738999999869,0.0007068620000003634
G167,deterministic structured generated case,generated,True,5,0,21,1,5,32,24,10562,4512,2.340868794326241,31,1426,9,32,672,120,12,0,12,8,696,704,1192,2,1,2,0,4,2,1,2,2,0.000228071999999635,0.0007999620000003205,0.001779764000000128,0.0019702199999995784,0.00045151799999931796,0.0004863809999999802
G168,deterministic structured generated case,generated,True,6,0,38,2,8,64,32,30724,9005,3.41188228761799,72,3125,30,128,2432,576,40,8,16,64,2496,2560,4928,4,2,3,1,10,3,1,0,2,0.0006436370000004743,0.0026394249999999175,0.0065403760000002364,0.007116009999999839,0.0019650220000002605,0.002232955000000203
G169,deterministic structured generated case,generated,True,1,1,18,1,4,4,2,2070,2448,0.8455882352941176,26,1266,7,4,72,12,3,1,0,0,76,76,108,2,1,1,1,2,1,0,0,0,0.00010674099999974374,0.00020951499999988243,0.0002947530000003695,0.00032351599999991265,0.0001394689999996146,0.00014004099999986863
G170,deterministic structured generated case,generated,True,2,1,21,2,4,8,2,3045,2546,1.1959937156323646,29,1433,8,16,168,40,2,2,4,8,176,184,280,2,1,1,1,2,1,0,2,2,0.00013080599999959475,0.0002604310000000609,0.0005506479999999314,0.000570967999999894,0.00020029099999963051,0.00023285999999966833
G171,deterministic structured generated case,generated,True,4,1,23,1,17,32,16,12135,6291,1.9289461134954697,54,3002,31,32,736,160,32,0,0,0,768,768,1216,2,1,1,1,8,4,0,0,1,0.00028365599999968794,0.0015715410000005647,0.0019463440000002663,0.0028022299999994615,0.001385070999999627,0.0012829370000000395
G172,deterministic structured generated case,generated,True,4,1,26,2,6,32,16,13145,4882,2.692544039328144,41,1922,14,64,832,212,30,0,34,0,896,896,1512,4,2,3,1,10,3,1,0,1,0.0002871209999995017,0.0011494970000001103,0.002262568999999992,0.0026931259999996016,0.0008800119999996525,0.0009024960000001414
G173,deterministic structured generated case,generated,True,5,1,24,1,4,64,24,19911,5150,3.86621359223301,38,1721,13,64,1536,280,18,6,24,16,1584,1600,2744,2,1,1,1,4,2,0,0,0,0.0003591790000001538,0.001511822000000329,0.0037153920000001506,0.004110965999999827,0.0006925200000003073,0.0009064919999994814
G174,deterministic structured generated case,generated,True,6,1,36,2,11,128,32,50648,9801,5.1676359555147435,76,3484,36,256,4608,1248,88,8,32,128,4736,4864,9568,4,2,3,1,11,4,1,0,5,0.001024289000000067,0.0058415849999997604,0.01226381400000065,0.014600053999999751,0.004302003000000276,0.005123998000000185
G175,deterministic structured generated case,generated,True,1,2,19,1,4,8,2,3185,2621,1.2151850438763832,26,1285,7,8,152,24,6,2,0,0,160,160,232,2,1,1,1,0,0,0,0,0,0.00012738100000042607,0.00030920499999975704,0.00046814299999997644,0.0005501469999993347,0.0001954039999993995,0.0002084030000002457
G176,deterministic structured generated case,generated,True,2,2,26,2,5,16,2,5591,2817,1.9847355342563011,32,1483,6,32,416,72,4,0,12,16,432,448,680,2,1,1,1,2,1,0,3,3,0.00018111199999992778,0.0004354839999995974,0.001091108999999868,0.0011590309999993664,0.0002928600000000614,0.0003487639999999459
G177,deterministic structured generated case,generated,True,3,2,21,1,5,32,4,8376,2784,3.0086206896551726,31,1419,9,32,672,112,8,0,8,16,688,704,1200,2,1,2,0,4,2,1,2,2,0.00020601900000016826,0.000738409999999412,0.001824821000000476,0.0019109809999999783,0.000369575000000566,0.00046932500000007593
G178,deterministic structured generated case,generated,True,4,2,26,2,6,64,12,22778,4762,4.783284334313314,42,2062,16,128,1664,432,72,8,16,32,1760,1792,2992,4,2,2,2,6,2,0,0,0,0.00043937999999954513,0.002408207999999412,0.0042202099999997245,0.0054723209999991695,0.0019496389999993369,0.00207213300000042
G179,deterministic structured generated case,generated,True,5,2,23,1,4,128,24,34959,4827,7.242386575512741,35,1608,11,128,2944,384,24,8,64,32,3040,3072,5184,2,1,1,1,4,2,0,0,0,0.0006145730000000071,0.0026297209999999183,0.007526817999999658,0.008133128999999961,0.0011065019999998427,0.0015172899999997824
G180,deterministic structured generated case,generated,True,6,2,39,2,10,256,32,106896,9238,11.571335786966875,72,3199,29,512,9984,2496,144,48,64,256,10240,10496,20928,4,2,3,1,9,3,1,3,10,0.0019339259999995306,0.011196981000000328,0.02777424499999981,0.03062514799999949,0.006910492000000268,0.009756156999999988
G181,deterministic structured generated case,generated,True,4,0,22,1,17,16,16,7482,6211,1.2046369344710997,53,2968,31,16,352,80,16,0,0,0,368,368,576,2,1,1,1,8,4,0,0,1,0.00022514800000017487,0.0009248399999997048,0.0011618360000005268,0.0017183909999998193,0.0008553249999998513,0.0007602320000001939
G182,deterministic structured generated case,generated,True,4,0,32,2,18,16,16,9401,6448,1.4579714640198511,58,3004,25,32,512,130,15,0,17,0,544,544,940,4,2,3,1,12,4,1,8,10,0.0002910570000000945,0.0009821549999999846,0.0016385419999993545,0.0019715119999998976,0.0008786299999998803,0.0008269130000000402
G183,deterministic structured generated case,generated,True,3,0,19,1,3,8,4,2799,2416,1.158526490066225,27,1194,7,8,152,28,2,0,2,4,156,160,268,2,1,1,1,2,1,0,1,1,0.0001257890000001538,0.0002503459999996238,0.0005575479999997413,0.000531387999999744,0.00015425199999974382,0.00018502799999975394
G184,deterministic structured generated case,generated,True,4,0,33,2,11,16,12,8602,6531,1.317103047006584,66,3010,27,32,528,120,17,3,4,8,552,560,952,4,2,3,1,12,3,1,0,5,0.00027120699999994,0.0010408030000004231,0.001495455999999784,0.0019759580000000554,0.0008100669999997478,0.0008581200000001843
G185,deterministic structured generated case,generated,True,5,0,27,1,7,32,24,11672,5070,2.3021696252465484,41,1781,11,32,864,120,8,4,12,8,888,896,1480,2,1,1,1,6,3,0,4,5,0.0002850379999994601,0.0009732220000007175,0.002152653999999643,0.002451984000000351,0.000537957999999783,0.0006513489999999678
G186,deterministic structured generated case,generated,True,6,0,36,2,10,64,32,29311,8879,3.3011600405451063,72,3308,32,128,2304,608,32,16,16,64,2368,2432,4704,4,2,4,0,12,4,2,2,2,0.0006063709999999389,0.0028609380000004236,0.006445783999999399,0.007250313000000119,0.001766373999999793,0.002446305000000315
G187,deterministic structured generated case,generated,True,1,1,26,1,5,4,2,2450,3254,0.7529194837123541,39,1470,7,4,104,12,4,0,0,0,108,108,164,2,1,1,1,2,1,0,0,1,0.00014318500000065626,0.0002265600000006529,0.0004031160000002032,0.00044574899999982875,0.00017635499999979487,0.00016909400000031383
G188,deterministic structured generated case,generated,True,2,1,22,2,6,8,2,3354,3057,1.0971540726202158,34,1726,12,16,176,44,3,1,4,8,184,192,300,4,2,2,2,4,1,0,2,4,0.00015674499999995817,0.0002830959999995386,0.0005817439999997731,0.0006331709999995994,0.00023989099999965902,0.00030190299999954817
G189,deterministic structured generated case,generated,True,3,1,22,1,4,16,4,4865,2768,1.7575867052023122,31,1368,8,16,352,52,4,0,4,8,360,368,612,2,1,2,0,4,2,1,1,1,0.00015948000000065576,0.00041468299999980474,0.0009762259999996914,0.0010433970000001125,0.00023831800000007064,0.00027960999999976366
G190,deterministic structured generated case,generated,True,4,1,30,2,5,32,12,14101,5058,2.787860814551206,44,2043,14,64,960,192,36,4,8,16,1008,1024,1632,4,2,2,2,4,2,0,0,0,0.00035881899999967715,0.0012559770000004633,0.0022894700000000157,0.002943571999999506,0.0009572379999998049,0.0010147850000006287
G191,deterministic structured generated case,generated,True,4,1,23,1,17,32,16,12135,6291,1.9289461134954697,54,3002,31,32,736,160,32,0,0,0,768,768,1216,2,1,1,1,8,4,0,0,1,0.000281513000000011,0.0015961579999999032,0.0019486170000000413,0.0027697209999999473,0.0013738439999997354,0.0012973489999996701
G192,deterministic structured generated case,generated,True,4,1,24,2,6,32,16,13419,4931,2.7213546947880753,38,1822,13,64,768,212,46,0,18,0,832,832,1416,4,2,3,1,8,2,1,0,0,0.00029078699999995905,0.0013187109999996949,0.002156169000000041,0.0027414889999999303,0.001048574999999552,0.0010291560000004196
G193,deterministic structured generated case,generated,True,1,2,19,1,8,8,2,3359,3286,1.0222154595252586,34,1807,15,8,152,32,7,1,0,0,160,160,240,2,1,1,1,2,1,0,0,0,0.00014853299999995073,0.00035938999999984844,0.0005184890000000664,0.0006526810000000438,0.00028549900000029993,0.00028829299999966196
G194,deterministic structured generated case,generated,True,2,2,23,2,5,16,2,5512,3044,1.8107752956636005,35,1673,11,32,368,88,6,2,8,16,384,400,616,4,2,2,2,2,1,0,2,2,0.00016581899999934535,0.0004387589999996777,0.0010156359999999864,0.0011182099999995643,0.0003910280000001265,0.0003663899999999387
G195,deterministic structured generated case,generated,True,3,2,23,1,4,32,4,8792,3369,2.6096764618581183,41,1764,15,32,736,128,6,2,8,16,752,768,1312,2,1,2,0,4,2,1,0,0,0.00021816799999996306,0.0007954950000002015,0.0019405660000000324,0.0020629290000000466,0.00041177899999933487,0.0005413230000002045
G196,deterministic structured generated case,generated,True,4,2,33,2,13,64,12,27789,7329,3.791649611133852,69,3603,36,128,2112,544,60,20,16,32,2208,2240,3872,4,2,4,0,10,3,2,0,0,0.0005798710000002316,0.0036191470000002113,0.005324077999999233,0.007286997000000461,0.0026260850000001668,0.0032957709999994478
G197,deterministic structured generated case,generated,True,5,2,21,1,3,128,24,33495,4145,8.080820265379975,28,1192,5,128,2688,320,32,0,64,32,2784,2816,4736,2,1,1,1,2,1,0,1,1,0.0006928909999999178,0.0023867050000001555,0.006866454999999938,0.007217823000000401,0.0009103279999997937,0.0013066630000002633
G198,deterministic structured generated case,generated,True,6,2,37,2,8,256,32,99969,10064,9.933326709062003,73,3087,30,512,9472,2368,176,16,64,256,9728,9984,19264,4,2,3,1,9,3,1,0,0,0.00180654399999991,0.010106833000000037,0.03324912099999988,0.0280795549999997,0.007074448000000011,0.008381121000000213
G199,deterministic structured generated case,generated,True,1,0,19,1,3,2,2,1452,2146,0.6766076421248836,24,1003,3,2,38,4,2,0,0,0,40,40,54,2,1,1,1,2,1,0,0,0,0.00012391600000061231,0.00014646000000073656,0.00023076699999968753,0.0002497249999997564,0.00011588400000039911,0.00010470699999931554
G200,deterministic structured generated case,generated,True,2,0,30,2,7,4,2,2547,3331,0.7646352446712699,41,1637,6,8,120,18,1,0,3,4,124,128,202,2,1,1,1,2,1,0,5,7,0.00016771199999965347,0.0002177870000004134,0.0004945830000000484,0.0004524300000001702,0.0001944820000003844,0.00020019100000023826
G201,deterministic structured generated case,generated,True,4,0,22,1,17,16,16,7482,6211,1.2046369344710997,53,2968,31,16,352,80,16,0,0,0,368,368,576,2,1,1,1,8,4,0,0,1,0.00021597499999970182,0.0009510180000003032,0.0010925809999999814,0.0015083659999994836,0.0007991809999996491,0.0007269820000006533
G202,deterministic structured generated case,generated,True,4,0,25,2,6,16,16,7677,4861,1.5793046698210245,41,1933,15,32,400,114,15,0,17,0,432,432,732,4,2,3,1,10,3,1,0,0,0.0002207219999998955,0.0006380390000000347,0.001293041999999467,0.001417178999999713,0.00054335600000055,0.00048592000000002855
G203,deterministic structured generated case,generated,True,5,0,23,1,4,32,24,11050,4922,2.2450223486387646,39,1782,15,32,736,152,9,3,12,8,760,768,1320,2,1,1,1,6,3,0,0,0,0.0002451880000000628,0.0008007729999999214,0.001936028000000256,0.002082569000000589,0.0004350740000003128,0.0005001609999997214
G204,deterministic structured generated case,generated,True,6,0,42,2,11,64,32,31210,9859,3.1656354599857996,86,3546,34,128,2688,608,40,8,16,64,2752,2816,5408,4,2,2,2,10,3,0,2,2,0.0007157449999999344,0.002971914999999825,0.007209991999999943,0.007967439999999826,0.0020871460000000397,0.0028102520000006237
G205,deterministic structured generated case,generated,True,1,1,12,1,2,4,2,1531,1432,1.0691340782122905,13,685,1,4,48,4,4,0,0,0,52,52,64,2,1,1,1,0,0,0,0,0,8.510700000030624e-05,0.00015380100000061958,0.00019250900000056248,0.0002444569999999757,7.979999999996323e-05,8.698099999993048e-05
G206,deterministic structured generated case,generated,True,2,1,26,2,7,8,2,3548,3237,1.0960766141489033,38,1759,10,16,208,42,3,1,4,8,216,224,338,4,2,2,2,4,1,0,4,4,0.00022702099999971637,0.0003448879999998766,0.0006968070000006321,0.0007179189999995117,0.0002812719999996105,0.00027975099999988373
G207,deterministic structured generated case,generated,True,3,1,26,1,8,16,4,5280,3441,1.5344376634699215,42,1634,9,16,416,56,4,0,4,8,424,432,744,2,1,2,0,4,2,1,5,5,0.00022063100000035973,0.0004815730000000684,0.0012529819999995695,0.001232791999999705,0.00028608000000041045,0.0003402110000001457
G208,deterministic structured generated case,generated,True,4,1,34,2,14,32,12,14411,7044,2.045854628052243,71,3272,30,64,1088,284,27,9,12,16,1136,1152,2044,4,2,3,1,8,2,1,4,10,0.00040662099999977386,0.0019484780000000868,0.0028959710000000527,0.003820089000000415,0.0013913100000007006,0.0017363089999999914
G209,deterministic structured generated case,generated,True,5,1,28,1,4,64,24,20168,5163,3.906256052682549,44,1541,8,64,1792,208,24,0,24,16,1840,1856,3184,2,1,2,0,4,2,1,1,1,0.00041148799999923824,0.001579882999999782,0.004133819999999844,0.004597536999999541,0.0008011240000005415,0.0009263419999996358
G210,deterministic structured generated case,generated,True,6,1,33,2,10,128,32,48841,8907,5.4834399910183,71,3318,34,256,4224,1120,72,24,32,128,4352,4480,8800,4,2,4,0,12,3,2,0,0,0.0009633580000008024,0.005347854000000041,0.012171434999999953,0.014596668999999451,0.00478518899999969,0.006328766999999402
G211,deterministic structured generated case,generated,True,4,2,24,1,17,64,16,21765,6372,3.4157250470809792,55,3037,31,64,1536,320,64,0,0,0,1600,1600,2560,2,1,1,1,8,4,0,0,1,0.0005846680000001214,0.0038155330000000376,0.004453631000000513,0.006039173000000453,0.003104313999999775,0.0026430409999997906
G212,deterministic structured generated case,generated,True,4,2,29,2,6,64,16,25287,5499,4.598472449536279,47,2147,17,128,1856,488,60,0,68,0,1984,1984,3408,4,2,3,1,8,2,1,0,0,0.0005386600000001351,0.0021934449999996275,0.005293532000000489,0.005838171000000614,0.0016661630000003314,0.0017019060000000863
G213,deterministic structured generated case,generated,True,3,2,25,1,8,32,4,9838,3769,2.610241443353675,42,1960,16,32,800,144,8,0,8,16,816,832,1424,2,1,1,1,2,1,0,3,4,0.0002700760000005076,0.0008652500000003727,0.0022059839999997166,0.0023117029999992766,0.0004829250000000229,0.0006603920000003427
G214,deterministic structured generated case,generated,True,4,2,41,2,14,64,12,30149,7478,4.031692966033699,75,3376,28,128,2624,528,66,14,16,32,2720,2752,4752,4,2,2,2,10,3,0,3,10,0.0007467219999996999,0.0041454079999994065,0.0062012659999997055,0.008716885000000119,0.002992596000000347,0.0041275909999995974
G215,deterministic structured generated case,generated,True,5,2,29,1,7,128,24,43403,5013,8.658088968681428,38,1655,7,128,3712,352,32,0,64,32,3808,3840,6432,2,1,1,1,4,2,0,4,4,0.0008356150000006224,0.003177444000000307,0.012993510999999458,0.009529174999999945,0.0013698380000004562,0.0018681849999993005
G216,deterministic structured generated case,generated,True,6,2,40,2,20,256,32,115386,14038,8.219546944009117,101,5166,58,512,10240,2560,152,40,64,256,10496,10752,20992,4,2,4,0,13,4,2,0,7,0.002127456000000194,0.014749098000000238,0.027997236000000036,0.033874609999999805,0.010128116000000631,0.012991587000000138
G217,deterministic structured generated case,generated,True,1,0,19,1,3,2,2,1470,2158,0.6811862835959221,24,1007,3,2,38,4,2,0,0,0,40,40,54,2,1,1,1,2,1,0,0,0,0.00012339600000021989,0.00014770199999958322,0.00022554899999960298,0.00022670999999974129,0.00010844299999934748,0.00012428700000022275
G218,deterministic structured generated case,generated,True,2,0,32,2,8,4,2,2663,3455,0.770767004341534,43,1757,6,8,128,18,0,1,3,4,132,136,214,0,0,0,0,0,0,0,7,13,0.00017032599999922127,0.000245718999999589,0.0005310779999998516,0.000502243999999763,0.00023639499999994484,0.00022165499999982075
G219,deterministic structured generated case,generated,True,3,0,23,1,7,8,4,3412,3006,1.1350632069194944,33,1542,9,8,184,28,2,0,2,4,188,192,324,2,1,2,0,4,2,1,4,4,0.0001508369999996262,0.00028526900000080957,0.0006343730000004655,0.0006118390000002805,0.00019455300000004172,0.000221973000000375
G220,deterministic structured generated case,generated,True,4,0,25,2,7,16,12,7482,4937,1.5154952400243062,44,2256,19,32,400,108,16,4,4,8,424,432,716,4,2,4,0,10,3,2,0,0,0.00022775299999988619,0.0007985489999997597,0.00124570100000021,0.0015179109999996498,0.0006133010000004546,0.000628905000000124
G221,deterministic structured generated case,generated,True,4,0,22,1,17,16,16,7482,6211,1.2046369344710997,53,2968,31,16,352,80,16,0,0,0,368,368,576,2,1,1,1,8,4,0,0,1,0.0002161039999997172,0.0008918400000004212,0.001120483999999422,0.0015135439999998113,0.0008120099999997521,0.0007213539999995078
G222,deterministic structured generated case,generated,True,4,0,23,2,6,16,16,7916,4833,1.637906062487068,37,1784,13,32,368,106,23,0,9,0,400,400,676,4,2,3,1,8,2,1,0,0,0.00021060600000044616,0.0007325800000002047,0.001220813999999848,0.0014718809999996196,0.0006097660000001781,0.0005796910000004374
G223,deterministic structured generated case,generated,True,1,1,18,1,3,4,2,1926,2029,0.9492360768851651,21,992,3,4,72,8,4,0,0,0,76,76,104,2,1,1,1,2,1,0,0,0,0.00010685099999996339,0.0001774860000001155,0.0002891250000001122,0.0003009220000000923,0.0001182779999995276,0.00011867799999976114
G224,deterministic structured generated case,generated,True,2,1,24,2,4,8,2,3246,3006,1.0798403193612773,36,1611,10,16,192,42,3,1,4,8,200,208,322,4,2,2,2,4,1,0,1,2,0.00015165699999997173,0.00031025600000056386,0.0006186990000003334,0.0006696759999993418,0.0002389089999992322,0.00030823299999926945
G225,deterministic structured generated case,generated,True,3,1,28,1,14,16,4,5793,4016,1.442480079681275,47,2052,12,16,448,56,3,1,4,8,456,464,792,2,1,2,0,4,2,1,10,10,0.0002171469999998621,0.0005439169999998938,0.0012108390000005187,0.00132417000000018,0.00033526399999939116,0.00046179399999957127
G226,deterministic structured generated case,generated,True,4,1,30,2,10,32,12,13615,6058,2.247441399801915,56,2767,25,64,960,248,30,6,12,16,1008,1024,1720,4,2,4,0,8,2,2,1,4,0.00032872400000005797,0.0015916709999999057,0.002586525999999978,0.0033082599999998408,0.0012826459999999429,0.0013782899999998932
G227,deterministic structured generated case,generated,True,5,1,22,1,5,64,24,18807,5009,3.7546416450389297,39,1751,15,64,1408,304,24,0,24,16,1456,1472,2576,2,1,1,1,6,3,0,0,0,0.00034493800000046093,0.0014459430000002271,0.0036234930000000887,0.0038401390000002422,0.0007800619999995817,0.0008376280000002012
G228,deterministic structured generated case,generated,True,6,1,40,2,11,128,32,56041,10300,5.440873786407767,83,3657,37,256,5120,1216,80,16,32,128,5248,5376,10432,4,2,3,1,11,3,1,0,0,0.0011264320000003991,0.005568766000000558,0.013819912000000656,0.015710912999999493,0.003933759999999786,0.005068484999998901
G229,deterministic structured generated case,generated,True,1,2,19,1,7,8,2,3338,3224,1.0353598014888337,34,1815,15,8,152,32,6,2,0,0,160,160,240,2,1,1,1,2,1,0,0,0,0.00014479700000080697,0.0003625249999998914,0.0005609029999984472,0.0006372169999995236,0.00027460299999937376,0.00028287499999990473
G230,deterministic structured generated case,generated,True,2,2,35,2,10,16,2,7417,4643,1.597458539737239,54,2511,18,32,560,100,6,2,8,16,576,592,948,4,2,2,2,2,1,0,4,7,0.0002533410000005176,0.0006410930000004811,0.0015456920000005425,0.0016750170000001674,0.000501734000000198,0.0005684239999990126
G231,deterministic structured generated case,generated,True,4,2,24,1,17,64,16,21765,6372,3.4157250470809792,55,3037,31,64,1536,320,64,0,0,0,1600,1600,2560,2,1,1,1,8,4,0,0,1,0.00047843800000002545,0.003100747999999598,0.0038744010000009155,0.005620743999999789,0.002750302000000815,0.00249458800000113
G232,deterministic structured generated case,generated,True,4,2,30,2,4,64,16,24812,4726,5.250105797714769,41,1668,8,128,1920,360,60,0,68,0,2048,2048,3344,4,2,3,1,6,2,1,1,1,0.0005194899999985125,0.001948066999998943,0.004575574000000415,0.00543320300000083,0.0012167880000006903,0.0014746749999989817
G233,deterministic structured generated case,generated,True,5,2,21,1,3,128,24,35059,4562,7.68500657606313,30,1298,7,128,2688,352,32,0,64,32,2784,2816,4768,2,1,1,1,2,1,0,0,0,0.0005568570000011874,0.0023269660000000414,0.007176281000001339,0.007158154000000749,0.0009844089999990757,0.0012871840000006074
G234,deterministic structured generated case,generated,True,6,2,37,2,6,256,32,98998,9014,10.982693587752385,68,2816,26,512,9472,2304,160,32,64,256,9728,9984,19200,4,2,4,0,8,3,2,0,0,0.0017585620000009072,0.008995494000000548,0.025189671999999774,0.02671755799999964,0.006096557999999419,0.007519807000001322
G235,deterministic structured generated case,generated,True,1,0,19,1,2,2,2,1412,2012,0.7017892644135189,22,1018,3,2,38,4,1,1,0,0,40,40,54,2,1,1,1,2,1,0,0,1,0.00011133799999996086,0.0001373759999996338,0.00021710600000091063,0.00023310000000087427,0.00010258400000040524,9.851799999971433e-05
G236,deterministic structured generated case,generated,True,2,0,27,2,5,4,2,2430,2841,0.8553326293558606,33,1542,6,8,108,18,0,1,3,4,112,116,178,0,0,0,0,0,0,0,4,4,0.00014407699999985368,0.00019438200000010397,0.0004216429999992499,0.00041989099999995005,0.00016365599999978997,0.000164377000000826
G237,deterministic structured generated case,generated,True,3,0,23,1,5,8,4,3371,2997,1.1247914581247915,34,1488,9,8,184,28,2,0,2,4,188,192,324,2,1,2,0,4,2,1,2,2,0.0001417730000010664,0.00028838300000089134,0.0005943029999997407,0.0006099160000001547,0.00018392700000013917,0.00019719600000023263
G238,deterministic structured generated case,generated,True,4,0,30,2,9,16,12,8502,5254,1.6181956604491816,48,2364,18,32,480,118,17,1,6,8,504,512,854,4,2,3,1,8,3,1,3,6,0.00023744699999994623,0.0007473930000010398,0.001365842000000228,0.0015629179999994136,0.0005667920000007598,0.0005784989999995105
G239,deterministic structured generated case,generated,True,5,0,27,1,14,32,24,12403,5268,2.354403948367502,40,2054,12,32,864,112,6,2,16,8,888,896,1504,2,1,1,1,6,3,0,10,10,0.00029944000000092785,0.0008938130000011313,0.0021115119999990384,0.002342019000000306,0.000438639000000407,0.0005728199999985861
G240,deterministic structured generated case,generated,True,6,0,31,2,9,64,32,26244,8695,3.0182863714778607,65,2957,30,128,1984,608,44,4,16,64,2048,2112,4192,4,2,2,2,8,3,0,0,0,0.0005442780000013414,0.0023983929999999987,0.005971630999999533,0.00618609300000017,0.0017119720000007277,0.001979304000000681
G241,deterministic structured generated case,generated,True,4,1,23,1,17,32,16,12135,6291,1.9289461134954697,54,3002,31,32,736,160,32,0,0,0,768,768,1216,2,1,1,1,8,4,0,0,1,0.00028522900000105267,0.0016081459999988112,0.001969329000001352,0.002785283999999777,0.0013834980000009267,0.0012877549999998905
G242,deterministic structured generated case,generated,True,4,1,28,2,6,32,16,13473,4713,2.8586887332908977,39,1769,10,64,896,196,30,0,34,0,960,960,1592,4,2,3,1,8,2,1,2,2,0.0003161959999999908,0.0010156049999991978,0.002402788999999572,0.0027472470000002858,0.0007614040000003541,0.0007815039999989892
G243,deterministic structured generated case,generated,True,3,1,22,1,8,16,4,5126,3286,1.5599513085818624,36,1729,13,16,352,60,4,0,4,8,360,368,620,2,1,2,0,4,2,1,3,3,0.0001768959999992603,0.0004839770000000243,0.001052690999999939,0.0010981799999996156,0.0002937420000002078,0.00034184300000106305
G244,deterministic structured generated case,generated,True,4,1,37,2,11,32,12,15499,6636,2.3355937311633514,65,2848,23,64,1184,256,30,6,12,16,1232,1248,2144,4,2,3,1,6,2,1,3,3,0.0004521989999997089,0.0016599930000005259,0.0028644930000005786,0.003705036999999578,0.0012362270000014774,0.0014419160000009867
G245,deterministic structured generated case,generated,True,5,1,26,1,7,64,24,21535,5658,3.806115235065394,48,2215,20,64,1664,288,20,4,24,16,1712,1728,3008,2,1,1,1,8,4,0,1,1,0.00043685600000031855,0.0017050110000003116,0.004142913999999109,0.00461777699999999,0.0009403720000005222,0.001089147000000068
G246,deterministic structured generated case,generated,True,6,1,38,2,13,128,32,52660,9477,5.556610741795927,79,3596,35,256,4864,1248,72,24,32,128,4992,5120,9952,4,2,3,1,12,3,1,3,10,0.001160292999999868,0.006294415999999359,0.013565910000000514,0.01578862900000111,0.004061111000000395,0.005907504999999702
G247,deterministic structured generated case,generated,True,1,2,19,1,8,8,2,3357,3303,1.0163487738419619,34,1810,15,8,152,32,7,1,0,0,160,160,240,2,1,1,1,2,1,0,0,0,0.00017205900000050178,0.00037488299999921537,0.0005756249999997465,0.0006473830000004455,0.0003241870000003644,0.0002961649999999594
G248,deterministic structured generated case,generated,True,2,2,30,2,11,16,2,6458,3367,1.918027918027918,37,1902,8,32,480,76,2,2,12,16,496,512,796,2,1,1,1,2,1,0,9,9,0.00022632000000122332,0.0005291849999995435,0.0012569689999999412,0.0013863829999998245,0.00033416199999969365,0.00042362599999989925
G249,deterministic structured generated case,generated,True,3,2,19,1,3,32,4,8096,2621,3.0888973674170166,28,1268,8,32,608,104,8,0,8,16,624,640,1096,2,1,2,0,2,1,1,0,0,0.0002101159999998714,0.0007079139999994766,0.0017604950000009723,0.0018305599999983713,0.00035826800000116066,0.00045633599999916896
G250,deterministic structured generated case,generated,True,4,2,34,2,10,64,12,26108,6384,4.089598997493734,63,2808,23,128,2176,464,64,16,16,32,2272,2304,3920,4,2,3,1,10,3,1,1,1,0.0005943329999986702,0.0032473890000002115,0.005334745000000751,0.007032084000000438,0.002386696000000299,0.002835840000001255
G251,deterministic structured generated case,generated,True,4,2,24,1,17,64,16,21765,6372,3.4157250470809792,55,3037,31,64,1536,320,64,0,0,0,1600,1600,2560,2,1,1,1,8,4,0,0,1,0.0004967960000001881,0.003107157999998833,0.0037880499999989325,0.005579832000000451,0.0026949489999985587,0.0025163100000007432
G252,deterministic structured generated case,generated,True,4,2,33,2,10,64,16,27156,6540,4.152293577981651,61,2602,21,128,2112,488,92,0,36,0,2240,2240,3920,4,2,3,1,10,3,1,0,2,0.0006257509999993971,0.003254448999999937,0.00543713800000134,0.007205255000000577,0.002702259000001206,0.002747938000000616
G253,deterministic structured generated case,generated,True,1,0,19,1,3,2,2,1463,2156,0.6785714285714286,24,1006,3,2,38,4,2,0,0,0,40,40,54,2,1,1,1,2,1,0,0,0,0.00011045599999981448,0.00014562900000036905,0.0002199700000016236,0.00024721200000143995,0.0001069410000003046,0.00010078100000043833
G254,deterministic structured generated case,generated,True,2,0,20,2,6,4,2,2039,2398,0.8502919099249374,26,1327,6,8,80,18,1,0,3,4,84,88,130,2,1,1,1,2,1,0,4,4,0.00012633999999955847,0.00017725600000062514,0.00035656600000066874,0.00034224400000049116,0.0001501160000003665,0.00014153300000074864
G255,deterministic structured generated case,generated,True,3,0,23,1,2,8,4,3068,2778,1.1043916486681065,33,1412,9,8,184,28,1,1,2,4,188,192,316,2,1,2,0,4,2,1,0,1,0.00013902899999962415,0.0002734009999993958,0.0006904270000003265,0.0006326709999999736,0.00017944899999911001,0.00019798699999995506
G256,deterministic structured generated case,generated,True,4,0,35,2,10,16,12,8499,5896,1.4414857530529173,61,2692,20,32,560,116,14,6,4,8,584,592,1012,4,2,3,1,10,3,1,4,11,0.00030533800000043243,0.001008405000000323,0.0015756870000007694,0.0020683179999991808,0.0007068319999987693,0.0008826559999999262
G257,deterministic structured generated case,generated,True,5,0,23,1,5,32,24,11249,4968,2.264291465378422,37,1649,12,32,736,128,12,0,12,8,760,768,1296,2,1,1,1,6,3,0,0,0,0.0002592599999999834,0.000827794000000992,0.002025302999999923,0.002193514999998314,0.00046970499999865467,0.000500071999999463
G258,deterministic structured generated case,generated,True,6,0,33,2,6,64,32,26486,8139,3.254208133677356,67,2739,27,128,2112,608,32,16,16,64,2176,2240,4384,4,2,3,1,9,4,1,0,1,0.0005851589999998907,0.002577912999999654,0.006139603000001159,0.006669379999999947,0.0015840399999991206,0.0021247620000011125
G259,deterministic structured generated case,generated,True,1,1,22,1,4,4,2,2122,2861,0.741698706745893,35,1349,7,4,88,12,3,1,0,0,92,92,140,2,1,1,1,2,1,0,0,0,0.00012631999999968002,0.00021592399999903478,0.00037921000000018523,0.0003807120000001163,0.00015729599999936283,0.00016118199999937133
G260,deterministic structured generated case,generated,True,2,1,25,2,7,8,2,3459,3293,1.05040996052232,39,1860,12,16,200,44,2,2,4,8,208,216,332,4,2,2,2,4,1,0,4,4,0.00016470700000148497,0.00033478299999956107,0.0006837270000001894,0.0007925399999990645,0.00026940399999908493,0.0002976070000002551
G261,deterministic structured generated case,generated,True,4,1,23,1,17,32,16,12135,6291,1.9289461134954697,54,3002,31,32,736,160,32,0,0,0,768,768,1216,2,1,1,1,8,4,0,0,1,0.00029376200000008623,0.0016653220000009128,0.002052783999999974,0.002902681000000129,0.00143315299999891,0.0013308490000003559
G262,deterministic structured generated case,generated,True,4,1,30,2,10,32,16,14678,6120,2.3983660130718953,53,2563,22,64,960,228,30,0,34,0,1024,1024,1752,4,2,3,1,10,3,1,0,0,0.0003584790000008553,0.0014337140000009185,0.0026844429999997033,0.0032553310000000835,0.0011803339999989504,0.0011912990000002566
G263,deterministic structured generated case,generated,True,5,1,22,1,4,64,24,19098,5031,3.7960644007155637,37,1662,13,64,1408,280,18,6,24,16,1456,1472,2552,2,1,1,1,4,2,0,0,0,0.000385899999999495,0.0015601830000004924,0.003845025999998697,0.004178857999999508,0.0007515390000012445,0.0008883949999987095
G264,deterministic structured generated case,generated,True,6,1,32,2,9,128,32,48687,8849,5.501977624590349,55,2419,19,256,4096,1088,80,16,32,128,4224,4352,8512,4,2,3,1,4,2,1,5,5,0.0009761360000002384,0.005797578999999331,0.01194311199999909,0.014173982999999168,0.003919929000000266,0.004948744000000005
G265,deterministic structured generated case,generated,True,1,2,19,1,7,8,2,3273,3219,1.0167753960857409,34,1811,15,8,152,32,6,2,0,0,160,160,240,2,1,1,1,2,1,0,0,0,0.00013906899999938105,0.00038322600000029183,0.0005333619999987604,0.0006483739999989524,0.000274872999998621,0.0002858190000001315
G266,deterministic structured generated case,generated,True,2,2,26,2,9,16,2,6146,3600,1.7072222222222222,40,2003,14,32,416,96,8,0,8,16,432,448,704,4,2,2,2,4,1,0,4,4,0.00020255499999954907,0.000598990000000299,0.0012408740000005025,0.0013761179999995932,0.0005443480000000278,0.0005014430000009895
G267,deterministic structured generated case,generated,True,3,2,23,1,5,32,4,9201,3308,2.7814389359129383,37,1685,13,32,736,120,8,0,8,16,752,768,1304,2,1,2,0,4,2,1,0,0,0.0002311870000006877,0.0008059009999996647,0.0020477359999997446,0.002128518000001023,0.0004464809999991104,0.000584096999999062
G268,deterministic structured generated case,generated,True,4,2,29,2,11,64,12,25853,6769,3.8193233860245237,57,2963,28,128,1856,512,64,16,16,32,1952,1984,3456,4,2,4,0,8,3,2,0,5,0.0005324200000007551,0.003380438999998958,0.004908584000000715,0.00677793200000032,0.002488537999999707,0.0029584539999998327
G269,deterministic structured generated case,generated,True,5,2,29,1,7,128,24,43181,5997,7.200433550108388,49,2331,19,128,3712,416,24,8,64,32,3808,3840,6496,2,1,1,1,6,3,0,0,0,0.0007904369999991445,0.0030404079999986067,0.008814401999998722,0.009599871000000704,0.0013701079999997035,0.0018863329999998513
G270,deterministic structured generated case,generated,True,6,2,39,2,14,256,32,111311,11214,9.926074549670055,87,4146,44,512,9984,2432,160,32,64,256,10240,10496,20608,4,2,4,0,13,5,2,0,0,0.0019418670000010962,0.012723545000000058,0.0278340349999997,0.032056207000000114,0.008956725000000887,0.011111542999998392
G271,deterministic structured generated case,generated,True,4,0,22,1,17,16,16,7482,6211,1.2046369344710997,53,2968,31,16,352,80,16,0,0,0,368,368,576,2,1,1,1,8,4,0,0,1,0.0002459200000011208,0.0009207230000001232,0.0011551760000010347,0.0015365289999991205,0.0008228460000001547,0.000743617000001251
G272,deterministic structured generated case,generated,True,4,0,25,2,4,16,16,7594,4444,1.708820882088209,36,1621,10,32,400,98,15,0,17,0,432,432,732,4,2,3,1,8,2,1,0,1,0.00023867800000054729,0.000586800999998971,0.0013404040000004613,0.0014087870000007996,0.00044578900000047383,0.00045519299999874363
G273,deterministic structured generated case,generated,True,3,0,21,1,3,8,4,2894,2819,1.0266051791415396,34,1345,9,8,168,28,2,0,2,4,172,176,292,2,1,2,0,4,2,1,0,0,0.00013757699999850104,0.000271557999999672,0.0006088440000002748,0.0005833859999988533,0.00018813299999997923,0.00019350100000004034
G274,deterministic structured generated case,generated,True,4,0,23,2,6,16,12,7156,4455,1.6062850729517397,39,1920,15,32,368,108,16,2,6,8,392,400,668,4,2,3,1,8,2,1,1,2,0.0002031949999992122,0.0006926210000006705,0.0011531519999987694,0.0014132139999993854,0.0005479729999997573,0.0005755149999995268
G275,deterministic structured generated case,generated,True,5,0,27,1,14,32,24,12631,6042,2.0905329361138696,51,2621,23,32,864,156,8,4,12,8,888,896,1548,2,1,2,0,8,4,1,7,8,0.0003331100000014686,0.0011481750000008617,0.002323589999999598,0.002713776000000223,0.0006584790000001561,0.0008509579999991246
G276,deterministic structured generated case,generated,True,6,0,38,2,17,64,32,30551,9363,3.2629499092171312,70,3262,28,128,2432,576,48,0,16,64,2496,2560,4928,4,2,4,0,11,3,2,8,13,0.001522157000000135,0.004173900999999702,0.00941080800000016,0.008860100999999787,0.003195851000000971,0.003389781999999286
G277,deterministic structured generated case,generated,True,1,1,24,1,5,4,2,2460,2890,0.8512110726643599,31,1428,7,4,96,12,4,0,0,0,100,100,148,2,1,1,1,2,1,0,0,1,0.00015054600000041773,0.00021877900000077943,0.00037674599999881764,0.00041916900000060764,0.00017279900000133352,0.00016235400000041977
G278,deterministic structured generated case,generated,True,2,1,22,2,8,8,2,3425,3213,1.0659819483348896,35,1758,12,16,176,44,4,0,4,8,184,192,300,4,2,2,2,4,1,0,3,3,0.00015062599999993154,0.00032814299999905927,0.0006117489999990511,0.0006823249999996506,0.00028732100000006255,0.0002813120000002556
G279,deterministic structured generated case,generated,True,3,1,20,1,4,16,4,4717,2992,1.57653743315508,34,1590,13,16,320,60,3,1,4,8,328,336,572,2,1,2,0,4,2,1,0,0,0.0001581080000008228,0.0004473319999984682,0.0010130519999993481,0.0010297769999993989,0.00025978100000045856,0.0003026039999998176
G280,deterministic structured generated case,generated,True,4,1,28,2,7,32,12,13617,5324,2.5576634109691962,48,2382,20,64,896,232,32,8,8,16,944,960,1640,4,2,3,1,8,2,1,0,2,0.00035573400000110666,0.0013836680000007817,0.002424621999999488,0.002981207999999569,0.0010382199999998676,0.0011510390000015747
G281,deterministic structured generated case,generated,True,4,1,23,1,17,32,16,12135,6291,1.9289461134954697,54,3002,31,32,736,160,32,0,0,0,768,768,1216,2,1,1,1,8,4,0,0,1,0.0002916080000012755,0.0016535239999999618,0.002011310999998628,0.002898714000000524,0.0014183200000008611,0.0013252300000008432
G282,deterministic structured generated case,generated,True,4,1,31,2,10,32,16,15619,6175,2.5293927125506075,53,2556,21,64,992,244,46,0,18,0,1056,1056,1800,4,2,3,1,10,3,1,0,0,0.0003521090000013771,0.0017169090000006548,0.002615880000000459,0.0034882499999984162,0.0013992320000006941,0.0013821460000009722
G283,deterministic structured generated case,generated,True,1,2,25,1,8,8,2,3744,3990,0.9383458646616541,46,1982,15,8,200,32,7,1,0,0,208,208,328,2,1,1,1,2,1,0,0,0,0.00016568899999924724,0.0003903960000002371,0.0006764169999993186,0.0007559160000010223,0.0003055589999991781,0.0003100959999997599
G284,deterministic structured generated case,generated,True,2,2,27,2,6,16,2,5808,3502,1.6584808680753855,40,1843,12,32,432,80,4,0,12,16,448,464,704,2,1,1,1,2,1,0,1,1,0.00019369100000155015,0.00043849799999939876,0.0011555970000003413,0.001236518000000686,0.00033183799999925156,0.000357106999999246
G285,deterministic structured generated case,generated,True,3,2,23,1,4,32,4,9075,3316,2.7367310012062727,37,1686,13,32,736,120,6,2,8,16,752,768,1304,2,1,2,0,2,1,1,0,0,0.00022790200000066818,0.0008117389999995339,0.0020668750000005787,0.002108938000001004,0.0004255289999992584,0.0005332109999987011
G286,deterministic structured generated case,generated,True,4,2,25,2,9,64,12,23720,6332,3.746051800379027,49,2575,24,128,1600,480,72,8,16,32,1696,1728,2976,4,2,4,0,6,2,2,0,0,0.0004881129999994016,0.0029507130000006043,0.00445730700000091,0.006117339999999416,0.0024502009999984864,0.002551292999999788
G287,deterministic structured generated case,generated,True,5,2,23,1,5,128,24,35580,4775,7.451308900523561,35,1612,11,128,2944,384,32,0,64,32,3040,3072,5184,2,1,1,1,6,3,0,0,0,0.0006461009999991774,0.0026125249999999767,0.007650523999998882,0.008012167000000403,0.0011882760000005987,0.001504069000000996
G288,deterministic structured generated case,generated,True,6,2,41,2,11,256,32,104088,10342,10.064590988203442,85,3598,35,512,10496,2304,160,32,64,256,10752,11008,21248,4,2,3,1,10,3,1,0,0,0.0021238599999993113,0.011539667000000975,0.02778524200000021,0.031053862000000265,0.007430503000000144,0.009651279000001622
G289,deterministic structured generated case,generated,True,1,0,17,1,3,2,2,1436,2007,0.715495764823119,21,965,3,2,34,4,2,0,0,0,36,36,48,2,1,1,1,2,1,0,0,0,0.00012143300000033719,0.00013878899999930638,0.00020553800000122635,0.00020507800000046927,9.996000000001004e-05,9.415099999898757e-05
G290,deterministic structured generated case,generated,True,2,0,26,2,6,4,2,2357,2853,0.8261479144759902,33,1492,6,8,104,18,1,0,3,4,108,112,170,2,1,1,1,2,1,0,4,9,0.00014341500000014662,0.0001977270000015352,0.0004169360000005895,0.00041943999999993764,0.00017125799999995195,0.00016910399999936487
G291,deterministic structured generated case,generated,True,4,0,22,1,17,16,16,7482,6211,1.2046369344710997,53,2968,31,16,352,80,16,0,0,0,368,368,576,2,1,1,1,8,4,0,0,1,0.00023179899999981046,0.0009369580000004873,0.0011024160000001615,0.0015014559999997346,0.0008144539999985767,0.000730447000000467
G292,deterministic structured generated case,generated,True,4,0,21,2,3,16,16,6927,3940,1.7581218274111674,30,1371,8,32,336,90,15,0,17,0,368,368,596,4,2,3,1,6,2,1,0,0,0.00017983000000043603,0.0005349040000002248,0.001064098000000513,0.0011914900000000728,0.0003585889999992986,0.00038803300000012086
G293,deterministic structured generated case,generated,True,5,0,27,1,14,32,24,12772,5945,2.148359966358284,49,2458,20,32,864,144,10,2,12,8,888,896,1536,2,1,1,1,8,4,0,8,8,0.000308674000001119,0.0011060210000000126,0.0022480770000008476,0.002607377000000355,0.0007439780000009222,0.000797848999999573
G294,deterministic structured generated case,generated,True,6,0,41,2,17,64,32,29195,10811,2.700490241420775,99,4470,48,128,2624,640,34,14,16,64,2688,2752,5440,4,2,3,1,13,4,1,2,6,0.000743506999999255,0.003785877000000326,0.007195459000000071,0.008731947999999434,0.00242296999999958,0.003423052999998788
G295,deterministic structured generated case,generated,True,1,1,14,1,2,4,2,1653,1745,0.9472779369627508,18,874,3,4,56,8,2,2,0,0,60,60,80,2,1,1,1,0,0,0,0,0,0.00012206300000094927,0.00021171799999919472,0.0002759440000001945,0.0002810320000001809,0.00012131199999920739,0.0001190189999995539
G296,deterministic structured generated case,generated,True,2,1,25,2,7,8,2,3518,3094,1.1370394311570782,35,1732,10,16,200,42,2,2,4,8,208,216,330,2,1,1,1,2,1,0,4,4,0.00017080699999993953,0.00035739700000014807,0.000684277999999594,0.0007342540000010445,0.00025398100000018076,0.00030162399999866807
G297,deterministic structured generated case,generated,True,3,1,24,1,5,16,4,5166,3103,1.6648404769577827,36,1450,8,16,384,52,4,0,4,8,392,400,660,2,1,2,0,2,1,1,2,2,0.0002601709999989765,0.0004915179999986918,0.001282275999999527,0.001185571000000607,0.00025977099999963116,0.0003253590000014128
G298,deterministic structured generated case,generated,True,4,1,34,2,17,32,12,14861,8041,1.8481532147742818,80,3922,40,64,1088,268,27,9,12,16,1136,1152,1996,4,2,3,1,8,3,1,1,1,0.0004020039999996783,0.002435838999998552,0.003423673000000349,0.004516776000000888,0.0018364889999986644,0.002220024999999737
G299,deterministic structured generated case,generated,True,5,1,22,1,4,64,24,18689,4798,3.8951646519383076,38,1749,15,64,1408,288,16,8,24,16,1456,1472,2560,2,1,2,0,6,3,1,0,0,0.0003745019999996657,0.001475808000000356,0.004330566000000147,0.004006278999998614,0.0007829360000002339,0.0008711290000000815
G300,deterministic structured generated case,generated,True,6,1,36,2,14,128,32,55069,10641,5.175171506437365,85,4142,45,256,4608,1216,52,44,32,128,4736,4864,9408,2,1,2,0,7,4,1,0,0,0.001051230000001624,0.006834457999998378,0.013409705000000827,0.016169702000000896,0.00369679399999967,0.006164972000000546
G301,deterministic structured generated case,generated,True,4,2,24,1,17,64,16,21765,6372,3.4157250470809792,55,3037,31,64,1536,320,64,0,0,0,1600,1600,2560,2,1,1,1,8,4,0,0,1,0.0004998509999989409,0.0031857559999988183,0.003894210000000342,0.0058156369999995405,0.0026771719999985066,0.002562089000001322
G302,deterministic structured generated case,generated,True,4,2,27,2,6,64,16,23994,4923,4.873857404021938,39,1791,11,128,1728,424,60,0,68,0,1856,1856,3152,4,2,3,1,6,2,1,2,2,0.00048639000000072485,0.0018858230000002862,0.004862525000000062,0.005355785999999085,0.0013374590000001518,0.0014428080000001842
G303,deterministic structured generated case,generated,True,3,2,27,1,14,32,4,11256,4882,2.305612453912331,56,2848,27,32,864,144,6,2,8,16,880,896,1552,2,1,2,0,4,2,1,7,7,0.0002925999999998652,0.0010506580000004817,0.0024002759999994794,0.0026129849999989574,0.000703026000000051,0.0007998019999995165
G304,deterministic structured generated case,generated,True,4,2,28,2,7,64,12,24680,4601,5.364051293197131,41,2053,13,128,1792,384,48,32,16,32,1888,1920,3072,4,2,2,2,6,2,0,3,3,0.004172207999999955,0.0027675879999993214,0.004412599000000128,0.006093043999999992,0.0015577000000011054,0.0023449529999997054
G305,deterministic structured generated case,generated,True,5,2,31,1,7,128,24,40531,5535,7.322673893405601,49,1920,11,128,3968,384,24,8,64,32,4064,4096,6976,2,1,1,1,6,3,0,3,3,0.0008930320000004599,0.003092515999998824,0.009318869000001229,0.01020950799999909,0.0011180799999994662,0.0018757579999988394
G306,deterministic structured generated case,generated,True,6,2,36,2,10,256,32,100211,9121,10.986843547856594,73,3256,31,512,9216,2432,128,64,64,256,9472,9728,19072,4,2,3,1,8,3,1,2,2,0.0017980620000006553,0.01118435199999901,0.02665076799999966,0.029517224000001008,0.006440776999999898,0.00974838499999997
G307,deterministic structured generated case,generated,True,1,0,17,1,3,2,2,1409,1985,0.7098236775818639,21,958,3,2,34,4,2,0,0,0,36,36,48,2,1,1,1,2,1,0,0,0,0.00010905399999927567,0.00014157300000050554,0.00021552299999960667,0.00021211900000039918,0.00011697600000104558,0.0001002610000000459
G308,deterministic structured generated case,generated,True,2,0,27,2,6,4,2,2392,2848,0.8398876404494382,33,1558,6,8,108,18,0,1,3,4,112,116,174,0,0,0,0,0,0,0,5,8,0.00014894399999931807,0.00020854299999939485,0.00045114800000156663,0.0004236770000005663,0.00016808200000006934,0.00017632500000175355
G309,deterministic structured generated case,generated,True,3,0,15,1,2,8,4,2414,2136,1.1301498127340823,24,1048,7,8,120,28,2,0,2,4,124,128,220,2,1,1,1,2,1,0,0,0,0.00010572899999949925,0.0002313279999999196,0.00046376700000116955,0.00047863900000066906,0.00014097200000051657,0.00015446200000113208
G310,deterministic structured generated case,generated,True,4,0,33,2,10,16,12,8720,5830,1.495711835334477,58,2900,25,32,528,124,11,7,6,8,552,560,956,4,2,3,1,10,3,1,2,13,0.0002900050000000931,0.0009272229999996995,0.001582077000000126,0.0019161390000004275,0.0006588399999998273,0.0008161360000009665
G311,deterministic structured generated case,generated,True,4,0,22,1,17,16,16,7482,6211,1.2046369344710997,53,2968,31,16,352,80,16,0,0,0,368,368,576,2,1,1,1,8,4,0,0,1,0.00021898900000039134,0.0009151949999992581,0.0011364379999996288,0.001530438999999717,0.0008067920000005557,0.0007561359999996853
G312,deterministic structured generated case,generated,True,4,0,27,2,6,16,16,8351,5177,1.6130963878694224,43,1889,13,32,432,106,23,0,9,0,464,464,756,4,2,3,1,8,2,1,0,0,0.00024933499999946207,0.0007190600000015479,0.0013557960000003533,0.0015717209999994708,0.0005991999999999109,0.0005756439999995422
G313,deterministic structured generated case,generated,True,1,1,16,1,3,4,2,1896,2105,0.9007125890736342,22,927,3,4,64,8,4,0,0,0,68,68,92,2,1,1,1,0,0,0,0,0,0.00010390599999965389,0.0001765349999995891,0.00028426699999961613,0.0002946820000016004,0.00011972999999976253,0.0001163350000012997
G314,deterministic structured generated case,generated,True,2,1,23,2,6,8,2,3346,3062,1.092749836708034,34,1748,12,16,184,44,3,1,4,8,192,200,308,4,2,2,2,4,1,0,2,2,0.00014481699999890907,0.00032519900000060886,0.0006030060000004056,0.0006673020000000918,0.0002576669999996284,0.0003365149999989825
G315,deterministic structured generated case,generated,True,3,1,20,1,2,16,4,4454,2557,1.7418850215095816,30,1323,9,16,320,56,2,2,4,8,328,336,568,2,1,2,0,4,2,1,0,0,0.0001485839999997296,0.00042096199999974715,0.0009576590000008878,0.0009954560000000612,0.0002274209999999499,0.00027620500000047343
G316,deterministic structured generated case,generated,True,4,1,32,2,13,32,12,15032,6948,2.1635002878526195,65,3375,33,64,1024,260,28,8,12,16,1072,1088,1892,4,2,3,1,10,3,1,1,8,0.0004184390000006033,0.00177164200000135,0.0027790949999992876,0.0035968840000002444,0.001373352999999966,0.001566533000000092
G317,deterministic structured generated case,generated,True,5,1,24,1,8,64,24,19614,5084,3.8579858379228953,40,1930,15,64,1536,288,16,8,24,16,1584,1600,2752,2,1,1,1,6,3,0,4,4,0.00037872899999946696,0.0018453120000003764,0.0038346899999996964,0.0044914570000003096,0.0009681550000006922,0.0012091370000000268
G318,deterministic structured generated case,generated,True,6,1,31,2,11,128,32,47291,9078,5.209407358448997,70,3319,35,256,3968,1152,80,16,32,128,4096,4224,8576,4,2,4,0,13,4,2,0,0,0.0009147340000001947,0.0052724009999991495,0.011621710000000007,0.013115062999998983,0.003785317000000177,0.00459195899999898
G319,deterministic structured generated case,generated,True,1,2,21,1,3,8,2,3172,2433,1.3037402383888204,26,1076,3,8,168,16,8,0,0,0,176,176,248,2,1,1,1,0,0,0,0,1,0.00013345099999995114,0.00027833799999932296,0.0005172469999994433,0.0005415939999995345,0.0001766649999996872,0.00018930499999925132
G320,deterministic structured generated case,generated,True,2,2,33,2,10,16,2,7158,3682,1.9440521455730582,41,1951,8,32,528,76,4,0,12,16,544,560,860,2,1,1,1,2,1,0,7,11,0.00022500900000110846,0.0005331809999997716,0.0012873540000004624,0.001413013000000518,0.0003996399999994793,0.0004214830000002223
G321,deterministic structured generated case,generated,True,4,2,24,1,17,64,16,21765,6372,3.4157250470809792,55,3037,31,64,1536,320,64,0,0,0,1600,1600,2560,2,1,1,1,8,4,0,0,1,0.0004679319999993936,0.003058734999999757,0.0037152620000000525,0.005463006999999465,0.002579394999999707,0.0023998149999986396
G322,deterministic structured generated case,generated,True,4,2,29,2,10,64,16,24808,5527,4.488510946263796,46,2124,14,128,1856,424,60,0,68,0,1984,1984,3344,4,2,3,1,8,2,1,4,6,0.0005164660000005483,0.002746106000000026,0.004706009999999594,0.0061183619999987116,0.0022482469999989263,0.002289068000001393
G323,deterministic structured generated case,generated,True,5,2,25,1,4,128,24,37500,4439,8.447848614552827,33,1471,7,128,3200,352,16,16,64,32,3296,3328,5536,2,1,1,1,4,2,0,2,2,0.0006252700000004552,0.002576920999999288,0.007442511000000707,0.008089963999999839,0.0009289549999991209,0.0016082760000006857
G324,deterministic structured generated case,generated,True,6,2,34,2,11,256,32,96983,9728,9.969469572368421,76,3536,38,512,8704,2496,160,32,64,256,8960,9216,18368,4,2,3,1,11,3,1,0,0,0.0017236199999999258,0.010405902999998773,0.025731296000000015,0.02705701800000071,0.0073514839999990755,0.009122465000000801
G325,deterministic structured generated case,generated,True,1,0,17,1,2,2,2,1303,1855,0.7024258760107817,20,954,3,2,34,4,1,1,0,0,36,36,48,2,1,1,1,2,1,0,0,0,9.722599999939519e-05,0.00013088700000096765,0.0001925089999996743,0.00022142200000097034,9.259900000024857e-05,9.270900000046822e-05
G326,deterministic structured generated case,generated,True,2,0,21,2,5,4,2,2057,2418,0.8507030603804797,27,1325,6,8,84,18,1,0,3,4,88,92,134,2,1,1,1,2,1,0,3,3,0.00011799800000034111,0.00016693999999972675,0.0003203020000004386,0.00034981499999986454,0.0001467510000008332,0.00013543299999874137
G327,deterministic structured generated case,generated,True,3,0,23,1,8,8,4,3266,2998,1.0893929286190793,33,1553,9,8,184,28,2,0,2,4,188,192,316,2,1,2,0,4,2,1,5,6,0.00014365600000054712,0.00030001000000012823,0.0006515579999994969,0.0006168469999998649,0.0001871910000001975,0.0002005220000000918
G328,deterministic structured generated case,generated,True,4,0,29,2,17,16,12,8551,6033,1.4173711254765458,56,3108,27,32,464,116,14,6,4,8,488,496,836,4,2,2,2,12,4,0,7,8,0.0002546730000005937,0.0011427969999999732,0.001514705000001726,0.0019978219999998714,0.000788424000001342,0.0010338330000010387
G329,deterministic structured generated case,generated,True,5,0,25,1,7,32,24,11549,4868,2.372432210353328,39,1821,12,32,800,112,4,4,16,8,824,832,1408,2,1,1,1,6,3,0,4,4,0.00028406699999905527,0.0008469120000000885,0.0020591640000002798,0.002251493000001048,0.0004338219999997506,0.0005565559999993752
G330,deterministic structured generated case,generated,True,6,0,33,2,5,64,32,26038,8229,3.1641754769716854,63,2555,24,128,2112,608,44,4,16,64,2176,2240,4384,4,2,2,2,6,3,0,0,2,0.0005838570000005205,0.002429449999999278,0.005922076999999248,0.006418923000000021,0.0015769890000001396,0.0019816069999993857
G331,deterministic structured generated case,generated,True,4,1,23,1,17,32,16,12135,6291,1.9289461134954697,54,3002,31,32,736,160,32,0,0,0,768,768,1216,2,1,1,1,8,4,0,0,1,0.00030097299999987115,0.0015812349999997366,0.0019569090000004508,0.0027921839999986986,0.001383397999999758,0.001299531999999104
G332,deterministic structured generated case,generated,True,4,1,30,2,10,32,16,14418,5307,2.7167891464104015,45,2159,14,64,960,212,30,0,34,0,1024,1024,1736,4,2,3,1,10,3,1,4,4,0.0003267810000000537,0.0013235879999999867,0.0024552880000001664,0.0030128459999989587,0.0009949949999992214,0.0010111389999991616
G333,deterministic structured generated case,generated,True,3,1,22,1,8,16,4,5094,3248,1.5683497536945812,35,1687,12,16,352,56,4,0,4,8,360,368,616,2,1,2,0,4,2,1,3,3,0.0001738519999996413,0.0004642470000000287,0.0010173990000001965,0.0010777889999999957,0.0002739919999985574,0.0003159250000006608
G334,deterministic structured generated case,generated,True,4,1,25,2,9,32,12,13248,5826,2.27394438722966,50,2618,25,64,800,256,30,6,12,16,848,864,1472,4,2,3,1,6,2,1,0,1,0.00032571899999922493,0.0014946560000002052,0.00221577900000014,0.00294572500000001,0.0012387309999990492,0.0012707990000002667
G335,deterministic structured generated case,generated,True,5,1,28,1,14,64,24,23317,6531,3.570203644158628,51,2612,22,64,1792,280,20,4,24,16,1840,1856,3192,2,1,2,0,6,3,1,6,6,0.0005085539999996058,0.0020362990000002412,0.004224155999999368,0.0050980890000005274,0.0012284749999995626,0.001435766999998478
G336,deterministic structured generated case,generated,True,6,1,44,2,20,128,32,65491,12901,5.076428183861716,100,4893,52,256,5632,1248,84,12,32,128,5760,5888,11488,4,2,4,0,11,4,2,2,23,0.0012814649999999261,0.007211854999999545,0.014735037000001228,0.018138779999999244,0.005443208000000865,0.006715278999999796
G337,deterministic structured generated case,generated,True,1,2,25,1,8,8,2,4058,3784,1.0724101479915433,40,2002,15,8,200,32,7,1,0,0,208,208,320,2,1,1,1,2,1,0,0,1,0.0001656289999996119,0.0003889740000015962,0.000651099000000599,0.0007454200000012179,0.00031007599999988145,0.00030776200000026677
G338,deterministic structured generated case,generated,True,2,2,35,2,8,16,2,7244,4376,1.6553930530164533,55,2254,14,32,560,96,6,2,8,16,576,592,960,4,2,2,2,4,1,0,4,4,0.00024687099999987083,0.0006212029999996815,0.001474825999999041,0.0019174709999987272,0.00046814400000094736,0.0005272520000012548
G339,deterministic structured generated case,generated,True,3,2,25,1,7,32,4,10415,3436,3.031140861466822,38,1806,12,32,800,112,6,2,8,16,816,832,1424,2,1,2,0,4,2,1,3,3,0.00024798299999950757,0.0008807429999997396,0.0021272859999985627,0.0023221979999998865,0.00044001100000023996,0.0006728809999998475
G340,deterministic structured generated case,generated,True,4,2,31,2,15,64,12,25512,6082,4.194672804998356,57,2951,24,128,1984,464,48,32,16,32,2080,2112,3472,4,2,2,2,8,3,0,7,9,0.0005672519999997405,0.004904168000001263,0.005070266999998907,0.008472217000001336,0.003024012999999215,0.004447620999998847
G341,deterministic structured generated case,generated,True,4,2,24,1,17,64,16,21765,6372,3.4157250470809792,55,3037,31,64,1536,320,64,0,0,0,1600,1600,2560,2,1,1,1,8,4,0,0,1,0.0005027050000006028,0.003182350999999528,0.00392042900000078,0.005760593999999841,0.0027619489999999303,0.0025246119999984273
G342,deterministic structured generated case,generated,True,4,2,24,2,4,64,16,23609,4555,5.183095499451152,34,1559,9,128,1536,360,92,0,36,0,1664,1664,2768,4,2,3,1,6,2,1,0,0,0.00043591399999876046,0.002122297999999745,0.0042815929999999724,0.005087832999999264,0.0015452509999995812,0.0016066439999988802
G343,deterministic structured generated case,generated,True,1,0,17,1,3,2,2,1386,1938,0.7151702786377709,20,953,3,2,34,4,2,0,0,0,36,36,48,2,1,1,1,2,1,0,0,0,9.865800000063984e-05,0.00013294000000030337,0.0001976270000003666,0.000222243999999705,9.89990000004326e-05,9.385100000081081e-05
G344,deterministic structured generated case,generated,True,2,0,22,2,7,4,2,2159,2524,0.8553882725832013,27,1408,6,8,88,18,1,0,3,4,92,96,146,2,1,1,1,2,1,0,5,5,0.000129354000000248,0.00018646000000011043,0.0003602810000007395,0.00038886400000137655,0.00016599000000105946,0.00015611399999926334
G345,deterministic structured generated case,generated,True,3,0,25,1,7,8,4,3476,3126,1.1119641714651312,35,1588,9,8,200,28,2,0,2,4,204,208,348,2,1,2,0,4,2,1,4,4,0.00015377099999902555,0.00030515899999983276,0.0007077030000015583,0.0006748640000004968,0.00019428199999893536,0.00022458800000002554
G346,deterministic structured generated case,generated,True,4,0,26,2,10,16,12,7685,5701,1.3480091212068057,55,2896,29,32,416,130,14,4,6,8,440,448,770,4,2,4,0,12,3,2,0,2,0.0002293840000007208,0.0008630669999991625,0.0013557570000006791,0.0016705100000002915,0.0007144530000005034,0.0007598820000005446
G347,deterministic structured generated case,generated,True,5,0,25,1,8,32,24,11398,5239,2.175606031685436,41,1780,12,32,800,116,12,0,12,8,824,832,1380,2,1,2,0,6,3,1,3,3,0.0002800710000006035,0.0009093559999993062,0.002028837999999311,0.0023085179999995376,0.0005335419999994429,0.0005876429999993604
G348,deterministic structured generated case,generated,True,6,0,35,2,8,64,32,27016,8866,3.0471464019851116,72,2958,29,128,2240,608,44,4,16,64,2304,2368,4640,4,2,3,1,10,3,1,0,3,0.0006275929999990382,0.0026339770000003426,0.00643055099999934,0.0068487990000001275,0.0019089279999988662,0.002188789000001634
G349,deterministic structured generated case,generated,True,1,1,22,1,4,4,2,2137,2873,0.7438217890706579,35,1354,7,4,88,12,3,1,0,0,92,92,140,2,1,1,1,2,1,0,0,0,0.0001231149999991743,0.00022717199999888749,0.000353361000000163,0.0003685630000003215,0.00015326099999946052,0.00017733600000013894
G350,deterministic structured generated case,generated,True,2,1,25,2,7,8,2,3541,3118,1.1356638871071199,35,1738,10,16,200,42,2,2,4,8,208,216,338,2,1,1,1,2,1,0,4,5,0.00015702600000011557,0.00031491300000041633,0.0006485649999987686,0.0007557649999991867,0.000245899999999466,0.0002774869999999652
G351,deterministic structured generated case,generated,True,4,1,23,1,17,32,16,12135,6291,1.9289461134954697,54,3002,31,32,736,160,32,0,0,0,768,768,1216,2,1,1,1,8,4,0,0,1,0.0002953229999995699,0.0016063529999996717,0.0019651420000013076,0.0028008469999996066,0.0013707689999993278,0.001282115999998723
G352,deterministic structured generated case,generated,True,4,1,26,2,4,32,16,12719,4584,2.774650959860384,39,1648,10,64,832,196,30,0,34,0,896,896,1464,4,2,3,1,8,2,1,0,0,0.0002716879999997701,0.0009686250000005003,0.0022341960000016314,0.002508579000000566,0.0006886949999991288,0.0007201820000002357
G353,deterministic structured generated case,generated,True,5,1,32,1,8,64,24,22296,5964,3.738430583501006,53,2071,14,64,2048,256,24,0,24,16,2096,2112,3616,2,1,2,0,6,3,1,3,4,0.0005269309999995642,0.0018208350000001872,0.004510656999999085,0.005168133999999824,0.0010882740000006663,0.0011926409999993837
G354,deterministic structured generated case,generated,True,6,1,38,2,14,128,32,57993,10771,5.384179741899545,86,4086,43,256,4864,1184,76,20,32,128,4992,5120,10016,4,2,4,0,13,4,2,0,0,0.0010718210000000283,0.006216579000000166,0.013158307000001201,0.015200745999999654,0.004255363000000401,0.005497648999998717
G355,deterministic structured generated case,generated,True,1,2,19,1,4,8,2,3242,2522,1.2854877081681206,27,1302,7,8,152,24,6,2,0,0,160,160,240,2,1,1,1,2,1,0,0,0,0.00012174299999934135,0.0003904170000001983,0.0004548529999990336,0.0005678129999999726,0.0001920579999996619,0.0002189589999996855
G356,deterministic structured generated case,generated,True,2,2,34,2,20,16,2,7503,4477,1.6758990395354032,48,2472,12,32,544,80,4,0,12,16,560,576,896,2,1,1,1,2,1,0,15,21,0.00025665599999946664,0.0005803819999989912,0.0013890459999998939,0.0015379199999987492,0.000481604000000857,0.0005054289999986139
G357,deterministic structured generated case,generated,True,3,2,29,1,14,32,4,11625,4727,2.459276496720965,51,2582,21,32,928,128,7,1,8,16,944,960,1632,2,1,2,0,4,2,1,6,7,0.0002918380000007659,0.0009561259999983918,0.002549049000000636,0.002562569000000181,0.0005545339999990517,0.0007057100000000815
G358,deterministic structured generated case,generated,True,4,2,35,2,17,64,12,26994,7920,3.408333333333333,76,3712,35,128,2240,512,56,24,16,32,2336,2368,4096,4,2,3,1,8,3,1,4,7,0.00062508899999969,0.004881313000000276,0.005464930000000479,0.008723494999999915,0.0031991159999993357,0.00439724599999991
G359,deterministic structured generated case,generated,True,5,2,29,1,7,128,24,40028,6329,6.32453784168115,51,2300,19,128,3712,416,24,8,64,32,3808,3840,6368,2,1,1,1,4,2,0,0,1,0.0007656600000007785,0.0029589550000004294,0.008258527000000626,0.009245069000000328,0.001193473000000722,0.0018437799999997395
G360,deterministic structured generated case,generated,True,6,2,41,2,30,256,32,103994,12677,8.203360416502328,101,5002,51,512,10496,2496,152,40,64,256,10752,11008,21952,4,2,3,1,10,4,1,12,16,0.0021560789999988117,0.02038512500000067,0.026982786999999675,0.039691980000000626,0.014226772999998971,0.019096237999999488
G361,deterministic structured generated case,generated,True,4,0,22,1,17,16,16,7482,6211,1.2046369344710997,53,2968,31,16,352,80,16,0,0,0,368,368,576,2,1,1,1,8,4,0,0,1,0.0002249079999998571,0.0008933429999995468,0.001131038999998779,0.0014792120000013398,0.0008065510000001552,0.000719240000000454
G362,deterministic structured generated case,generated,True,4,0,32,2,10,16,16,8889,5454,1.62981298129813,48,2249,15,32,512,114,15,0,17,0,544,544,924,4,2,3,1,10,3,1,4,6,0.0002571160000002237,0.000703727999999515,0.0015321919999990996,0.0016535040000000834,0.0005849389999994514,0.0005483840000000129
G363,deterministic structured generated case,generated,True,3,0,19,1,4,8,4,2754,2579,1.0678557580457542,29,1315,9,8,152,28,2,0,2,4,156,160,268,2,1,2,0,4,2,1,1,1,0.0001245270000005405,0.0002526289999984499,0.000547651999999843,0.0005267519999989645,0.00018335499999899696,0.00018067199999904915
G364,deterministic structured generated case,generated,True,4,0,31,2,17,16,12,9084,6621,1.371998187584957,62,3347,31,32,496,120,18,2,4,8,520,528,872,4,2,3,1,10,3,1,4,4,0.0002558839999995399,0.0012295570000002698,0.0013666539999999117,0.0020944460000009713,0.001060262999999395,0.0010754459999997579
G365,deterministic structured generated case,generated,True,5,0,21,1,4,32,24,10362,4510,2.297560975609756,34,1526,11,32,672,120,8,4,12,8,696,704,1192,2,1,1,1,6,3,0,1,1,0.00022788200000078973,0.0007680340000000285,0.0017940759999994782,0.001918262000000226,0.0004264100000010984,0.0004467110000003771
G366,deterministic structured generated case,generated,True,6,0,43,2,26,64,32,30173,11579,2.6058381552811123,107,4705,48,128,2752,608,40,8,16,64,2816,2880,5792,4,2,4,0,14,4,2,11,25,0.0007920400000003269,0.004102452999999784,0.007503553000001162,0.009202695000000816,0.002918734999999728,0.0037159320000004215
G367,deterministic structured generated case,generated,True,1,1,18,1,5,4,2,2064,2446,0.8438266557645135,25,1248,7,4,72,12,4,0,0,0,76,76,108,2,1,1,1,2,1,0,0,0,0.00011587400000045989,0.00020106199999858632,0.00031646499999915534,0.0003272919999997015,0.00015566400000111003,0.00014357599999925696
G368,deterministic structured generated case,generated,True,2,1,31,2,8,8,2,4286,3892,1.1012332990750258,45,2017,12,16,248,44,4,0,4,8,256,264,412,4,2,2,2,4,1,0,3,4,0.0001846380000003478,0.0003350030000000004,0.0007689349999999706,0.0008058510000008567,0.00034145299999899237,0.0002926399999996221
G369,deterministic structured generated case,generated,True,3,1,26,1,7,16,4,5976,3498,1.7084048027444254,39,1823,12,16,416,56,3,1,4,8,424,432,728,2,1,2,0,4,2,1,3,3,0.00019119700000125306,0.0005044180000002285,0.0011371079999999978,0.0012234180000003647,0.0002827749999987361,0.0003717579999999998
G370,deterministic structured generated case,generated,True,4,1,27,2,9,32,12,13103,5554,2.3592005761613253,54,2633,24,64,864,232,26,14,8,16,912,928,1544,4,2,2,2,10,4,0,0,0,0.0003661900000011542,0.0014739050000009968,0.002292873999998335,0.0030280590000000274,0.000954454000000382,0.0012925219999999626
G371,deterministic structured generated case,generated,True,4,1,23,1,17,32,16,12135,6291,1.9289461134954697,54,3002,31,32,736,160,32,0,0,0,768,768,1216,2,1,1,1,8,4,0,0,1,0.0003153639999986524,0.0016747959999996453,0.0020668550000007,0.0029429509999996384,0.0014447909999990571,0.0013462729999993428
G372,deterministic structured generated case,generated,True,4,1,34,2,10,32,16,15383,6621,2.323365050596587,62,2628,21,64,1088,244,46,0,18,0,1152,1152,1992,4,2,3,1,10,3,1,0,2,0.00038866300000073295,0.0017666540000007558,0.0028942880000002447,0.003748721999999205,0.0014546650000006878,0.0014598629999991175
G373,deterministic structured generated case,generated,True,1,2,15,1,3,8,2,2698,1838,1.467899891186072,18,917,3,8,120,16,8,0,0,0,128,128,176,2,1,1,1,2,1,0,0,0,0.00010886399999954222,0.00025628499999896803,0.00037095699999945,0.000463787000001048,0.0001494950000004991,0.00015930900000071802
G374,deterministic structured generated case,generated,True,2,2,24,2,9,16,2,6025,3917,1.5381669645136584,44,2238,20,32,384,104,8,0,8,16,400,416,664,4,2,2,2,4,1,0,2,2,0.00019287000000112187,0.000518728999999496,0.001144930000000599,0.0012937940000004033,0.0004843880000002798,0.00043067700000065656
G375,deterministic structured generated case,generated,True,3,2,21,1,4,32,4,8345,2732,3.0545387994143485,31,1420,9,32,672,112,4,4,8,16,688,704,1200,2,1,2,0,2,1,1,2,2,0.00021270900000125437,0.0007817450000011661,0.0019069350000009422,0.00198823699999906,0.0003825250000009106,0.0005079030000008089
G376,deterministic structured generated case,generated,True,4,2,35,2,10,64,12,26979,7551,3.5729042510925706,69,3103,28,128,2240,528,58,22,16,32,2336,2368,4112,4,2,2,2,6,2,0,0,0,0.0006466510000002756,0.003331575000000697,0.005571210000001159,0.00733306699999936,0.0022647819999992436,0.002908389999999983
G377,deterministic structured generated case,generated,True,5,2,25,1,5,128,24,36195,5185,6.980713596914176,39,1655,11,128,3200,384,32,0,64,32,3296,3328,5568,2,1,1,1,4,2,0,0,0,0.0006964959999997689,0.0027564610000005985,0.007915571999999926,0.008521551999999488,0.00121337200000049,0.0016038490000003236
G378,deterministic structured generated case,generated,True,6,2,39,2,8,256,32,109969,10471,10.502244293763729,74,3200,31,512,9984,2560,160,32,64,256,10240,10496,20736,4,2,2,2,6,2,0,0,5,0.0018987729999988545,0.010025941999998622,0.026805890000000332,0.0291434430000006,0.00630242800000147,0.008433138999999201
G379,deterministic structured generated case,generated,True,1,0,17,1,3,2,2,1388,1936,0.7169421487603306,20,953,3,2,34,4,2,0,0,0,36,36,48,2,1,1,1,2,1,0,0,0,0.00010067100000021867,0.0001375569999986226,0.0002188079999996262,0.00020607899999980361,9.747699999884674e-05,9.173699999998064e-05
G380,deterministic structured generated case,generated,True,2,0,35,2,7,4,2,2861,3724,0.7682599355531686,47,1778,6,8,140,18,1,0,3,4,144,148,234,2,1,1,1,2,1,0,5,9,0.00017251900000125886,0.0002416929999995432,0.0005162849999997832,0.0005061009999991484,0.00019126699999993946,0.00018365600000080917
G381,deterministic structured generated case,generated,True,4,0,22,1,17,16,16,7482,6211,1.2046369344710997,53,2968,31,16,352,80,16,0,0,0,368,368,576,2,1,1,1,8,4,0,0,1,0.00022553899999877558,0.0009564169999993766,0.0010765470000002608,0.0015869649999995517,0.0008249189999993689,0.0007237579999994637
G382,deterministic structured generated case,generated,True,4,0,27,2,6,16,16,7984,5077,1.5725822336025213,45,2076,17,32,432,122,15,0,17,0,464,464,788,4,2,3,1,10,3,1,0,2,0.0002282520000012056,0.0006523299999994236,0.0013254309999997105,0.00147727000000053,0.0005522999999989509,0.0005002310000001842
G383,deterministic structured generated case,generated,True,5,0,25,1,4,32,24,10893,4603,2.36650010862481,36,1481,8,32,800,104,8,4,12,8,824,832,1368,2,1,2,0,4,2,1,2,2,0.0002594299999998384,0.0008370370000001515,0.0020461840000010056,0.0022155379999997393,0.0004332509999986911,0.0005159250000001947
G384,deterministic structured generated case,generated,True,6,0,35,2,11,64,32,28406,9308,3.0517834121186076,76,3501,37,128,2240,640,40,8,16,64,2304,2368,4672,4,2,3,1,12,3,1,0,0,0.0006185690000002353,0.0028818099999998736,0.0076889910000002,0.0071809179999995365,0.001994445999999428,0.002487688000000432
G385,deterministic structured generated case,generated,True,1,1,24,1,4,4,2,2270,3031,0.7489277466182778,37,1415,7,4,96,12,3,1,0,0,100,100,152,2,1,1,1,2,1,0,0,0,0.00013549400000023581,0.00021870799999845758,0.0003830960000001937,0.00042215400000067405,0.00016671100000031913,0.0001686030000005445
G386,deterministic structured generated case,generated,True,2,1,29,2,7,8,2,4189,3490,1.2002865329512895,39,1847,10,16,232,42,4,0,4,8,240,248,378,4,2,2,2,4,1,0,3,6,0.00018552900000123884,0.0003149330000002948,0.0006885849999989091,0.0007681940000008325,0.0002853690000002018,0.00026494799999987606
G387,deterministic structured generated case,generated,True,3,1,22,1,5,16,4,4927,2857,1.7245362268113407,32,1445,9,16,352,56,4,0,4,8,360,368,616,2,1,2,0,4,2,1,2,2,0.00016950500000056934,0.0004765560000006275,0.0010161369999988068,0.00107133999999931,0.0002555140000009004,0.00031830799999887915
G388,deterministic structured generated case,generated,True,4,1,33,2,11,32,12,13986,6562,2.1313623895153917,69,3137,30,64,1056,276,30,6,12,16,1104,1120,1908,4,2,4,0,12,3,2,0,0,0.000367922999998882,0.0017129429999993562,0.0026353189999994697,0.0035168040000002065,0.0012872230000002816,0.0014451810000011278
G389,deterministic structured generated case,generated,True,5,1,24,1,7,64,24,19596,5074,3.8620417816318486,40,1901,15,64,1536,304,18,6,24,16,1584,1600,2768,2,1,1,1,6,3,0,3,3,0.0003783689999998785,0.001747484999999216,0.0038180560000000696,0.0043552029999993636,0.0009028470000007616,0.001112471000000781
G390,deterministic structured generated case,generated,True,6,1,32,2,10,128,32,48113,9017,5.335810136409005,72,3398,36,256,4096,1184,72,24,32,128,4224,4352,8736,4,2,3,1,12,3,1,0,0,0.0009149550000007167,0.005329916999999185,0.012221059999999895,0.013275494000000165,0.003583423000000252,0.004601732999999442
G391,deterministic structured generated case,generated,True,4,2,24,1,17,64,16,21765,6372,3.4157250470809792,55,3037,31,64,1536,320,64,0,0,0,1600,1600,2560,2,1,1,1,8,4,0,0,1,0.0004943529999987817,0.003114849999999336,0.0038395080000004356,0.005763078000001087,0.0026372220000006052,0.0025119140000011697
G392,deterministic structured generated case,generated,True,4,2,31,2,10,64,16,25577,6569,3.893591109757954,63,2891,29,128,1984,552,60,0,68,0,2112,2112,3664,4,2,3,1,10,3,1,0,0,0.000563026000000022,0.0022984630000006945,0.0053590109999994695,0.006099553000000313,0.0018578009999998812,0.0018480360000001639
G393,deterministic structured generated case,generated,True,3,2,23,1,4,32,4,9007,3296,2.7327063106796117,39,1768,15,32,736,128,6,2,8,16,752,768,1312,2,1,2,0,4,2,1,0,0,0.00022831299999914734,0.0008049500000009147,0.002037840999999929,0.002110861999998548,0.0004466609999997928,0.0005415439999989502
G394,deterministic structured generated case,generated,True,4,2,31,2,11,64,12,26998,7142,3.7801736208345003,58,3008,28,128,1984,512,68,12,16,32,2080,2112,3648,4,2,4,0,6,2,2,0,12,0.004161342000001511,0.00322024799999987,0.005074274000000045,0.006781266999999147,0.0024850940000007427,0.00281416800000045
G395,deterministic structured generated case,generated,True,5,2,19,1,2,128,24,31957,3961,8.067912143398132,26,1103,5,128,2432,320,32,0,64,32,2528,2560,4352,2,1,1,1,2,1,0,0,0,0.0004958449999996617,0.0022844019999990195,0.006517921000000371,0.00693061199999967,0.0008591909999999814,0.0011877249999994177
G396,deterministic structured generated case,generated,True,6,2,45,2,10,256,32,112649,9579,11.759995824198768,85,3394,30,512,11520,2432,144,48,64,256,11776,12032,23168,4,2,4,0,12,4,2,3,7,0.002141917999999521,0.011934338999999738,0.029191324000001018,0.033428849999999954,0.007393818000000607,0.010527654999998859
G397,deterministic structured generated case,generated,True,1,0,17,1,3,2,2,1386,1938,0.7151702786377709,20,953,3,2,34,4,2,0,0,0,36,36,48,2,1,1,1,2,1,0,0,0,0.00010399599999999509,0.00013951999999939346,0.0002004509999995463,0.00022958499999958804,0.00010326499999990801,9.596499999986463e-05
G398,deterministic structured generated case,generated,True,2,0,27,2,8,4,2,2404,2962,0.8116137744767049,35,1604,6,8,108,18,0,1,3,4,112,116,174,0,0,0,0,0,0,0,7,12,0.00015290900000053398,0.00021797700000014686,0.0004470720000000483,0.0004370060000002951,0.00017208799999934854,0.00020476799999968875
G399,deterministic structured generated case,generated,True,3,0,23,1,3,8,4,3047,2910,1.0470790378006873,35,1398,9,8,184,28,2,0,2,4,188,192,316,2,1,2,0,4,2,1,0,0,0.00014639000000116198,0.0002812419999997928,0.0006193510000009894,0.0006210329999998265,0.00020356600000148717,0.0002057289999992662
G400,deterministic structured generated case,generated,True,4,0,31,2,9,16,12,8459,5247,1.6121593291404612,48,2379,17,32,496,100,16,4,4,8,520,528,868,4,2,3,1,8,3,1,3,6,0.00025443200000019317,0.0010189199999999232,0.0013733130000002092,0.0018999639999996987,0.0007283339999997196,0.000854824000001031
G401,deterministic structured generated case,generated,True,4,0,22,1,17,16,16,7482,6211,1.2046369344710997,53,2968,31,16,352,80,16,0,0,0,368,368,576,2,1,1,1,8,4,0,0,1,0.00022404599999958918,0.0009337330000001032,0.0011622360000007603,0.0015837389999990847,0.0008455000000004986,0.000749966000000768
G402,deterministic structured generated case,generated,True,4,0,24,2,4,16,16,7959,4551,1.7488464073829928,34,1550,9,32,384,90,23,0,9,0,416,416,676,4,2,3,1,6,2,1,0,0,0.0002139720000009504,0.000678699999999921,0.001243777999999196,0.0014521309999988574,0.0005103070000007648,0.0004968969999996631
G403,deterministic structured generated case,generated,True,1,1,22,1,4,4,2,2331,2730,0.8538461538461538,30,1383,7,4,88,12,3,1,0,0,92,92,136,2,1,1,1,2,1,0,0,0,0.00012780199999973263,0.00021465300000045318,0.0003772569999984654,0.00038234400000014546,0.0001606820000006337,0.00016124200000078304
G404,deterministic structured generated case,generated,True,2,1,25,2,7,8,2,3429,3080,1.1133116883116883,36,1767,10,16,200,42,1,3,4,8,208,216,330,2,1,1,1,2,1,0,5,5,0.00016287499999911859,0.00034101199999980736,0.0006569069999997623,0.0007444389999999856,0.00028161300000029144,0.000300520999999776
G405,deterministic structured generated case,generated,True,3,1,24,1,7,16,4,5648,3026,1.8664904163912757,34,1568,8,16,384,52,2,2,4,8,392,400,676,2,1,2,0,4,2,1,5,5,0.0002069299999991614,0.00048634000000014055,0.001081845999999942,0.001186952999999491,0.00025439200000043627,0.00034114199999990547
G406,deterministic structured generated case,generated,True,4,1,26,2,10,32,12,13071,5936,2.2019878706199463,56,2957,30,64,832,244,29,7,12,16,880,896,1524,4,2,4,0,10,3,2,0,1,0.0003682730000011958,0.0014824689999990426,0.0023357290000003417,0.0030199169999995945,0.0011878049999989315,0.0012760769999999866
G407,deterministic structured generated case,generated,True,5,1,22,1,5,64,24,19286,5260,3.666539923954373,36,1665,13,64,1408,280,24,0,24,16,1456,1472,2552,2,1,1,1,4,2,0,0,0,0.00035536399999891444,0.0015329030000010846,0.003668872000000434,0.004038868000000306,0.0007880440000000988,0.0008752249999997019
G408,deterministic structured generated case,generated,True,6,1,39,2,20,128,32,59112,12398,4.767865784804001,102,5173,59,256,4992,1344,76,20,32,128,5120,5248,10304,4,2,3,1,14,4,1,0,8,0.0011513500000006616,0.007535630999999654,0.013780222000001174,0.0172427639999988,0.0051409630000005535,0.006978022000000195
G409,deterministic structured generated case,generated,True,1,2,15,1,3,8,2,2732,1981,1.3791014639071175,19,912,3,8,120,16,8,0,0,0,128,128,176,2,1,1,1,0,0,0,0,0,0.0001106760000002538,0.00028101200000030246,0.00040482800000063435,0.0004477429999987237,0.00017381099999980165,0.0001577770000000811
G410,deterministic structured generated case,generated,True,2,2,28,2,7,16,2,6695,3778,1.7721016410799364,42,1957,13,32,448,92,8,0,8,16,464,480,764,4,2,2,2,2,1,0,2,2,0.00020735200000032705,0.0005238369999993608,0.0014007839999994331,0.0013689059999997255,0.00044177300000036723,0.0004316690000010226
G411,deterministic structured generated case,generated,True,4,2,24,1,17,64,16,21765,6372,3.4157250470809792,55,3037,31,64,1536,320,64,0,0,0,1600,1600,2560,2,1,1,1,8,4,0,0,1,0.0005020540000000295,0.0031224109999996585,0.003891036000000625,0.005661996000000613,0.0026526449999995094,0.0025023789999991664
G412,deterministic structured generated case,generated,True,4,2,26,2,6,64,16,23585,5123,4.603747804021081,41,1925,14,128,1664,424,60,0,68,0,1792,1792,3024,4,2,3,1,8,2,1,0,0,0.0004919489999988258,0.0020475159999993053,0.004504626999999317,0.005259281000000726,0.0015627380000005076,0.0016090470000005297
G413,deterministic structured generated case,generated,True,5,2,31,1,14,128,24,40771,6568,6.207521315468941,57,2528,19,128,3968,416,28,4,64,32,4064,4096,7008,2,1,1,1,6,3,0,6,6,0.0008720699999997805,0.00318684700000027,0.009071027000000953,0.010218770999999904,0.0013867839999992526,0.002063420000000704
G414,deterministic structured generated case,generated,True,6,2,38,2,14,256,32,106703,10865,9.82080073630925,85,4099,44,512,9728,2368,152,40,64,256,9984,10240,20032,4,2,4,0,12,4,2,0,7,0.0018775910000012885,0.01176726799999983,0.027254594999998716,0.030774562000001282,0.00811440999999924,0.010313625000000215
G415,deterministic structured generated case,generated,True,1,0,17,1,2,2,2,1303,1855,0.7024258760107817,20,954,3,2,34,4,1,1,0,0,36,36,48,2,1,1,1,2,1,0,0,0,0.00011495199999878025,0.00013401199999840685,0.0002004909999993032,0.00020254400000041528,9.746699999979569e-05,9.280899999986048e-05
G416,deterministic structured generated case,generated,True,2,0,31,2,7,4,2,2576,3449,0.7468831545375472,44,1654,6,8,124,18,1,0,3,4,128,132,206,2,1,1,1,2,1,0,5,6,0.00016621999999877346,0.00022185299999932795,0.0004764460000004078,0.0004808720000006872,0.00018753199999999026,0.00022774199999986422
G417,deterministic structured generated case,generated,True,3,0,25,1,8,8,4,3540,3195,1.107981220657277,36,1620,9,8,200,28,2,0,2,4,204,208,348,2,1,2,0,4,2,1,5,5,0.00016344500000009532,0.0003019940000008603,0.000686632000000742,0.0006696660000002908,0.0002194200000005253,0.00022331500000127846
G418,deterministic structured generated case,generated,True,4,0,27,2,6,16,12,7477,4888,1.5296644844517184,47,2164,18,32,432,124,15,3,6,8,456,464,764,4,2,3,1,8,2,1,0,0,0.00024430700000088734,0.0007354750000008181,0.0012746139999997297,0.0015081949999995459,0.0005557249999998959,0.0005698960000000142
G419,deterministic structured generated case,generated,True,5,0,21,1,4,32,24,10078,4302,2.3426313342631335,30,1349,8,32,672,104,8,0,16,8,696,704,1176,2,1,1,1,4,2,0,1,1,0.00023215899999939893,0.0007246490000003547,0.0018015859999991335,0.0019480559999998093,0.0003591689999993264,0.0004038069999996452
G420,deterministic structured generated case,generated,True,6,0,40,2,15,64,32,31221,9942,3.1403138201569103,83,3748,37,128,2560,608,44,4,16,64,2624,2688,5088,4,2,3,1,10,4,1,6,9,0.0007021950000005717,0.0031066069999994284,0.0068833399999999045,0.007875931999999253,0.0022723839999994055,0.002677633000001123
G421,deterministic structured generated case,generated,True,4,1,23,1,17,32,16,12135,6291,1.9289461134954697,54,3002,31,32,736,160,32,0,0,0,768,768,1216,2,1,1,1,8,4,0,0,1,0.00028584900000083735,0.00161421500000003,0.001979132999998967,0.0028484490000000307,0.0013943140000005627,0.0012953870000007583
G422,deterministic structured generated case,generated,True,4,1,23,2,4,32,16,12018,4303,2.792935161515222,34,1565,10,64,736,196,30,0,34,0,800,800,1368,4,2,3,1,8,2,1,0,0,0.0002552439999998768,0.0009747939999993349,0.002219053999999332,0.002459435000000454,0.000718188999998759,0.0007284150000010925
G423,deterministic structured generated case,generated,True,3,1,26,1,4,16,4,5819,3133,1.8573252473667412,36,1541,9,16,416,56,4,0,4,8,424,432,728,2,1,2,0,4,2,1,1,1,0.00018538900000031333,0.00046958499999938397,0.0011225069999998283,0.0011655909999994662,0.00025417199999999696,0.00030896399999846835
G424,deterministic structured generated case,generated,True,4,1,30,2,7,32,12,13593,5350,2.540747663551402,51,2424,20,64,960,224,30,6,12,16,1008,1024,1696,4,2,3,1,8,2,1,1,5,0.00037826799999862715,0.0013495770000009344,0.0023041819999995994,0.0030073779999995054,0.001019251000000665,0.0011457820000000396
G425,deterministic structured generated case,generated,True,5,1,28,1,7,64,24,21409,6298,3.399333121625913,54,2450,23,64,1792,312,18,6,24,16,1840,1856,3160,2,1,2,0,6,3,1,0,1,0.00043139799999991624,0.0017282760000014719,0.004151787999999712,0.004860562000001067,0.0009060109999996513,0.0011227769999990755
G426,deterministic structured generated case,generated,True,6,1,34,2,10,128,32,50134,8300,6.040240963855422,67,3079,29,256,4352,1152,56,40,32,128,4480,4608,9088,4,2,3,1,11,4,1,4,4,0.0009527609999988584,0.005678971000000033,0.012242372000001112,0.0139647889999992,0.003402691999999874,0.004994353000000729
G427,deterministic structured generated case,generated,True,1,2,21,1,5,8,2,3291,2677,1.229361225252148,28,1344,7,8,168,24,8,0,0,0,176,176,256,2,1,1,1,2,1,0,0,1,0.0001381479999995605,0.0002982679999998794,0.0005291750000004924,0.000562764999999743,0.00023992100000036487,0.00021125700000013126
G428,deterministic structured generated case,generated,True,2,2,32,2,9,16,2,6760,3507,1.9275734245794125,40,1908,8,32,512,76,2,2,12,16,528,544,844,2,1,1,1,2,1,0,7,10,0.00022076099999956966,0.0005256789999990019,0.0012510999999992833,0.0013897979999999421,0.000356936999999391,0.0004218329999989834
G429,deterministic structured generated case,generated,True,3,2,27,1,7,32,4,9857,3644,2.7049945115257956,41,1830,12,32,864,112,6,2,8,16,880,896,1488,2,1,2,0,2,1,1,3,4,0.00025911899999897514,0.000848975999998558,0.0021236000000008914,0.0022882279999993926,0.00044689200000114226,0.0005893249999999739
G430,deterministic structured generated case,generated,True,4,2,35,2,14,64,12,26654,7282,3.660258170832189,70,3151,27,128,2240,480,68,12,16,32,2336,2368,4128,4,2,3,1,8,2,1,3,9,0.0006384889999999643,0.0037833239999987,0.005423928999999106,0.007585825999999685,0.00290524399999903,0.003334960000000109
G431,deterministic structured generated case,generated,True,4,2,24,1,17,64,16,21765,6372,3.4157250470809792,55,3037,31,64,1536,320,64,0,0,0,1600,1600,2560,2,1,1,1,8,4,0,0,1,0.0004981390000011743,0.0030571229999996063,0.003700638999999839,0.005482365999998962,0.002584802999999525,0.0024591749999984813
G432,deterministic structured generated case,generated,True,4,2,26,2,6,64,16,24669,5056,4.879153481012659,40,1879,13,128,1664,424,92,0,36,0,1792,1792,3024,4,2,3,1,8,2,1,0,0,0.00048112300000013875,0.002258613000000409,0.004290726000000689,0.0054243189999994,0.0017857629999991076,0.001864781000000093
G433,deterministic structured generated case,generated,True,1,0,19,1,3,2,2,1482,2086,0.710450623202301,22,1013,3,2,38,4,2,0,0,0,40,40,54,2,1,1,1,2,1,0,0,1,0.00010613999999975476,0.00013994999999944469,0.00021424200000019766,0.00021613500000050578,0.00010274399999943284,9.841799999854572e-05
G434,deterministic structured generated case,generated,True,2,0,29,2,6,4,2,2434,3249,0.7491535857186826,41,1567,6,8,116,18,1,0,3,4,120,124,194,2,1,1,1,2,1,0,4,5,0.00015691499999981318,0.00021493300000052784,0.0004551839999997753,0.0004655190000004694,0.0001806410000000369,0.0002325899999995329
G435,deterministic structured generated case,generated,True,3,0,19,1,4,8,4,2740,2536,1.0804416403785488,29,1347,9,8,152,28,1,1,2,4,156,160,268,2,1,2,0,4,2,1,2,2,0.00012821299999998814,0.00026575899999947694,0.0005702959999993595,0.0005488449999990763,0.00016730100000117432,0.0002097250000012707
G436,deterministic structured generated case,generated,True,4,0,38,2,13,16,12,9556,6884,1.388146426496223,72,3292,28,32,608,128,15,5,4,8,632,640,1072,4,2,4,0,12,3,2,3,7,0.00029749699999825907,0.0012232970000010113,0.0018812860000014808,0.002393396000000436,0.0011687949999998892,0.0016004649999992182
G437,deterministic structured generated case,generated,True,5,0,23,1,8,32,24,11387,5292,2.1517384731670446,41,2019,17,32,736,132,10,2,12,8,760,768,1300,2,1,1,1,8,4,0,2,2,0.00027812799999971105,0.0008780890000004149,0.0020064150000003167,0.0024702709999999684,0.0005345529999996046,0.0005899360000007903
G438,deterministic structured generated case,generated,True,6,0,36,2,17,64,32,29736,9713,3.061464017296407,79,3870,40,128,2304,608,38,10,16,64,2368,2432,4832,4,2,4,0,13,4,2,6,7,0.0006802219999997305,0.0033844540000007584,0.00674363100000086,0.007885896999999531,0.002347907999999066,0.003071514000000164
G439,deterministic structured generated case,generated,True,1,1,18,1,4,4,2,2034,2394,0.849624060150376,25,1259,7,4,72,12,3,1,0,0,76,76,108,2,1,1,1,2,1,0,0,0,0.00011309000000103708,0.0002007319999997037,0.00037642600000076243,0.00033678600000008885,0.00014701099999925304,0.00014734099999991201
G440,deterministic structured generated case,generated,True,2,1,26,2,9,8,2,3683,3456,1.0656828703703705,39,1928,12,16,208,44,3,1,4,8,216,224,348,4,2,2,2,4,1,0,5,5,0.00017250999999873784,0.0003693350000002482,0.0006730509999997025,0.0007730610000002969,0.00034208299999960445,0.0003305959999995167
G441,deterministic structured generated case,generated,True,4,1,23,1,17,32,16,12135,6291,1.9289461134954697,54,3002,31,32,736,160,32,0,0,0,768,768,1216,2,1,1,1,8,4,0,0,1,0.00030958500000011213,0.0016480450000013747,0.0020991329999997532,0.002878034000000085,0.0014272240000003933,0.0013201030000011826
G442,deterministic structured generated case,generated,True,4,1,27,2,6,32,16,13701,5208,2.6307603686635943,42,1954,14,64,864,212,30,0,34,0,928,928,1544,4,2,3,1,8,2,1,0,0,0.0003359050000000252,0.0010776999999997372,0.0023955589999999916,0.00269978600000087,0.0008044790000010238,0.0008093959999992961
G443,deterministic structured generated case,generated,True,5,1,26,1,8,64,24,21151,5592,3.7823676680972818,40,1862,13,64,1664,264,24,0,24,16,1712,1728,2920,2,1,2,0,4,2,1,3,4,0.000420610999999127,0.0018259229999983972,0.004118466999999626,0.004680691000000792,0.0010854600000005377,0.0011564379999988716
G444,deterministic structured generated case,generated,True,6,1,36,2,11,128,32,50234,9429,5.327606320924806,78,3482,36,256,4608,1184,80,16,32,128,4736,4864,9504,4,2,4,0,13,4,2,0,0,0.0010651700000003927,0.005761896999999294,0.013155362999999198,0.014858712000000551,0.003996404000000453,0.0049656099999992875
G445,deterministic structured generated case,generated,True,1,2,23,1,4,8,2,3246,3013,1.0773315632260205,37,1397,7,8,184,24,6,2,0,0,192,192,296,2,1,1,1,2,1,0,0,0,0.00014829300000052115,0.00032097199999903125,0.0005681539999997653,0.000639030000000318,0.00020947500000012553,0.00023202799999921808
G446,deterministic structured generated case,generated,True,2,2,33,2,9,16,2,6515,4005,1.626716604244694,50,2061,11,32,528,88,4,4,8,16,544,560,904,2,1,1,1,2,1,0,6,7,0.0002533699999993644,0.00061207899999971,0.0014736540000015452,0.0015847010000005213,0.0004193909999994361,0.0005303360000006307
G447,deterministic structured generated case,generated,True,3,2,19,1,3,32,4,7996,2426,3.2959604286892,27,1202,7,32,608,112,8,0,8,16,624,640,1104,2,1,1,1,2,1,0,1,1,0.00019022600000084822,0.0006974379999995506,0.0017400340000008896,0.0018145460000003055,0.00033109700000011344,0.00043090800000022966
G448,deterministic structured generated case,generated,True,4,2,37,2,20,64,12,28092,8053,3.4883894200918912,78,3831,35,128,2368,512,64,16,16,32,2464,2496,4352,4,2,3,1,10,3,1,6,27,0.000710036999999275,0.004921583999999868,0.00582463100000119,0.009022964999999772,0.0038743209999996253,0.004501662999999212
G449,deterministic structured generated case,generated,True,5,2,31,1,14,128,24,44202,5680,7.782042253521126,43,2135,11,128,3968,384,24,8,64,32,4064,4096,6848,2,1,1,1,4,2,0,10,11,0.0008661209999996089,0.0032794059999989855,0.008492949000000749,0.009898390000000035,0.0012977389999999644,0.0021268349999985503
G450,deterministic structured generated case,generated,True,6,2,38,2,17,256,32,108313,14158,7.650303715214013,96,4704,54,512,9728,2688,152,40,64,256,9984,10240,20352,4,2,3,1,7,3,1,0,1,0.0018676649999989081,0.013330485999999198,0.026181642999999255,0.03222625400000112,0.009310868000000028,0.012478846999998794
G451,deterministic structured generated case,generated,True,4,0,22,1,17,16,16,7482,6211,1.2046369344710997,53,2968,31,16,352,80,16,0,0,0,368,368,576,2,1,1,1,8,4,0,0,1,0.00021776700000053495,0.000896206000000177,0.0011169989999988417,0.001517520000000161,0.0007888649999987507,0.000724317999999613
G452,deterministic structured generated case,generated,True,4,0,25,2,4,16,16,7593,4437,1.711291413116971,36,1619,10,32,400,98,15,0,17,0,432,432,716,4,2,3,1,8,2,1,0,0,0.000208894000000015,0.0005654100000000994,0.0012887859999999307,0.0019001350000014128,0.0004283130000004576,0.0004293050000008236
G453,deterministic structured generated case,generated,True,3,0,19,1,4,8,4,2772,2588,1.071097372488408,30,1357,9,8,152,28,1,1,2,4,156,160,268,2,1,2,0,4,2,1,2,2,0.00012480799999892156,0.00025389099999983955,0.0005576979999997178,0.0005277530000000752,0.0001791699999991181,0.00018333599999920125
G454,deterministic structured generated case,generated,True,4,0,29,2,7,16,12,7811,5010,1.5590818363273453,46,2216,17,32,464,108,16,2,6,8,488,496,828,4,2,2,2,8,2,0,1,6,0.00023434199999883276,0.0007381090000002644,0.0012736229999994464,0.001580575000000195,0.0005748840000006084,0.0006150639999997765
G455,deterministic structured generated case,generated,True,5,0,25,1,4,32,24,11841,4557,2.598420013166557,36,1551,9,32,800,120,4,8,12,8,824,832,1416,2,1,1,1,4,2,0,2,2,0.00025259999999960314,0.0008528709999993112,0.0019833500000014936,0.0022097999999992624,0.0004022749999990083,0.0005420540000002916
G456,deterministic structured generated case,generated,True,6,0,41,2,13,64,32,29074,10941,2.6573439356548763,105,4332,48,128,2624,640,36,12,16,64,2688,2752,5568,4,2,4,0,15,4,2,0,4,0.0006894849999987684,0.0031246740000003825,0.007001779000001207,0.007926807999998786,0.0020600850000001003,0.0027495399999999393
G457,deterministic structured generated case,generated,True,1,1,20,1,5,4,2,2226,2614,0.8515684774292273,27,1314,7,4,80,12,4,0,0,0,84,84,120,2,1,1,1,2,1,0,0,1,0.00011567399999989902,0.00019825799999928506,0.0003314080000009767,0.00033976099999932785,0.0001547520000002578,0.00014467699999975991
G458,deterministic structured generated case,generated,True,2,1,26,2,6,8,2,3635,3131,1.1609709358032578,35,1746,10,16,208,42,2,2,4,8,216,224,346,2,1,1,1,2,1,0,3,3,0.00015476300000116794,0.00031001500000016335,0.0006347340000001367,0.0006913889999999867,0.00026018099999980393,0.00026729100000011385
G459,deterministic structured generated case,generated,True,3,1,22,1,7,16,4,5046,3230,1.5622291021671826,36,1740,13,16,352,60,3,1,4,8,360,368,620,2,1,2,0,4,2,1,3,3,0.00016494800000010912,0.00047554399999860664,0.0010285050000007345,0.0010729519999994608,0.0002791899999987635,0.0003540019999999089
G460,deterministic structured generated case,generated,True,4,1,28,2,10,32,12,13395,5845,2.2917023096663813,55,2708,24,64,896,240,26,14,8,16,944,960,1616,4,2,4,0,8,2,2,2,2,0.000349495000000033,0.0016845010000015037,0.0023312219999986894,0.003260867999999917,0.0011115689999989797,0.0014520509999993436
G461,deterministic structured generated case,generated,True,4,1,23,1,17,32,16,12135,6291,1.9289461134954697,54,3002,31,32,736,160,32,0,0,0,768,768,1216,2,1,1,1,8,4,0,0,1,0.0002778779999985659,0.001599653000001311,0.0021786549999998073,0.003331014000000465,0.0013906790000000058,0.001288675999999711
G462,deterministic structured generated case,generated,True,4,1,25,2,4,32,16,13357,4618,2.8923776526634906,35,1582,9,64,800,180,46,0,18,0,864,864,1416,4,2,3,1,6,2,1,0,0,0.00029123699999900055,0.0011308289999991672,0.002096669000000162,0.002621107000001288,0.0007835070000012934,0.0008429769999995784
G463,deterministic structured generated case,generated,True,1,2,15,1,3,8,2,2613,1862,1.4033297529538131,19,912,3,8,120,16,8,0,0,0,128,128,176,2,1,1,1,2,1,0,0,0,0.0001029739999989232,0.00024072199999913835,0.0003729400000000993,0.00042787299999957895,0.00014232399999869472,0.0001523989999991926
G464,deterministic structured generated case,generated,True,2,2,34,2,11,16,2,7031,4144,1.6966698841698842,48,2219,12,32,544,80,3,1,12,16,560,576,912,2,1,1,1,2,1,0,7,16,0.00024148299999993128,0.0005573380000001293,0.0013699479999988995,0.0015075449999990553,0.0003925399999999968,0.0004848880000007938
G465,deterministic structured generated case,generated,True,3,2,29,1,7,32,4,11104,4516,2.4588131089459697,53,2479,23,32,928,136,6,2,8,16,944,960,1640,2,1,2,0,4,2,1,0,1,0.00027009500000119147,0.0008863520000002012,0.002408287999999814,0.0024497400000011993,0.000508634000000896,0.000639300999999648
G466,deterministic structured generated case,generated,True,4,2,31,2,7,64,12,26402,5887,4.484797010361814,51,2480,20,128,1984,464,64,16,16,32,2080,2112,3472,4,2,3,1,6,2,1,0,4,0.0005260610000004107,0.00261608000000102,0.00477581500000035,0.006009217000000788,0.001985101999999017,0.0022092389999990303
G467,deterministic structured generated case,generated,True,5,2,25,1,8,128,24,36790,4677,7.866153517211888,33,1548,7,128,3200,352,32,0,64,32,3296,3328,5536,2,1,1,1,4,2,0,5,5,0.0006775379999997,0.0025937769999995197,0.007288358999998579,0.00823392999999939,0.0011205630000006295,0.001528887000000978
G468,deterministic structured generated case,generated,True,6,2,35,2,6,256,32,100473,8520,11.792605633802816,65,2735,25,512,8960,2432,176,16,64,256,9216,9472,18816,4,2,3,1,9,3,1,0,0,0.0016265640000003856,0.009016925999999259,0.025084904999999935,0.026692540000000875,0.005885330999999994,0.007651213999999129
G469,deterministic structured generated case,generated,True,1,0,13,1,3,2,2,1237,1699,0.7280753384343731,17,842,3,2,26,4,2,0,0,0,28,28,36,2,1,1,1,2,1,0,0,0,8.458699999991381e-05,0.00014346500000073092,0.00016248399999874152,0.00017530399999898805,8.502799999909882e-05,8.099099999903103e-05
G470,deterministic structured generated case,generated,True,2,0,29,2,6,4,2,2623,2979,0.8804968110104062,33,1599,6,8,116,18,1,0,3,4,120,124,190,2,1,1,1,2,1,0,4,7,0.00015143699999953242,0.0002044169999990686,0.0004579479999993197,0.0004304560000001345,0.00017783700000073566,0.00016737099999986071
G471,deterministic structured generated case,generated,True,4,0,22,1,17,16,16,7482,6211,1.2046369344710997,53,2968,31,16,352,80,16,0,0,0,368,368,576,2,1,1,1,8,4,0,0,1,0.00021740599999908738,0.0009737930000000006,0.0010880439999993996,0.001552661999999927,0.0008123910000001899,0.0007545839999991699
G472,deterministic structured generated case,generated,True,4,0,23,2,6,16,16,7433,4362,1.7040348464007335,34,1627,10,32,368,98,15,0,17,0,400,400,668,4,2,3,1,8,2,1,2,2,0.0002081220000000883,0.0006313789999996544,0.0012250300000005154,0.0013852809999992388,0.0004984789999991079,0.0004982079999997779
G473,deterministic structured generated case,generated,True,5,0,29,1,8,32,24,13249,6300,2.103015873015873,56,2623,26,32,928,152,11,1,12,8,952,960,1640,2,1,2,0,8,4,1,0,1,0.00032368599999976766,0.0009396310000013841,0.002563961999999975,0.0026202360000002756,0.0006002420000008613,0.000646762000000578
G474,deterministic structured generated case,generated,True,6,0,32,2,7,64,32,26711,8467,3.1547183181764495,68,2899,29,128,2048,640,36,12,16,64,2112,2176,4352,4,2,3,1,11,4,1,0,0,0.0005835770000004459,0.0026769709999996394,0.006150540000000149,0.006776240000000655,0.001675728000000376,0.002235067999999174
G475,deterministic structured generated case,generated,True,1,1,20,1,4,4,2,2139,2527,0.8464582508903838,27,1315,7,4,80,12,3,1,0,0,84,84,120,2,1,1,1,2,1,0,0,1,0.00012187299999943946,0.00020514799999915567,0.00033170799999915346,0.0003746730000013798,0.00015423099999978263,0.00015312000000022863
G476,deterministic structured generated case,generated,True,2,1,33,2,9,8,2,4105,4016,1.0221613545816732,50,2024,10,16,264,42,3,1,4,8,272,280,450,4,2,2,2,4,1,0,6,9,0.00019980000000074938,0.00036911399999972616,0.0007966469999995951,0.0008337329999985599,0.00028125199999884387,0.0003563849999999036
G477,deterministic structured generated case,generated,True,3,1,20,1,5,16,4,4581,2646,1.7312925170068028,29,1336,8,16,320,52,4,0,4,8,328,336,564,2,1,2,0,4,2,1,2,2,0.00015643499999917765,0.0004235459999986091,0.0009554949999994733,0.001008745000000033,0.00023346100000054548,0.0003001410000003091
G478,deterministic structured generated case,generated,True,4,1,40,2,20,32,12,16600,8618,1.9262009747041078,91,4459,45,64,1280,272,28,8,12,16,1328,1344,2320,4,2,3,1,12,3,1,3,10,0.0004913380000015621,0.002400477000000123,0.00318344200000098,0.004665708999999296,0.001761134999998859,0.0022073159999997927
G479,deterministic structured generated case,generated,True,5,1,30,1,7,64,24,21348,5887,3.626295226770851,49,1922,12,64,1920,232,20,4,24,16,1968,1984,3400,2,1,2,0,4,2,1,3,3,0.0004600109999994828,0.0018659329999994867,0.004345298000000497,0.0050579580000000846,0.0009597610000007251,0.001205700999999948
G480,deterministic structured generated case,generated,True,6,1,37,2,10,128,32,54575,9503,5.742923287382932,75,3452,34,256,4736,1120,72,24,32,128,4864,4992,9696,4,2,4,0,10,3,2,0,2,0.0010396220000004064,0.005414703999999659,0.012733971000001176,0.014205661000000092,0.003699217000001198,0.004656675999999749
G481,deterministic structured generated case,generated,True,4,2,24,1,17,64,16,21765,6372,3.4157250470809792,55,3037,31,64,1536,320,64,0,0,0,1600,1600,2560,2,1,1,1,8,4,0,0,1,0.0005139519999985964,0.0029970419999987286,0.003651024999999919,0.005439801999999716,0.002525354000001201,0.002434237000001005
G482,deterministic structured generated case,generated,True,4,2,34,2,10,64,16,28176,6745,4.1773165307635285,64,2994,29,128,2176,552,60,0,68,0,2304,2304,4048,4,2,3,1,10,3,1,0,2,0.003978027000000495,0.002527688000000694,0.005426723000001132,0.006450580999999289,0.0021598750000002553,0.002078161999998329
G483,deterministic structured generated case,generated,True,3,2,29,1,8,32,4,10024,3710,2.70188679245283,45,1722,9,32,928,112,8,0,8,16,944,960,1648,2,1,2,0,2,1,1,5,5,0.00027881900000004123,0.0008643390000013795,0.002390001000000197,0.0024021590000007365,0.0004581780000005864,0.0005844079999999252
G484,deterministic structured generated case,generated,True,4,2,33,2,11,64,12,27393,5821,4.705892458340491,51,2611,19,128,2112,432,64,16,16,32,2208,2240,3760,4,2,3,1,8,2,1,4,9,0.0005570269999992661,0.0033103430000007705,0.004783916999999249,0.0068917540000015265,0.0024646930000002953,0.0029258749999989675
G485,deterministic structured generated case,generated,True,5,2,29,1,7,128,24,38678,5631,6.868762209199077,48,1869,11,128,3712,384,24,8,64,32,3808,3840,6592,2,1,1,1,4,2,0,3,3,0.0007245089999994292,0.0029025200000010187,0.008251505999998798,0.009188474000000113,0.0011395020000009026,0.001835687999999891
G486,deterministic structured generated case,generated,True,6,2,38,2,8,256,32,97936,9775,10.019028132992327,76,3055,28,512,9728,2432,160,32,64,256,9984,10240,20352,4,2,3,1,7,3,1,0,2,0.0017953169999991303,0.009740693000001244,0.025806338999998957,0.02786317900000057,0.005991350000000395,0.008269653000001043
G487,deterministic structured generated case,generated,True,1,0,19,1,3,2,2,1498,2098,0.7140133460438512,22,1017,3,2,38,4,2,0,0,0,40,40,54,2,1,1,1,2,1,0,0,1,0.00012072200000012856,0.0001378269999996462,0.00021038599999911867,0.00021059700000058967,9.886800000025175e-05,9.255900000049166e-05
G488,deterministic structured generated case,generated,True,2,0,22,2,5,4,2,2104,2493,0.8439630966706779,28,1351,6,8,88,18,1,0,3,4,92,96,138,2,1,1,1,2,1,0,3,3,0.0001199900000017351,0.00019115700000149616,0.00033802699999974095,0.00034749299999958794,0.0001619630000000427,0.00014330499999992696
G489,deterministic structured generated case,generated,True,3,0,15,1,2,8,4,2429,2143,1.1334577694820345,24,1050,7,8,120,28,2,0,2,4,124,128,220,2,1,1,1,2,1,0,0,0,9.905799999998521e-05,0.00022155299999937483,0.0005097860000002896,0.00044916499999914095,0.00013497299999976065,0.0001471109999986453
G490,deterministic structured generated case,generated,True,4,0,31,2,9,16,12,8626,5231,1.649015484610973,46,2272,16,32,496,98,18,0,6,8,520,528,866,4,2,4,0,8,3,2,2,2,0.0002617529999984214,0.0007303069999995415,0.0013497779999998016,0.0017605910000000335,0.0006288950000001847,0.000612509999999844
G491,deterministic structured generated case,generated,True,4,0,22,1,17,16,16,7482,6211,1.2046369344710997,53,2968,31,16,352,80,16,0,0,0,368,368,576,2,1,1,1,8,4,0,0,1,0.00022722099999938905,0.000865920999999048,0.0011059419999988052,0.0015351060000003969,0.0008038280000004505,0.0007221850000007635
G492,deterministic structured generated case,generated,True,4,0,29,2,10,16,16,9356,6061,1.5436396634218776,51,2504,21,32,464,122,23,0,9,0,496,496,852,4,2,3,1,10,3,1,0,1,0.0002451079999996608,0.0009515090000000725,0.0013973190000005076,0.0018329630000000208,0.0008427559999990564,0.0008012739999987417
G493,deterministic structured generated case,generated,True,1,1,16,1,3,4,2,1896,1997,0.9494241362043064,19,931,3,4,64,8,4,0,0,0,68,68,92,2,1,1,1,0,0,0,0,0,9.830800000010242e-05,0.000171437999998858,0.000257486999998946,0.00029360099999919953,0.00011553300000066713,0.00011059600000073999
G494,deterministic structured generated case,generated,True,2,1,27,2,6,8,2,3632,3118,1.1648492623476587,36,1628,8,16,216,40,4,0,4,8,224,232,360,4,2,2,2,4,1,0,3,8,0.00016577899999958845,0.00031421199999925875,0.0006397309999996992,0.000708264000000014,0.0002523289999984968,0.00030668099999964227
G495,deterministic structured generated case,generated,True,3,1,28,1,7,16,4,5563,3602,1.5444197667962243,45,1669,9,16,448,56,4,0,4,8,456,464,792,2,1,2,0,4,2,1,4,4,0.0001988590000010504,0.000471347999999594,0.0011940139999992994,0.0012456909999993826,0.0002620629999992019,0.0003296559999999005
G496,deterministic structured generated case,generated,True,4,1,26,2,9,32,12,12533,5201,2.4097288982887908,48,2527,23,64,832,248,30,6,12,16,880,896,1496,4,2,3,1,8,3,1,1,1,0.00028820300000020893,0.0014968270000004225,0.0021713019999989314,0.002968689999999441,0.0011852210000000696,0.0012781400000001497
G497,deterministic structured generated case,generated,True,5,1,26,1,8,64,24,21569,5366,4.01956764815505,42,1920,14,64,1664,256,24,0,24,16,1712,1728,2976,2,1,2,0,6,3,1,3,3,0.0004044679999992695,0.0016743360000006646,0.0039888220000001695,0.004498518000000118,0.0009538330000005146,0.0010496359999994098
G498,deterministic structured generated case,generated,True,6,1,35,2,11,128,32,51870,9101,5.69937369519833,66,2979,27,256,4480,1152,80,16,32,128,4608,4736,9216,4,2,4,0,10,3,2,3,7,0.000999552000001458,0.0056789320000003585,0.01199193599999937,0.014170428999999984,0.00393940800000081,0.004932580000000186
G499,deterministic structured generated case,generated,True,1,2,21,1,3,8,2,3047,2348,1.2977001703577513,27,1076,3,8,168,16,8,0,0,0,176,176,248,2,1,1,1,2,1,0,0,0,0.00014613899999993407,0.00027288999999974806,0.0004444079999998962,0.0005530109999991595,0.00015985000000107163,0.0001753940000011056
G500,deterministic structured generated case,generated,True,2,2,24,2,6,16,2,5319,2875,1.850086956521739,32,1552,8,32,384,76,4,0,12,16,400,416,636,2,1,1,1,2,1,0,3,3,0.00017393099999907236,0.0004075120000006649,0.0009786609999995477,0.0011367680000002878,0.0002889040000013665,0.00032515799999899286
G501,deterministic structured generated case,generated,True,4,2,24,1,17,64,16,21765,6372,3.4157250470809792,55,3037,31,64,1536,320,64,0,0,0,1600,1600,2560,2,1,1,1,8,4,0,0,1,0.0004573869999990876,0.00300697800000016,0.0037299229999998573,0.005442996999999394,0.0025329749999993822,0.0024077980000001276
G502,deterministic structured generated case,generated,True,4,2,28,2,10,64,16,24707,5149,4.798407457758788,43,2099,14,128,1792,424,60,0,68,0,1920,1920,3216,4,2,3,1,10,3,1,4,4,0.0004927009999988741,0.0021665049999999297,0.0044529299999993555,0.0055117500000001485,0.0016271739999993429,0.0017151169999998217
G503,deterministic structured generated case,generated,True,5,2,23,1,3,128,24,35519,4617,7.693090751570284,31,1346,7,128,2944,352,32,0,64,32,3040,3072,5152,2,1,1,1,2,1,0,0,0,0.0005761859999999785,0.002382539999999267,0.007040997999999021,0.007554618999998652,0.0009802229999991141,0.0013312299999999055
G504,deterministic structured generated case,generated,True,6,2,47,2,27,256,32,122013,14697,8.301898346601348,105,5053,50,512,12032,2368,176,16,64,256,12288,12544,24384,4,2,4,0,10,3,2,8,36,0.00248685600000087,0.016779288000000392,0.030493260000000078,0.039415624000000093,0.012958687999999441,0.015603700999999859
G505,deterministic structured generated case,generated,True,1,0,21,1,2,2,2,1460,2210,0.6606334841628959,26,1064,3,2,42,4,1,1,0,0,44,44,60,2,1,1,1,2,1,0,0,1,0.00011462199999989764,0.00014905400000131408,0.0002540720000006047,0.00023975999999947817,0.00010621900000096218,0.00010493799999977682
G506,deterministic structured generated case,generated,True,2,0,25,2,5,4,2,2355,2733,0.8616904500548848,31,1448,6,8,100,18,1,0,3,4,104,108,162,2,1,1,1,2,1,0,3,4,0.0001378269999996462,0.00021361099999950284,0.00038917399999860436,0.00039563500000028284,0.00017785699999883775,0.00015889900000054524
G507,deterministic structured generated case,generated,True,3,0,21,1,8,8,4,3081,2862,1.0765199161425576,31,1501,9,8,168,28,2,0,2,4,172,176,292,2,1,2,0,4,2,1,5,5,0.0001446680000007916,0.00028097200000054556,0.0006077130000008424,0.0006012739999992078,0.0001920979999994188,0.00020497799999930066
G508,deterministic structured generated case,generated,True,4,0,36,2,14,16,12,10009,7193,1.3914917280689558,71,3657,35,32,576,128,16,4,4,8,600,608,1040,4,2,3,1,14,4,1,0,11,0.0003092540000011468,0.0011655610000005368,0.0016742149999995348,0.0022297499999996973,0.0009439990000004173,0.0010217150000002562
G509,deterministic structured generated case,generated,True,5,0,27,1,7,32,24,12317,5143,2.3949056970639706,40,1823,12,32,864,112,8,0,16,8,888,896,1504,2,1,1,1,6,3,0,2,2,0.00030684100000044623,0.0008498760000001937,0.0021791840000009444,0.002361628000000948,0.00046767299999928014,0.0005090039999995355
G510,deterministic structured generated case,generated,True,6,0,35,2,26,64,32,29282,11768,2.4882732834806256,103,5445,64,128,2240,640,38,10,16,64,2304,2368,4736,4,2,4,0,16,4,2,6,33,0.00069054799999968,0.004632159000001579,0.007138985000000986,0.009108524000000173,0.0034419109999994646,0.004238106999999047
G511,deterministic structured generated case,generated,True,4,1,23,1,17,32,16,12135,6291,1.9289461134954697,54,3002,31,32,736,160,32,0,0,0,768,768,1216,2,1,1,1,8,4,0,0,1,0.00029843899999981716,0.0016930829999992625,0.0020588529999994165,0.0029434419999994077,0.0014439189999997382,0.0014198129999982712
G512,deterministic structured generated case,generated,True,4,1,27,2,10,32,16,13416,5281,2.5404279492520354,42,2059,14,64,864,212,30,0,34,0,928,928,1576,4,2,3,1,8,2,1,4,4,0.00032699099999966563,0.0013763880000006168,0.0024660349999994224,0.003082199999999702,0.001063949000000619,0.0010712689999987646
G513,deterministic structured generated case,generated,True,3,1,24,1,8,16,4,5449,3403,1.6012342051131354,37,1748,12,16,384,56,4,0,4,8,392,400,664,2,1,2,0,4,2,1,3,4,0.00019224799999939535,0.0004938619999990124,0.001126342000000946,0.0011729319999993493,0.00028792300000013427,0.0003540819999994227
G514,deterministic structured generated case,generated,True,4,1,29,2,14,32,12,14240,6503,2.189758572966323,58,3136,30,64,928,256,28,8,12,16,976,992,1664,4,2,4,0,8,2,2,3,6,0.00039692600000051925,0.0019306400000012047,0.0025264759999998887,0.0036081610000007203,0.0014932030000007757,0.0016997530000004701
G515,deterministic structured generated case,generated,True,5,1,24,1,4,64,24,19320,4492,4.300979519145147,34,1512,9,64,1536,256,12,12,24,16,1584,1600,2720,2,1,1,1,4,2,0,2,2,0.00038772299999934035,0.001603649000001539,0.0038739499999991267,0.004418878000000959,0.0007264610000010663,0.000994203999999499
G516,deterministic structured generated case,generated,True,6,1,38,2,17,128,32,55225,10165,5.43285784554845,78,3780,37,256,4864,1184,88,8,32,128,4992,5120,10144,4,2,4,0,12,4,2,6,11,0.001149015999999392,0.007101758999999319,0.013254191999999776,0.01612555600000043,0.005373432999999039,0.006235487999999734
G517,deterministic structured generated case,generated,True,1,2,21,1,5,8,2,3291,2677,1.229361225252148,28,1344,7,8,168,24,8,0,0,0,176,176,256,2,1,1,1,2,1,0,0,1,0.00013518299999937256,0.0003032350000005124,0.0005237769999997255,0.0005755550000010601,0.00024984500000080345,0.00021370099999984404
G518,deterministic structured generated case,generated,True,2,2,22,2,6,16,2,5435,3547,1.5322808006766282,41,2111,20,32,352,104,7,1,8,16,368,384,616,4,2,2,2,4,1,0,0,0,0.00016434700000012015,0.00048198400000032393,0.0010762769999992372,0.0011229869999986875,0.0004174169999995314,0.0004125800000007729
G519,deterministic structured generated case,generated,True,3,2,19,1,3,32,4,8168,2388,3.420435510887772,26,1165,6,32,608,96,8,0,8,16,624,640,1088,2,1,2,0,2,1,1,1,1,0.00020072200000065266,0.0006685740000005325,0.001642637999999863,0.0017514009999999303,0.0002946320000010161,0.00041766799999898296
G520,deterministic structured generated case,generated,True,4,2,29,2,10,64,12,24832,5994,4.142809476142809,56,2901,27,128,1856,464,52,28,16,32,1952,1984,3344,4,2,3,1,8,2,1,0,3,0.0004995099999991481,0.0031003179999995467,0.00461881900000094,0.006313955999999621,0.0021494090000011568,0.0027426010000013434
G521,deterministic structured generated case,generated,True,4,2,24,1,17,64,16,21765,6372,3.4157250470809792,55,3037,31,64,1536,320,64,0,0,0,1600,1600,2560,2,1,1,1,8,4,0,0,1,0.00048292600000010566,0.0030020200000002717,0.0037210800000000432,0.005426962999999674,0.00253674100000012,0.002395048000000344
G522,deterministic structured generated case,generated,True,4,2,27,2,6,64,16,25817,5174,4.989756474681098,41,1919,13,128,1728,424,92,0,36,0,1856,1856,3152,4,2,3,1,8,2,1,0,1,0.0005092750000006419,0.002474757999999966,0.0044872510000004695,0.005694164999999529,0.0019098290000005846,0.0019876159999991927
G523,deterministic structured generated case,generated,True,1,0,19,1,3,2,2,1498,2098,0.7140133460438512,22,1017,3,2,38,4,2,0,0,0,40,40,54,2,1,1,1,2,1,0,0,1,0.00010230300000024783,0.00013407199999981856,0.00022411700000013468,0.00021080600000011884,0.00010112200000023108,9.334099999946943e-05
G524,deterministic structured generated case,generated,True,2,0,28,2,7,4,2,2594,2969,0.8736948467497474,34,1636,6,8,112,18,0,1,3,4,116,120,178,0,0,0,0,0,0,0,6,6,0.00014226300000075298,0.0001993500000008197,0.0004224449999998825,0.00041199900000066236,0.00015703600000094298,0.0001845270000000454
G525,deterministic structured generated case,generated,True,3,0,21,1,4,8,4,3048,2754,1.1067538126361656,31,1385,9,8,168,28,2,0,2,4,172,176,292,2,1,2,0,4,2,1,1,1,0.00012768200000046193,0.00025771699999843634,0.0005670819999998855,0.0005569970000003366,0.00017045599999931937,0.00018378599999913092
G526,deterministic structured generated case,generated,True,4,0,33,2,17,16,12,8488,6326,1.3417641479607967,64,3071,25,32,528,118,12,6,6,8,552,560,950,4,2,3,1,12,4,1,8,11,0.0002716080000002563,0.0012375789999996556,0.0014792520000010967,0.002137832000000728,0.0008141130000005603,0.0011070839999991477
G527,deterministic structured generated case,generated,True,5,0,29,1,14,32,24,12372,6476,1.910438542310068,57,2527,20,32,928,128,11,1,12,8,952,960,1648,2,1,2,0,8,4,1,6,6,0.0003335010000000693,0.0011541539999999628,0.0023614880000000227,0.002590962999999391,0.0006496160000004636,0.0007620250000002216
G528,deterministic structured generated case,generated,True,6,0,33,2,8,64,32,26113,8212,3.1798587433024843,67,2904,28,128,2112,576,28,20,16,64,2176,2240,4288,2,1,2,0,6,3,1,0,0,0.0005501359999993127,0.0026741569999995107,0.005983560000000665,0.00664894900000057,0.001638501000000403,0.002281498000000326
G529,deterministic structured generated case,generated,True,1,1,18,1,4,4,2,1986,2368,0.8386824324324325,25,1249,7,4,72,12,3,1,0,0,76,76,108,2,1,1,1,2,1,0,0,0,0.00012756200000119122,0.00019182800000017153,0.0002963050000008849,0.0003195199999996845,0.00014869399999994926,0.00014100200000122243
G530,deterministic structured generated case,generated,True,2,1,30,2,7,8,2,4062,3443,1.179785071158873,39,1891,10,16,240,42,2,2,4,8,248,256,402,2,1,1,1,2,1,0,4,9,0.00017188800000056403,0.0003383789999986675,0.0006894160000001648,0.0008251290000007572,0.00026022099999956083,0.0002953439999995311
G531,deterministic structured generated case,generated,True,4,1,23,1,17,32,16,12135,6291,1.9289461134954697,54,3002,31,32,736,160,32,0,0,0,768,768,1216,2,1,1,1,8,4,0,0,1,0.00027891900000120984,0.0015931640000008684,0.0019901000000004387,0.0027817189999996828,0.0013650910000002625,0.001273432999999713
G532,deterministic structured generated case,generated,True,4,1,34,2,18,32,16,14970,6876,2.1771378708551485,63,2902,22,64,1088,228,30,0,34,0,1152,1152,1976,4,2,3,1,10,3,1,8,10,0.0011264920000009226,0.0022483879999999346,0.004857216999999636,0.004856967000000267,0.0017556169999988214,0.0017394330000009006
G533,deterministic structured generated case,generated,True,5,1,26,1,14,64,24,21057,6262,3.362663685723411,54,2747,27,64,1664,336,22,2,24,16,1712,1728,2992,2,1,2,0,8,4,1,6,7,0.000422033999999627,0.0019407059999991816,0.004092267999999066,0.0047296750000001,0.0012757459999992449,0.0013441500000013207
G534,deterministic structured generated case,generated,True,6,1,36,2,9,128,32,50683,9491,5.340111684753977,73,3169,31,256,4608,1120,80,16,32,128,4736,4864,9312,4,2,4,0,9,3,2,0,3,0.0010167279999997447,0.005363057000000282,0.012986780000000309,0.014348395999999042,0.0038474999999991155,0.004604246999999617
G535,deterministic structured generated case,generated,True,1,2,25,1,7,8,2,3617,3874,0.9336602994321115,46,1974,15,8,200,32,6,2,0,0,208,208,328,2,1,1,1,2,1,0,0,0,0.00016981500000134986,0.0004078730000003361,0.0006688450000016388,0.0007622250000007824,0.00029499299999891093,0.0003278830000006394
G536,deterministic structured generated case,generated,True,2,2,31,2,7,16,2,5944,3577,1.6617277047805423,45,1801,8,32,496,76,2,2,12,16,512,528,844,2,1,1,1,2,1,0,5,5,0.000238127999999449,0.00047877999999990095,0.0013335930000000218,0.0014203530000003184,0.00031927900000106035,0.0004226650000003218
G537,deterministic structured generated case,generated,True,3,2,29,1,14,32,4,11413,4735,2.410348468848997,51,2535,21,32,928,128,8,0,8,16,944,960,1632,2,1,2,0,4,2,1,5,6,0.0003028149999995122,0.0010159259999991122,0.0025558189999994596,0.002644603000000245,0.0006356849999988867,0.0007468120000009293
G538,deterministic structured generated case,generated,True,4,2,33,2,17,64,12,29226,7796,3.748845561826578,61,3269,28,128,2112,512,72,8,16,32,2208,2240,3904,4,2,2,2,8,4,0,6,11,0.0006539019999998175,0.003785226000001529,0.0055895269999997055,0.007586376999999089,0.0030106930000002308,0.003376341999999255
G539,deterministic structured generated case,generated,True,5,2,31,1,14,128,24,45100,6158,7.323806430659305,51,2596,19,128,3968,416,24,8,64,32,4064,4096,6880,2,1,1,1,8,4,0,7,8,0.000900382999999394,0.0032969529999995473,0.00932944600000063,0.010447836000000876,0.0013496179999989977,0.002173214999999118
G540,deterministic structured generated case,generated,True,6,2,34,2,10,256,32,96632,9285,10.40732364028002,77,3634,40,512,8704,2560,144,48,64,256,8960,9216,18688,4,2,3,1,13,4,1,0,3,0.0017786619999995423,0.011144181999998892,0.02721259099999962,0.028578473999999687,0.007173096000000712,0.00936874500000151
G541,deterministic structured generated case,generated,True,4,0,22,1,17,16,16,7482,6211,1.2046369344710997,53,2968,31,16,352,80,16,0,0,0,368,368,576,2,1,1,1,8,4,0,0,1,0.00024365600000031407,0.0009257409999996469,0.0011790009999987916,0.0015517119999994833,0.0008197810000005745,0.0007472430000010633
G542,deterministic structured generated case,generated,True,4,0,28,2,6,16,16,7948,4820,1.6489626556016597,42,1803,11,32,448,106,15,0,17,0,480,480,804,4,2,3,1,8,2,1,2,3,0.00024438700000040114,0.0006936919999986912,0.001433734000000797,0.0015864130000000642,0.0005313380000000478,0.0005319089999993309
G543,deterministic structured generated case,generated,True,3,0,21,1,4,8,4,2907,2688,1.0814732142857142,31,1411,9,8,168,28,1,1,2,4,172,176,292,2,1,2,0,4,2,1,2,2,0.00014950499999955014,0.0002756640000001198,0.0005943330000004465,0.000618518999999651,0.00018720099999924855,0.0002016530000013006
G544,deterministic structured generated case,generated,True,4,0,28,2,9,16,12,8403,5101,1.6473240541070377,43,2147,15,32,448,96,20,0,4,8,472,480,784,4,2,4,0,8,3,2,2,2,0.00025109699999958934,0.0007808229999994865,0.0013382299999999958,0.001619243000000381,0.0006686850000008349,0.0006529910000008243
G545,deterministic structured generated case,generated,True,5,0,19,1,2,32,24,9673,4006,2.4146280579131303,28,1261,8,32,608,116,6,6,12,8,632,640,1092,2,1,1,1,4,2,0,0,0,0.00021156699999913542,0.0007144029999999191,0.0017456730000002807,0.0018642310000007711,0.0003591189999987421,0.0004976880000011619
G546,deterministic structured generated case,generated,True,6,0,33,2,17,64,32,27121,9655,2.8090108751942,78,3888,43,128,2112,672,44,4,16,64,2176,2240,4512,4,2,2,2,12,4,0,6,11,0.0006231159999998681,0.003471184000000349,0.006379132999999371,0.007925668000000385,0.0027763410000005706,0.003083131999998656
G547,deterministic structured generated case,generated,True,1,1,14,1,3,4,2,1701,1789,0.9508105086640581,18,879,3,4,56,8,4,0,0,0,60,60,80,2,1,1,1,2,1,0,0,0,9.523299999969481e-05,0.0001709869999988456,0.0002382579999995471,0.0002704760000007411,0.00013096700000048145,0.00011032599999971637
G548,deterministic structured generated case,generated,True,2,1,24,2,8,8,2,3543,3250,1.0901538461538463,36,1841,12,16,192,44,3,1,4,8,200,208,324,4,2,2,2,4,1,0,4,6,0.000162114000000102,0.00033394199999925434,0.0006658599999997961,0.0007308880000014284,0.00028365599999879976,0.0002884030000007698
G549,deterministic structured generated case,generated,True,3,1,22,1,4,16,4,4978,2791,1.7835901110713006,32,1404,8,16,352,52,2,2,4,8,360,368,612,2,1,2,0,2,1,1,2,2,0.00016523799999923483,0.00045982099999974935,0.0010464730000006028,0.001096938000001657,0.00023123699999949565,0.00030460799999865174
G550,deterministic structured generated case,generated,True,4,1,30,2,7,32,12,13956,5042,2.7679492264974215,47,2246,17,64,960,232,32,8,8,16,1008,1024,1704,4,2,4,0,8,2,2,1,1,0.0003545530000010899,0.001440043000000557,0.0024038520000004837,0.003120327999999617,0.0010375489999994159,0.00118192499999914
G551,deterministic structured generated case,generated,True,4,1,23,1,17,32,16,12135,6291,1.9289461134954697,54,3002,31,32,736,160,32,0,0,0,768,768,1216,2,1,1,1,8,4,0,0,1,0.0003066109999991795,0.0016257119999991687,0.0020037699999999603,0.0028588650000003213,0.0014059720000005882,0.0013095869999997234
G552,deterministic structured generated case,generated,True,4,1,22,2,4,32,16,12609,4419,2.8533604887983706,32,1497,9,64,704,180,46,0,18,0,768,768,1288,4,2,3,1,6,2,1,0,0,0.0002745930000003227,0.0010946450000002272,0.002095418000001459,0.0024722829999994644,0.000805520000000115,0.0008356549999994911
G553,deterministic structured generated case,generated,True,1,2,19,1,4,8,2,3180,2616,1.2155963302752293,26,1285,7,8,152,24,6,2,0,0,160,160,232,2,1,1,1,0,0,0,0,0,0.00012361599999977102,0.0002930000000009869,0.0004757350000001992,0.0005642180000009489,0.00019408100000006812,0.00020853400000042654
G554,deterministic structured generated case,generated,True,2,2,27,2,6,16,2,6083,3165,1.9219589257503948,34,1642,8,32,432,80,8,0,8,16,448,464,704,4,2,2,2,0,0,0,3,3,0.00019138700000098652,0.0004810829999986055,0.0010768480000002967,0.0013202430000003318,0.00039917900000041584,0.00039720599999881756
G555,deterministic structured generated case,generated,True,3,2,21,1,2,32,4,8416,2743,3.068173532628509,32,1227,7,32,672,112,8,0,8,16,688,704,1200,2,1,1,1,0,0,0,0,0,0.00019724599999904058,0.0007316700000004062,0.0018639100000008568,0.0019378410000001622,0.00032880400000045995,0.0004987700000000928
G556,deterministic structured generated case,generated,True,4,2,26,2,5,64,12,22991,4437,5.181654270903763,40,1817,11,128,1664,352,48,32,16,32,1760,1792,2912,4,2,4,0,4,1,2,2,3,0.0004565959999993652,0.002192444000000293,0.004235863999999978,0.005402246000000943,0.0012642990000006904,0.001834816000000572
G557,deterministic structured generated case,generated,True,5,2,25,1,5,128,24,38201,4925,7.756548223350253,37,1673,11,128,3200,384,32,0,64,32,3296,3328,5568,2,1,1,1,6,3,0,0,0,0.0006994109999993725,0.002695749000000802,0.008070414000000525,0.008527069999999526,0.0011737429999989502,0.0015452910000011144
G558,deterministic structured generated case,generated,True,6,2,39,2,11,256,32,110696,10754,10.29347219639204,77,3522,34,512,9984,2432,160,32,64,256,10240,10496,20352,4,2,3,1,8,3,1,0,0,0.00195109100000046,0.011173666000001248,0.027222666000000117,0.030079708000000593,0.007417461999999375,0.009432890999999444
G559,deterministic structured generated case,generated,True,1,0,17,1,3,2,2,1386,2013,0.6885245901639344,22,949,3,2,34,4,2,0,0,0,36,36,48,2,1,1,1,2,1,0,0,0,0.00010462700000068992,0.00013884899999894174,0.00020010999999975354,0.00020575899999997205,0.00012227400000064392,9.552400000067962e-05
G560,deterministic structured generated case,generated,True,2,0,31,2,6,4,2,2695,3184,0.8464195979899497,37,1647,6,8,124,18,1,0,3,4,128,132,202,2,1,1,1,2,1,0,4,4,0.0001574160000004099,0.00020760199999969586,0.00047584500000041885,0.00044744300000054693,0.00018026000000048725,0.0001722189999995294
G561,deterministic structured generated case,generated,True,4,0,22,1,17,16,16,7482,6211,1.2046369344710997,53,2968,31,16,352,80,16,0,0,0,368,368,576,2,1,1,1,8,4,0,0,1,0.0002113169999997666,0.0009668629999985967,0.0010590710000002446,0.0014827379999999835,0.0008007230000011134,0.0007161860000000075
G562,deterministic structured generated case,generated,True,4,0,20,2,3,16,16,6787,3874,1.7519359834796076,29,1343,8,32,320,90,15,0,17,0,352,352,580,4,2,3,1,6,2,1,0,0,0.0001906760000007779,0.000494242999998562,0.0010449399999998832,0.0011441389999991003,0.0003870209999998764,0.0003577570000015129
G563,deterministic structured generated case,generated,True,5,0,27,1,4,32,24,12392,5094,2.4326658814291324,40,1675,11,32,864,120,12,0,12,8,888,896,1512,2,1,1,1,6,3,0,0,0,0.0002703259999989882,0.0008003720000004932,0.00207423600000034,0.002253995999998537,0.00047874000000014405,0.00047911999999961097
G564,deterministic structured generated case,generated,True,6,0,39,2,11,64,32,28185,9746,2.891955674122717,84,3556,36,128,2496,608,40,8,16,64,2560,2624,5152,4,2,4,0,13,4,2,0,4,0.0006733820000004442,0.002903822000000389,0.006668266999998451,0.007521289000001374,0.0020630500000002883,0.0025107619999999997
G565,deterministic structured generated case,generated,True,1,1,18,1,4,4,2,1983,2365,0.8384778012684989,25,1249,7,4,72,12,3,1,0,0,76,76,108,2,1,1,1,2,1,0,0,0,0.00010950399999920535,0.0002097049999996159,0.00029276000000066915,0.0003214929999995064,0.00014213400000073761,0.00017087600000031955
G566,deterministic structured generated case,generated,True,2,1,31,2,7,8,2,3876,3898,0.9943560800410467,48,2000,12,16,248,44,3,1,4,8,256,264,428,4,2,2,2,4,1,0,3,8,0.00018196299999928556,0.0003357950000015819,0.000769376000000932,0.000809546000001049,0.0002733510000005879,0.00028494800000089526
G567,deterministic structured generated case,generated,True,3,1,22,1,5,16,4,5028,2891,1.7391905914908337,33,1446,9,16,352,56,4,0,4,8,360,368,616,2,1,2,0,4,2,1,2,2,0.00016114199999961443,0.00042900499999909414,0.0009927010000012615,0.001068534999999926,0.0002479320000006169,0.00029488300000046763
G568,deterministic structured generated case,generated,True,4,1,34,2,20,32,12,14412,6955,2.072178289000719,69,3404,29,64,1088,252,26,10,12,16,1136,1152,1980,4,2,2,2,10,3,0,10,10,0.00044933499999899595,0.0023973609999998757,0.002749710999999877,0.004280529999999061,0.0017047720000000766,0.0021902100000001923
G569,deterministic structured generated case,generated,True,5,1,20,1,3,64,24,17735,4371,4.057423930450698,30,1340,9,64,1280,256,24,0,24,16,1328,1344,2336,2,1,1,1,4,2,0,0,0,0.00030304500000077894,0.0013186909999998164,0.0032776040000008777,0.0035296120000012365,0.000645880999998738,0.000703457000000185
G570,deterministic structured generated case,generated,True,6,1,38,2,7,128,32,56353,9360,6.020619658119658,69,3035,28,256,4864,1120,72,24,32,128,4992,5120,9824,4,2,3,1,8,3,1,0,0,0.0010036979999998863,0.004975565000000515,0.012699328000000065,0.014206321999999716,0.0033892519999998427,0.004274331999999603
G571,deterministic structured generated case,generated,True,4,2,24,1,17,64,16,21765,6372,3.4157250470809792,55,3037,31,64,1536,320,64,0,0,0,1600,1600,2560,2,1,1,1,8,4,0,0,1,0.00048742299999915417,0.003101870000000062,0.0037499539999998888,0.005657178999999957,0.0025615580000000193,0.002455237999999582
G572,deterministic structured generated case,generated,True,4,2,27,2,6,64,16,24563,5749,4.272569142459558,43,1999,15,128,1728,456,60,0,68,0,1856,1856,3184,4,2,3,1,6,2,1,0,0,0.0004866819999982397,0.0020583319999989413,0.00466414699999973,0.0052964659999990005,0.0015578200000003761,0.0015783710000008
G573,deterministic structured generated case,generated,True,3,2,25,1,8,32,4,9853,3639,2.7076119813135477,41,1923,15,32,800,128,8,0,8,16,816,832,1408,2,1,2,0,4,2,1,3,4,0.00024626999999988186,0.0008443790000001172,0.0020667049999989473,0.0022026289999992343,0.0005557539999987426,0.0005850089999999142
G574,deterministic structured generated case,generated,True,4,2,36,2,11,64,12,29223,6718,4.349955343852337,61,2905,23,128,2304,464,64,16,16,32,2400,2432,3984,4,2,2,2,8,2,0,2,2,0.0005847189999990121,0.003293828999998638,0.0052132119999992454,0.007080747000001608,0.002395489000001305,0.0028292699999994397
G575,deterministic structured generated case,generated,True,5,2,29,1,7,128,24,43443,5252,8.271706016755521,42,1890,11,128,3712,384,24,8,64,32,3808,3840,6464,2,1,1,1,6,3,0,3,3,0.0007599720000008858,0.0030186749999998597,0.008213870000000512,0.009291047999999691,0.0013267439999999908,0.0019164190000005021
G576,deterministic structured generated case,generated,True,6,2,34,2,13,256,32,99302,12244,8.110258085592944,80,3947,43,512,8704,2560,144,48,64,256,8960,9216,18688,4,2,3,1,8,3,1,0,3,0.00168781500000037,0.012185936999999925,0.026052389000000176,0.03089281899999996,0.008160820000000513,0.01093428599999946
G577,deterministic structured generated case,generated,True,1,0,19,1,3,2,2,1470,2158,0.6811862835959221,24,1007,3,2,38,4,2,0,0,0,40,40,54,2,1,1,1,2,1,0,0,0,0.00011879900000089094,0.00014921400000034168,0.00022505799999983367,0.0002496349999994152,0.00011032599999971637,0.00010417700000076024
G578,deterministic structured generated case,generated,True,2,0,28,2,8,4,2,2534,3111,0.8145290903246545,36,1616,6,8,112,18,1,0,3,4,116,120,182,2,1,1,1,2,1,0,6,12,0.00016352600000146822,0.0003563360000011784,0.00047165900000045724,0.0004588390000002107,0.00019446200000139413,0.0002347620000016093
G579,deterministic structured generated case,generated,True,3,0,21,1,3,8,4,2877,2770,1.0386281588447654,33,1341,9,8,168,28,2,0,2,4,172,176,292,2,1,2,0,4,2,1,0,0,0.00013534300000017652,0.0002881519999995419,0.0005686239999995735,0.0006030260000002841,0.00017580399999950203,0.0001927899999998317
G580,deterministic structured generated case,generated,True,4,0,31,2,15,16,12,8294,6619,1.2530593745278742,68,3289,31,32,496,120,14,6,4,8,520,528,904,4,2,3,1,12,4,1,3,3,0.00030787300000056916,0.0012198429999994431,0.0015417659999990008,0.002106925000001425,0.0008369070000000534,0.001062356000000264
G581,deterministic structured generated case,generated,True,4,0,22,1,17,16,16,7482,6211,1.2046369344710997,53,2968,31,16,352,80,16,0,0,0,368,368,576,2,1,1,1,8,4,0,0,1,0.00021856800000108478,0.0009137429999999114,0.0011422459999987922,0.001544680000000298,0.0008162959999999941,0.000733471999998514
G582,deterministic structured generated case,generated,True,4,0,26,2,6,16,16,8370,5043,1.6597263533610946,40,1870,13,32,416,106,23,0,9,0,448,448,740,4,2,3,1,8,2,1,0,0,0.00022565899999982264,0.0007482750000011862,0.0013340139999993283,0.0015460130000004568,0.0005922199999996991,0.0005653590000012088
G583,deterministic structured generated case,generated,True,1,1,24,1,4,4,2,2376,2806,0.8467569493941554,31,1429,7,4,96,12,3,1,0,0,100,100,148,2,1,1,1,2,1,0,0,1,0.00013021599999873956,0.0002151630000000182,0.00038078200000057905,0.0003904569999999552,0.00016106200000010062,0.00022232400000099517
G584,deterministic structured generated case,generated,True,2,1,36,2,14,8,2,4430,4613,0.960329503576848,57,2342,12,16,288,44,3,1,4,8,296,304,516,4,2,2,2,4,1,0,10,17,0.00022368600000000072,0.00046744199999970704,0.0009358959999996586,0.0010213950000004246,0.0003718690000003022,0.000461864000000034
G585,deterministic structured generated case,generated,True,3,1,22,1,4,16,4,4885,2883,1.6944155393687133,33,1360,8,16,352,52,4,0,4,8,360,368,612,2,1,2,0,2,1,1,1,1,0.0001668909999992252,0.00043943000000012944,0.0010482449999997812,0.0010734719999998532,0.00025287899999959507,0.00029636500000052024
G586,deterministic structured generated case,generated,True,4,1,31,2,10,32,12,14414,5867,2.4567922277143346,57,2863,26,64,992,264,30,6,12,16,1040,1056,1800,4,2,4,0,10,3,2,1,1,0.00039437300000066955,0.0016917920000008024,0.002623070999998589,0.0035516960000006037,0.001393473000000256,0.0014664729999989135
G587,deterministic structured generated case,generated,True,5,1,26,1,5,64,24,20261,4983,4.066024483243027,39,1569,9,64,1664,256,24,0,24,16,1712,1728,2912,2,1,1,1,4,2,0,2,2,0.000411387999999846,0.0016979809999995155,0.004111125999999743,0.004610065999999691,0.0008550449999997767,0.0010210540000006318
G588,deterministic structured generated case,generated,True,6,1,38,2,14,128,32,53864,11082,4.860494495578416,87,4045,43,256,4864,1248,80,16,32,128,4992,5120,9952,4,2,4,0,14,5,2,0,7,0.0011082349999984586,0.006416859999999858,0.013722033999998828,0.016085144999999912,0.004481302000000298,0.005736477999999323
G589,deterministic structured generated case,generated,True,1,2,17,1,4,8,2,3081,2502,1.2314148681055155,24,1234,7,8,136,24,6,2,0,0,144,144,208,2,1,1,1,0,0,0,0,0,0.0001363449999995936,0.0003279230000003963,0.00047305100000016864,0.0005595910000000259,0.0002031549999994553,0.0002167859999993027
G590,deterministic structured generated case,generated,True,2,2,31,2,7,16,2,7049,3856,1.8280601659751037,42,1945,11,32,496,88,8,0,8,16,512,528,840,4,2,2,2,0,0,0,3,7,0.00023347099999959653,0.0005447590000002833,0.0014567480000007293,0.0014687770000012534,0.00046663100000010616,0.0004566459999999495
G591,deterministic structured generated case,generated,True,4,2,24,1,17,64,16,21765,6372,3.4157250470809792,55,3037,31,64,1536,320,64,0,0,0,1600,1600,2560,2,1,1,1,8,4,0,0,1,0.0005328609999999401,0.003210203000000078,0.004027280000000744,0.005761516000001521,0.0027458959999986376,0.002550140999998618
G592,deterministic structured generated case,generated,True,4,2,31,2,18,64,16,28206,6961,4.052004022410573,54,2855,22,128,1984,456,60,0,68,0,2112,2112,3632,4,2,3,1,8,2,1,8,10,0.0006376279999997791,0.003979728000000904,0.005301504000000179,0.007608861000001355,0.0033840939999993935,0.003397284000000056
G593,deterministic structured generated case,generated,True,5,2,25,1,4,128,24,36812,4437,8.296596799639396,33,1466,7,128,3200,352,16,16,64,32,3296,3328,5536,2,1,1,1,4,2,0,2,2,0.0006817139999988342,0.002675048999998708,0.007794991000000806,0.008564998000000656,0.000971439000000629,0.0016079359999991993
G594,deterministic structured generated case,generated,True,6,2,40,2,20,256,32,114232,13268,8.609586976183298,110,5522,66,512,10240,2688,152,40,64,256,10496,10752,21120,4,2,4,0,13,4,2,0,4,0.0021147270000003715,0.015032844000000267,0.02909793399999927,0.03409810600000007,0.010158751000000521,0.012957196000000337
G595,deterministic structured generated case,generated,True,1,0,15,1,2,2,2,1256,1771,0.7092038396386222,19,906,3,2,30,4,1,1,0,0,32,32,42,2,1,1,1,2,1,0,0,0,9.201800000013804e-05,0.00012568900000076155,0.00017879900000039584,0.00020276399999907824,8.970499999882975e-05,8.71909999986542e-05
G596,deterministic structured generated case,generated,True,2,0,32,2,7,4,2,2860,3321,0.8611863896416742,38,1715,6,8,128,18,1,0,3,4,132,136,214,2,1,1,1,2,1,0,5,11,0.00015853799999909768,0.00020969500000056485,0.0004926199999992775,0.0004532409999988829,0.00018098099999974693,0.00021478300000055128
G597,deterministic structured generated case,generated,True,3,0,27,1,5,8,4,3343,3408,0.9809272300469484,43,1566,9,8,216,28,2,0,2,4,220,224,380,2,1,2,0,4,2,1,2,2,0.0001567149999992523,0.0002925600000001083,0.0007091750000007835,0.00067428299999861,0.00020909500000065862,0.00021318000000114523
G598,deterministic structured generated case,generated,True,4,0,27,2,6,16,12,7638,4585,1.665866957470011,40,1890,13,32,432,104,18,0,6,8,456,464,744,4,2,3,1,6,2,1,1,1,0.00021002499999944746,0.0006618530000004341,0.0011896670000002274,0.0013852510000003093,0.0005093449999993283,0.00048281499999980326
G599,deterministic structured generated case,generated,True,5,0,23,1,4,32,24,11159,4687,2.3808406229997865,36,1648,12,32,736,112,6,2,16,8,760,768,1312,2,1,1,1,6,3,0,0,0,0.0002560840000001008,0.000735835999998713,0.001883679999998833,0.0020308510000006663,0.00039014599999909194,0.0004447690000013438
G600,deterministic structured generated case,generated,True,6,0,43,2,20,64,32,29919,11270,2.6547471162377994,107,4590,48,128,2752,608,36,12,16,64,2816,2880,5792,4,2,4,0,14,4,2,7,14,0.0007786899999988606,0.004025668000000593,0.007853417999999834,0.009511859999999928,0.002961269000000044,0.003752026999999103
P001,manual public projection: Reflection1 Class.forName,public_manual,False,0,0,10,1,2,1,1,1027,1377,0.7458242556281772,10,699,1,1,10,1,1,0,0,0,11,11,12,2,1,1,1,0,0,0,0,0,6.598900000120977e-05,0.00010225299999966353,9.567400000065618e-05,0.00010506799999987493,5.140699999905962e-05,5.057599999958029e-05
P002,manual public projection: Reflection1 Class.newInstance,public_manual,False,0,0,10,1,2,1,1,1019,1369,0.7443389335281227,10,696,1,1,10,1,1,0,0,0,11,11,12,2,1,1,1,0,0,0,0,0,6.046100000034471e-05,7.937899999888032e-05,9.196799999955374e-05,0.00010260400000028369,5.1999000000080287e-05,5.159700000056944e-05
P003,manual public projection: Reflection2 Class.forName,public_manual,False,0,0,10,1,2,1,1,1027,1377,0.7458242556281772,10,699,1,1,10,1,1,0,0,0,11,11,12,2,1,1,1,0,0,0,0,0,6.0620999999372316e-05,7.826700000101994e-05,9.165700000046684e-05,0.00010053099999929316,5.075700000034544e-05,7.291900000083729e-05
P004,manual public projection: Reflection2 method reached through reflective instance,public_manual,False,0,0,10,1,2,1,1,995,1345,0.7397769516728625,10,687,1,1,10,1,1,0,0,0,11,11,12,2,1,1,1,0,0,0,0,0,5.956900000114729e-05,8.371599999890122e-05,0.00011043599999993603,0.000104476999998937,5.117699999956926e-05,4.954400000123371e-05
P005,manual public projection: Reflection3 Class.forName,public_manual,False,0,0,10,1,2,1,1,1043,1393,0.7487437185929648,10,705,1,1,10,1,1,0,0,0,11,11,12,2,1,1,1,0,0,0,0,0,6.051099999915266e-05,7.769599999996046e-05,0.00015513299999980745,0.00010518799999914563,5.105600000021582e-05,5.030600000033303e-05
P006,manual public projection: Reflection3 Class.newInstance,public_manual,False,0,0,10,1,2,1,1,1035,1385,0.7472924187725631,10,702,1,1,10,1,1,0,0,0,11,11,12,2,1,1,1,0,0,0,0,0,5.8537999999330737e-05,7.789700000060407e-05,9.067599999923459e-05,0.00010060099999975591,5.0275999999627174e-05,5.0274999999544434e-05
P007,manual public projection: Reflection3 Class.getMethod,public_manual,False,0,0,12,1,2,1,1,1156,1602,0.7215980024968789,13,775,1,1,12,1,1,0,0,0,13,13,14,2,1,1,1,0,0,0,0,0,8.828200000010611e-05,8.747200000058797e-05,0.00010502799999834167,0.0001137709999987635,5.732600000030175e-05,5.610400000044535e-05
P008,manual public projection: Reflection3 Class.getMethod,public_manual,False,0,0,10,1,2,1,1,1043,1393,0.7487437185929648,10,705,1,1,10,1,1,0,0,0,11,11,12,2,1,1,1,0,0,0,0,0,5.860799999979349e-05,7.586399999937044e-05,8.931400000022904e-05,9.855799999947124e-05,5.014499999944633e-05,5.0205000000858035e-05
P009,manual public projection: Reflection4 Class.forName,public_manual,False,0,0,10,1,2,1,1,1027,1377,0.7458242556281772,10,699,1,1,10,1,1,0,0,0,11,11,12,2,1,1,1,0,0,0,0,0,5.9849999999528336e-05,7.7606999999702e-05,8.964500000097075e-05,0.00010009000000010815,4.868299999927217e-05,4.9564999999418546e-05
P010,manual public projection: Reflection4 member reached through reflective instance,public_manual,False,0,0,10,1,2,1,1,1051,1435,0.732404181184669,11,708,1,1,10,1,1,0,0,0,11,11,12,2,1,1,1,0,0,0,0,0,5.856699999995385e-05,7.562300000074629e-05,9.237899999980925e-05,0.00016500799999974447,5.127700000073787e-05,5.014499999944633e-05
P011,manual public projection: Reflection4 member reached through reflective instance,public_manual,False,0,0,10,1,2,1,1,1043,1427,0.7309039943938332,11,705,1,1,10,1,1,0,0,0,11,11,12,2,1,1,1,0,0,0,0,0,6.0371000000003505e-05,7.785699999907081e-05,9.244900000027201e-05,0.00010334599999950456,5.149699999940083e-05,5.026500000049339e-05
P012,source-extracted public case: Reflection5 Class.forName,public_source_extracted,False,0,0,5,1,2,1,1,968,1201,0.8059950041631974,6,606,1,1,5,1,1,0,0,0,6,6,7,2,1,1,1,0,0,0,0,0,4.9734999999273555e-05,6.827299999834224e-05,6.822199999945155e-05,7.90889999997546e-05,4.201299999984087e-05,4.191300000044862e-05
P013,source-extracted public case: Reflection5 Class.getConstructor,public_source_extracted,False,0,0,5,1,2,1,1,1008,1241,0.8122481869460113,6,621,1,1,5,1,1,0,0,0,6,6,7,2,1,1,1,0,0,0,0,0,4.953500000048905e-05,6.843300000092256e-05,6.892300000060914e-05,8.082199999925876e-05,6.02099999991168e-05,4.3615999999246924e-05
P014,source-extracted public case: Reflection6 Class.forName,public_source_extracted,False,0,0,5,1,2,1,1,968,1201,0.8059950041631974,6,606,1,1,5,1,1,0,0,0,6,6,7,2,1,1,1,0,0,0,0,0,4.8543000000123016e-05,6.742100000067808e-05,6.911400000042534e-05,7.950000000001012e-05,4.191299999867226e-05,4.3254999999575716e-05
P015,source-extracted public case: Reflection6 Class.getConstructors,public_source_extracted,False,0,0,5,1,2,1,1,1024,1257,0.8146380270485283,6,627,1,1,5,1,1,0,0,0,6,6,7,2,1,1,1,0,0,0,0,0,5.0626000000164595e-05,7.148799999967537e-05,6.94740000000138e-05,8.108200000123134e-05,4.29549999996226e-05,4.3444999999309175e-05
P016,source-extracted public case: Reflection7 Class.forName,public_source_extracted,False,0,0,5,1,2,1,1,968,1201,0.8059950041631974,6,606,1,1,5,1,1,0,0,0,6,6,7,2,1,1,1,0,0,0,0,0,4.791199999942819e-05,6.766200000107858e-05,6.699999999959516e-05,7.877900000075044e-05,4.0009999999313095e-05,4.419600000105106e-05
P017,source-extracted public case: Reflection7 Class.getConstructor,public_source_extracted,False,0,0,5,1,2,1,1,1008,1241,0.8122481869460113,6,621,1,1,5,1,1,0,0,0,6,6,7,2,1,1,1,0,0,0,0,0,5.0726000001333205e-05,6.879300000051103e-05,6.95439999987002e-05,7.938999999979046e-05,4.0339999999972065e-05,4.208400000038637e-05
P018,source-extracted public case: Reflection7 Class.getMethod,public_source_extracted,False,0,0,5,1,2,1,1,1016,1249,0.8134507606084868,6,624,1,1,5,1,1,0,0,0,6,6,7,2,1,1,1,0,0,0,0,0,4.968499999868925e-05,7.030600000135223e-05,6.94340000002569e-05,8.073100000061117e-05,4.1402000000800854e-05,4.29149999998657e-05
P019,source-extracted public case: Reflection7 Class.getMethod,public_source_extracted,False,0,0,5,1,2,1,1,968,1201,0.8059950041631974,6,606,1,1,5,1,1,0,0,0,6,6,7,2,1,1,1,0,0,0,0,0,5.0084999999810975e-05,6.870300000016982e-05,6.896300000036604e-05,7.825800000027527e-05,4.0461000001101866e-05,5.74559999986235e-05
P020,source-extracted public case: Reflection8 ClassLoader.loadClass,public_source_extracted,False,0,0,5,1,2,1,1,936,1169,0.8006843455945253,6,594,1,1,5,1,1,0,0,0,6,6,7,2,1,1,1,0,0,0,0,0,5.113599999972962e-05,6.927499999953568e-05,6.715000000134808e-05,9.564299999986758e-05,4.214400000002172e-05,4.206300000042518e-05
P021,source-extracted public case: Reflection8 Class.newInstance,public_source_extracted,False,0,0,5,1,2,1,1,928,1161,0.7993109388458226,6,591,1,1,5,1,1,0,0,0,6,6,7,2,1,1,1,0,0,0,0,0,4.992500000078337e-05,6.83929999993893e-05,8.43269999997176e-05,7.827800000015372e-05,3.968899999939879e-05,4.047100000015291e-05
P022,source-extracted public case: Reflection9 ClassLoader.loadClass,public_source_extracted,False,0,0,5,1,2,1,1,936,1169,0.8006843455945253,6,594,1,1,5,1,1,0,0,0,6,6,7,2,1,1,1,0,0,0,0,0,5.028600000045458e-05,8.708000000012817e-05,6.862299999887966e-05,7.996999999981824e-05,4.118200000036154e-05,4.3194999999940364e-05
P023,source-extracted public case: Reflection9 Class.newInstance,public_source_extracted,False,0,0,5,1,2,1,1,928,1161,0.7993109388458226,6,591,1,1,5,1,1,0,0,0,6,6,7,2,1,1,1,0,0,0,0,0,4.932399999901804e-05,6.787200000069049e-05,6.792199999949844e-05,8.012999999884585e-05,4.247300000059795e-05,4.227400000011983e-05
P024,source-extracted public case: Reflection9 Class.getField,public_source_extracted,False,0,0,5,1,2,1,1,936,1169,0.8006843455945253,6,594,1,1,5,1,1,0,0,0,6,6,7,2,1,1,1,0,0,0,0,0,4.891299999876253e-05,6.838300000033826e-05,6.727100000070152e-05,7.942000000049632e-05,4.014000000118756e-05,4.179299999940156e-05
P025,source-extracted public case: Reflection9 Class.getMethod,public_source_extracted,False,0,0,5,1,2,1,1,936,1169,0.8006843455945253,6,594,1,1,5,1,1,0,0,0,6,6,7,2,1,1,1,0,0,0,0,0,4.795199999918509e-05,6.468700000006322e-05,6.752200000015307e-05,7.752600000010546e-05,4.0071000000807544e-05,4.24530000007195e-05
P026,source-extracted public case: Reflection10 ClassLoader.loadClass,public_source_extracted,False,0,0,5,1,2,1,1,944,1177,0.8020390824129142,6,597,1,1,5,1,1,0,0,0,6,6,7,2,1,1,1,0,0,0,0,0,4.8923999999672674e-05,6.897299999941708e-05,6.876399999988791e-05,8.004999999933204e-05,4.089099999937673e-05,7.357000000141056e-05
P027,source-extracted public case: Reflection10 Class.getConstructor,public_source_extracted,False,0,0,5,1,2,1,1,984,1217,0.8085456039441249,6,612,1,1,5,1,1,0,0,0,6,6,7,2,1,1,1,0,0,0,0,0,4.876399999886871e-05,6.831199999979276e-05,6.620999999995547e-05,0.00010393599999858338,4.155300000086015e-05,4.214299999993898e-05
P028,source-extracted public case: Reflection10 Class.getField,public_source_extracted,False,0,0,5,1,2,1,1,944,1177,0.8020390824129142,6,597,1,1,5,1,1,0,0,0,6,6,7,2,1,1,1,0,0,0,0,0,4.9383999998653394e-05,6.80820000003024e-05,6.829299999999705e-05,7.841799999930288e-05,4.033000000092102e-05,4.1653000000252405e-05
P029,source-extracted public case: Reflection11 Class.forName,public_source_extracted,False,0,0,5,1,2,1,1,992,1225,0.809795918367347,6,615,1,1,5,1,1,0,0,0,6,6,7,2,1,1,1,0,0,0,0,0,4.780200000098489e-05,6.717099999953291e-05,6.643999999944583e-05,7.755599999903495e-05,4.052100000073722e-05,4.159300000061705e-05
P030,source-extracted public case: Reflection11 Class.newInstance,public_source_extracted,False,0,0,5,1,2,1,1,984,1217,0.8085456039441249,6,612,1,1,5,1,1,0,0,0,6,6,7,2,1,1,1,0,0,0,0,0,4.826199999996561e-05,6.741199999993341e-05,6.634900000079824e-05,7.923899999973116e-05,3.957999999926187e-05,4.1952999998429163e-05
P031,source-extracted public case: Reflection11 Class.getMethod,public_source_extracted,False,0,0,5,1,2,1,1,1040,1273,0.816967792615868,6,633,1,1,5,1,1,0,0,0,6,6,7,2,1,1,1,0,0,0,0,0,4.942500000026939e-05,6.958400000023346e-05,6.745200000146667e-05,7.825700000019253e-05,3.847799999867618e-05,4.0321000000176355e-05
P032,source-extracted public case: Reflection11 Class.getMethod,public_source_extracted,False,0,0,5,1,2,1,1,992,1225,0.809795918367347,6,615,1,1,5,1,1,0,0,0,6,6,7,2,1,1,1,0,0,0,0,0,4.6980000000473865e-05,6.634000000005358e-05,6.54579999999072e-05,7.66559999991756e-05,3.970899999927724e-05,4.1011999998730175e-05
P033,source-extracted public case: Reflection12 Class.forName,public_source_extracted,False,0,0,5,1,2,1,1,976,1209,0.8072787427626137,6,609,1,1,5,1,1,0,0,0,6,6,7,2,1,1,1,0,0,0,0,0,4.890299999971148e-05,6.731100000045842e-05,6.622999999983392e-05,7.895799999957376e-05,4.0341000000054805e-05,4.119199999941259e-05
P034,source-extracted public case: Reflection12 Class.getConstructor,public_source_extracted,False,0,0,5,1,2,1,1,1016,1249,0.8134507606084868,6,624,1,1,5,1,1,0,0,0,6,6,7,2,1,1,1,0,0,0,0,0,4.755199999983972e-05,6.667000000071255e-05,6.751099999924293e-05,7.844800000000873e-05,4.031100000112531e-05,4.193299999855071e-05
P035,source-extracted public case: Reflection12 Class.getField,public_source_extracted,False,0,0,5,1,2,1,1,976,1209,0.8072787427626137,6,609,1,1,5,1,1,0,0,0,6,6,7,2,1,1,1,0,0,0,0,0,4.8332000000428366e-05,6.577899999982151e-05,6.654000000061444e-05,7.827800000015372e-05,4.049100000003136e-05,5.60739999997395e-05
P036,source-extracted public case: Reflection12 Class.getField,public_source_extracted,False,0,0,5,1,2,1,1,976,1209,0.8072787427626137,6,609,1,1,5,1,1,0,0,0,6,6,7,2,1,1,1,0,0,0,0,0,4.8772999999613376e-05,6.578799999878981e-05,8.528899999937778e-05,8.263399999997034e-05,4.01810000010272e-05,4.117100000122775e-05
P037,source-extracted public case: Reflection13 Class.forName,public_source_extracted,False,0,0,5,1,2,1,1,976,1209,0.8072787427626137,6,609,1,1,5,1,1,0,0,0,6,6,7,2,1,1,1,0,0,0,0,0,4.694999999976801e-05,6.440699999998856e-05,8.30049999986926e-05,7.75459999999839e-05,4.002100000022324e-05,4.10610000010081e-05
P038,source-extracted public case: Reflection13 Class.getConstructor,public_source_extracted,False,0,0,5,1,2,1,1,1016,1249,0.8134507606084868,6,624,1,1,5,1,1,0,0,0,6,6,7,2,1,1,1,0,0,0,0,0,4.904299999886064e-05,6.70110000005053e-05,6.542799999920135e-05,7.76970000000432e-05,4.039100000063911e-05,4.1983000000911375e-05
P039,source-extracted public case: Reflection13 Class.getFields,public_source_extracted,False,0,0,5,1,2,1,1,1032,1265,0.8158102766798419,6,630,1,1,5,1,1,0,0,0,6,6,7,2,1,1,1,0,0,0,0,0,4.7631999999353525e-05,6.716100000048186e-05,6.610900000048048e-05,7.713599999981113e-05,3.913900000007686e-05,4.102099999947484e-05
P040,source-extracted public case: Reflection13 Class.getField,public_source_extracted,False,0,0,5,1,2,1,1,976,1209,0.8072787427626137,6,609,1,1,5,1,1,0,0,0,6,6,7,2,1,1,1,0,0,0,0,0,4.7090999998999905e-05,6.407599999924685e-05,6.55080000004915e-05,7.873899999921719e-05,4.041000000043482e-05,4.104199999943603e-05
